Table II-513: Daily flow at Ghunsa intake transported from Tamor at Mulghat in 1965
Day
Jan
Feb
Mar
Apr
May
Jun
Jul
Aug
Sep
Oct
Nov
Dec
1
8.597
7.669
6.581
6.680
12.370
18.369
91.291
74.962
74.220
30.430
15.933
12.617
2
8.597
7.669
6.482
9.723
14.745
21.524
70.509
70.880
76.076
29.224
21.276
12.370
3
8.597
7.669
6.383
8.461
21.573
32.286
60.953
68.282
61.788
27.833
16.130
12.222
4
8.461
7.546
6.383
6.680
15.933
23.565
48.985
71.622
57.613
26.255
20.287
12.073
5
8.461
7.546
6.284
6.086
13.854
22.915
49.264
79.044
57.335
27.833
24.344
11.925
6
8.325
7.546
6.185
6.086
11.677
24.678
95.002
62.623
56.778
24.678
21.474
11.628
7
8.461
7.546
6.086
5.789
14.646
26.070
84.611
95.002
52.882
28.575
20.980
11.479
8
8.461
7.422
5.987
6.383
10.985
19.761
71.993
118.288
61.510
23.750
18.209
11.331
9
8.461
7.422
5.888
6.086
10.490
18.462
67.540
88.693
64.850
23.936
16.526
11.182
10
8.461
7.422
5.789
6.680
11.380
25.420
70.138
123.855
62.066
23.379
15.537
10.886
11
8.461
7.422
5.604
7.546
12.964
51.397
59.376
123.391
56.036
21.245
15.240
10.762
12
8.325
7.422
5.604
8.597
11.776
44.996
57.892
122.927
51.119
20.782
14.943
10.638
13
8.325
7.422
5.604
14.473
13.261
61.788
73.849
108.732
54.459
19.668
14.349
10.515
14
8.325
7.298
5.517
11.850
13.558
51.583
61.232
124.319
58.634
19.483
14.349
10.391
15
8.325
7.298
5.517
11.170
12.667
38.780
83.126
115.969
64.293
18.926
13.854
10.267
16
8.325
7.298
5.517
11.170
14.052
50.284
57.613
93.888
56.036
18.369
13.459
10.143
17
8.325
7.175
5.430
11.987
13.755
45.645
55.016
89.064
67.169
17.906
12.964
10.020
18
8.325
7.175
5.430
15.339
15.834
63.736
71.251
87.951
64.015
17.813
12.964
9.772
19
8.325
7.051
5.517
10.898
21.771
66.241
63.458
117.360
54.923
19.019
12.667
9.649
20
8.325
7.051
7.175
10.317
19.594
53.160
54.737
89.806
49.913
18.184
12.271
9.525
21
8.189
7.051
6.086
10.613
23.750
56.036
52.140
98.342
48.243
18.741
11.974
9.401
22
8.189
6.927
5.789
8.733
17.120
44.532
48.521
79.044
49.913
18.462
11.776
9.278
23
8.189
6.927
6.284
8.461
19.099
40.543
56.036
71.622
50.748
17.256
11.578
9.154
24
8.053
6.804
6.284
8.597
18.506
51.583
95.002
73.478
54.923
16.143
11.479
9.030
25
8.053
6.804
5.987
9.141
15.240
42.955
73.478
79.044
60.118
15.401
11.182
8.906
26
8.053
6.680
5.789
14.473
15.339
41.656
60.675
74.220
46.016
15.122
10.985
8.783
27
8.053
6.680
6.927
11.578
16.130
46.202
56.314
77.931
54.181
14.844
10.886
8.659
28
7.917
6.581
9.005
10.762
30.381
50.562
55.294
81.642
41.842
14.380
10.688
8.535
29
7.917
-
7.175
11.578
30.381
60.211
53.995
85.724
38.687
14.937
10.490
8.412
30
7.793
- 
7.051
16.081
26.323
56.778
54.737
89.806
35.718
14.658
10.292
8.288
31
7.793
- 
7.298
- 
22.563
-
57.057
67.911
-
15.957
-
8.164


Table II-514: Daily flow at Ghunsa intake transported from Tamor at Mulghat in 1966
Day
Jan
Feb
Mar
Apr
May
Jun
Jul
Aug
Sep
Oct
Nov
Dec
1
8.041
6.383
5.109
4.416
9.065
15.772
194.92
83.126
101.125
37.852
19.693
16.452
2
7.917
6.284
5.109
4.503
8.610
19.854
78.673
100.19
107.155
36.646
19.099
16.081
3
7.793
6.284
5.109
4.416
10.985
21.802
90.548
86.466
103.444
36.646
19.000
16.823
4
13.607
6.185
5.195
3.897
10.985
23.936
76.447
87.951
107.155
35.533
18.407
16.205
5
17.565
6.086
5.109
4.243
8.511
19.854
91.847
115.04
106.227
39.244
18.802
15.710
6
11.182
6.086
5.393
4.416
9.183
30.894
81.642
90.920
97.414
37.110
18.407
15.463
7
9.772
5.888
4.849
4.849
16.724
20.967
73.478
83.869
94.167
33.677
18.011
15.091
8
9.154
5.888
4.676
4.936
8.946
19.947
68.282
77.189
105.300
31.544
17.417
14.968
9
8.906
5.888
4.936
4.416
8.708
26.441
61.603
85.353
126.174
30.152
17.219
14.844
10
8.659
6.581
4.676
4.243
7.818
33.399
74.591
83.498
114.113
29.224
16.823
14.720
11
8.412
6.383
4.676
4.243
7.917
25.977
86.837
89.806
92.775
27.833
16.526
14.349
12
8.164
6.086
4.762
4.070
7.125
52.418
84.240
83.869
101.589
26.905
16.427
14.226
13
7.917
6.185
4.676
4.070
6.531
76.076
83.126
96.022
96.486
25.791
16.229
13.854
14
7.793
10.51
4.416
4.070
7.422
44.903
79.787
79.044
90.177
25.235
16.229
13.731
15
7.546
7.669
4.503
4.676
9.777
37.574
74.962
85.353
92.775
24.493
16.229
13.854
16
7.422
6.779
4.243
11.331
10.688
47.408
66.056
76.818
126.174
23.936
16.130
13.607
17
7.422
6.185
4.503
6.383
10.490
36.924
87.580
88.693
103.908
23.750
15.933
13.360
18
7.422
5.987
4.503
5.987
10.292
32.471
100.66
82.013
90.920
24.122
15.339
13.360
19
7.298
5.789
4.849
5.888
9.995
33.677
72.736
84.240
77.189
23.565
15.240
13.236
20
7.175
5.888
4.762
5.789
9.183
29.410
87.580
85.724
72.736
23.194
14.943
13.236
21
6.977
5.789
4.416
5.195
11.578
28.482
104.37
108.55
77.189
27.369
14.646
13.112
22
6.878
5.591
4.070
7.546
12.370
37.388
96.022
106.69
71.993
32.007
14.448
12.989
23
6.779
5.492
4.156
10.020
26.125
46.016
79.415
179.71
59.376
25.606
14.349
12.989
24
6.581
5.294
4.243
7.076
14.448
44.068
138.04
96.486
54.923
24.122
14.349
12.865
25
6.482
5.294
4.243
10.515
25.730
53.531
104.84
99.733
51.026
23.565
14.151
12.617
26
6.680
5.195
5.294
7.669
27.511
37.852
98.805
91.383
45.738
20.596
13.854
12.494
27
6.977
5.393
6.581
9.154
19.099
39.429
102.98
102.05
44.068
20.132
13.558
12.494
28
6.779
5.492
5.690
7.546
17.615
40.172
96.486
107.62
40.728
19.483
13.459
12.370
29
6.779
-
6.086
8.659
20.287
38.502
86.837
113.65
39.244
19.204
13.459
12.222
30
6.581
-
4.936
12.989
18.407
38.502
78.673
150.57
37.574
18.926
13.261
12.073
31
6.383
-
4.589
-
14.349
-
90.548
107.62
-
18.648
-
12.073


Table II-515: Daily flow at Ghunsa intake transported from Tamor at Mulghat in 1967
Day
Jan
Feb
Mar
Apr
May
Jun
Jul
Aug
Sep
Oct
Nov
Dec
1
12.073
9.401
8.041
8.535
25.532
35.255
45.738
49.913
49.635
39.893
18.407
16.452
2
11.925
9.401
8.041
8.659
15.933
36.461
64.200
46.851
45.181
40.450
18.604
16.205
3
11.776
9.401
8.041
10.267
12.964
36.646
45.738
45.181
44.346
37.852
18.209
16.081
4
11.776
9.278
7.917
10.267
14.349
49.913
43.233
49.078
47.408
34.791
18.209
15.710
5
11.628
9.154
7.917
10.143
12.271
38.316
47.965
55.665
49.635
32.193
17.219
15.834
6
11.479
9.278
7.669
9.525
10.688
33.677
46.851
53.253
46.295
31.544
16.724
15.339
7
11.331
9.154
7.546
9.030
10.985
28.760
46.016
62.716
52.140
30.894
16.427
15.339
8
11.182
9.030
7.546
8.783
9.995
20.411
142.502
83.126
48.243
29.966
16.229
15.091
9
11.034
9.030
7.546
8.535
15.834
27.833
126.174
90.177
50.748
29.039
16.427
15.091
10
10.886
9.030
8.288
7.793
25.532
37.110
136.379
70.880
56.407
27.183
16.229
14.720
11
10.638
8.906
7.793
7.546
23.948
29.039
86.095
71.251
63.458
26.441
15.933
14.473
12
10.638
8.906
7.917
7.422
20.287
65.314
76.818
67.911
51.305
25.977
15.933
14.473
13
10.515
8.659
8.041
7.422
14.646
72.736
83.869
97.414
49.913
24.122
15.933
14.349
14
10.391
8.659
9.278
7.546
15.042
46.573
109.475
66.798
47.686
23.008
15.834
14.226
15
10.638
8.535
9.154
8.906
11.875
39.893
68.654
68.282
46.016
22.452
15.339
13.978
16
10.515
8.659
8.535
9.896
16.724
36.924
129.143
108.083
48.521
21.802
15.042
13.854
17
10.391
8.535
9.401
10.886
13.755
32.007
68.654
68.654
44.625
21.617
14.745
13.731
18
10.391
8.535
8.659
35.626
14.349
32.193
106.691
96.022
40.728
20.782
14.745
13.607
19
10.267
8.535
8.783
27.709
23.058
77.189
66.798
65.685
46.016
20.132
14.448
13.607
20
10.143
8.783
8.659
16.576
18.802
94.167
65.685
60.118
58.263
19.854
14.349
13.236
21
10.020
8.906
9.896
14.968
17.021
49.078
67.169
61.974
48.521
19.483
14.151
13.236
22
9.896
9.154
12.222
12.989
25.928
56.407
142.502
68.654
46.573
19.019
14.052
12.865
23
10.020
8.535
10.143
13.978
19.297
56.036
86.466
67.911
46.573
18.741
14.052
12.865
24
9.896
8.412
21.029
16.576
20.485
37.852
87.209
56.778
51.026
18.462
13.854
13.112
25
9.896
8.164
12.494
12.989
29.490
38.316
121.535
60.489
71.993
18.369
14.646
12.989
26
9.772
8.164
10.267
13.236
30.480
54.552
73.107
59.376
58.263
18.091
14.151
12.989
27
9.649
8.164
9.896
13.854
23.355
59.005
64.943
60.860
43.511
17.813
13.558
12.865
28
9.649
8.164
9.649
16.081
21.969
51.583
90.548
67.540
41.563
17.627
13.558
12.617
29
9.525
-
9.278
16.205
20.584
61.974
67.169
52.140
37.852
17.256
13.558
12.617
30
9.525
-
8.906
13.236
26.125
51.305
59.747
46.573
36.646
17.071
13.261
12.370
31
9.401
-
8.535
-
36.120
-
54.552
46.851
-
16.700
-
12.370


Table II-516: Daily flow at Ghunsa intake transported from Tamor at Mulghat in 1968
Day
Jan
Feb
Mar
Apr
May
Jun
Jul
Aug
Sep
Oct
Nov
Dec
1
12.222
10.886
9.278
10.267
20.485
26.441
40.728
87.580
56.036
49.913
30.678
21.276
2
12.222
10.886
9.278
10.020
19.990
27.833
45.460
82.013
57.521
48.800
30.974
20.534
3
12.222
10.762
9.154
9.896
20.485
32.193
106.23
97.414
62.345
96.950
29.985
20.039
4
12.073
10.638
9.030
10.391
21.474
24.307
77.560
132.483
90.177
283.89
29.391
18.060
5
11.925
10.515
8.906
10.020
19.297
19.668
82.755
88.322
63.458
222.66
28.006
17.813
6
11.925
10.515
8.906
9.525
76.001
19.668
84.982
84.982
60.860
218.02
25.730
18.060
7
11.776
10.267
9.030
10.143
17.813
28.575
75.333
82.384
57.521
208.74
25.730
18.060
8
12.222
10.267
9.278
10.143
15.933
29.966
72.736
77.931
66.056
116.15
25.136
17.813
9
11.925
10.143
9.030
12.865
15.240
38.687
52.975
106.69
63.829
59.005
35.922
17.689
10
11.925
10.020
10.020
11.628
15.636
41.563
55.665
92.311
54.181
43.883
34.240
17.442
11
11.925
10.020
9.525
12.370
14.349
52.696
72.736
87.951
51.583
41.934
35.230
17.442
12
11.628
9.896
12.989
13.731
11.578
36.646
88.322
77.560
47.408
29.874
32.855
17.194
13
11.479
9.896
12.073
11.628
11.182
42.120
105.76
79.787
44.903
43.883
32.855
16.700
14
11.628
9.649
11.331
11.776
14.943
67.911
63.458
67.911
44.068
47.779
30.974
16.452
15
11.925
9.649
12.073
11.479
12.073
44.068
96.022
66.056
59.376
42.677
29.688
16.205
16
11.628
9.649
12.865
13.978
12.271
40.728
135.82
72.365
56.036
40.821
28.500
16.081
17
11.331
9.525
15.339
13.112
14.646
40.172
138.61
83.869
54.181
32.657
28.797
15.834
18
11.182
9.525
13.607
13.360
18.209
63.829
131.37
79.044
55.294
40.821
28.204
16.081
19
11.034
9.401
13.236
12.865
12.568
81.642
94.631
76.818
48.521
35.626
25.730
15.834
20
11.034
9.278
13.236
14.226
23.256
92.775
130.81
104.37
54.923
40.821
25.433
15.834
21
10.886
9.525
13.112
15.339
27.709
113.19
95.558
83.126
61.974
34.976
24.344
15.586
22
11.034
9.649
11.182
16.823
19.693
52.418
118.75
86.837
48.800
31.451
24.047
15.586
23
10.762
9.525
10.762
15.091
21.177
53.253
127.57
96.022
64.943
58.541
23.849
15.586
24
10.762
9.401
11.182
14.226
23.948
48.243
91.383
131.93
67.169
56.593
23.552
15.463
25
10.638
9.278
11.331
12.865
20.485
48.243
87.209
84.982
66.056
50.748
23.355
14.968
26
10.638
9.401
10.762
15.339
20.782
46.573
194.92
85.724
63.829
48.243
22.860
15.586
27
10.762
9.278
10.515
12.989
28.698
65.314
93.239
81.642
61.974
48.614
22.068
13.978
28
10.762
9.154
10.391
16.823
24.146
56.778
92.311
87.209
70.880
47.037
21.375
13.607
29
11.331
9.649
10.267
17.937
36.120
57.521
97.878
82.013
63.087
44.625
20.386
13.483
30
11.479
-
10.762
20.163
29.193
52.975
93.239
76.076
64.571
43.140
17.714
13.236
31
11.331
-
10.515
-
30.480
-
90.548
66.427
-
41.192
-
13.483



Table II-517: Daily flow at Ghunsa intake transported from Tamor at Mulghat in 1969
Day
Jan
Feb
Mar
Apr
May
Jun
Jul
Aug
Sep
Oct
Nov
Dec
1
12.741
10.935
8.201
9.154
10.886
16.978
82.570
60.118
60.118
42.491
19.891
12.989
2
12.494
10.762
8.201
8.882
11.479
27.554
72.272
63.644
92.589
41.099
19.594
12.865
3
12.321
10.762
8.065
8.610
13.755
26.441
78.952
61.417
69.025
38.502
19.396
12.617
4
12.147
10.762
7.929
8.610
11.182
66.149
69.210
72.365
92.033
36.275
19.000
12.865
5
12.741
10.119
7.929
8.337
23.058
153.91
77.467
87.672
72.365
34.791
19.000
11.875
6
12.494
9.958
7.929
8.201
12.964
61.603
86.652
70.973
81.549
34.420
18.506
11.875
7
11.801
9.797
7.929
8.746
12.667
83.034
76.910
80.529
72.365
32.100
18.110
11.714
8
11.628
9.797
7.929
9.475
13.162
87.672
76.910
67.633
76.910
32.100
17.912
11.714
9
11.628
9.475
7.793
10.440
11.182
132.39
167.27
88.786
55.572
31.451
17.714
11.554
10
10.762
9.475
8.065
10.279
9.579
90.920
77.931
93.703
55.108
33.213
17.714
11.393
11
10.279
9.475
8.610
10.279
9.579
57.521
69.488
84.054
50.841
31.729
18.110
11.232
12
9.958
9.636
8.201
9.797
36.219
62.623
71.901
109.660
44.532
27.740
17.714
11.232
13
10.279
9.315
7.929
11.281
17.714
53.810
93.146
61.417
48.150
26.905
17.318
11.071
14
10.440
9.797
8.337
13.236
14.151
60.025
123.95
71.437
94.816
25.884
17.120
10.910
15
9.958
9.636
7.929
11.974
19.891
76.447
106.41
58.448
108.36
28.760
17.120
10.910
16
9.958
9.315
8.473
10.601
13.360
79.972
80.529
58.448
82.570
26.441
16.526
10.750
17
10.119
9.154
9.315
21.029
19.000
47.037
68.097
70.973
98.713
25.606
16.130
10.589
18
10.440
9.154
8.473
12.494
50.569
46.202
55.108
86.652
136.29
25.420
15.339
10.428
19
10.279
9.154
10.440
12.321
23.552
46.573
61.417
66.798
56.407
24.122
13.261
10.267
20
10.279
9.018
10.601
11.801
17.417
55.665
54.366
61.417
64.108
24.122
12.568
10.119
21
9.797
9.018
10.762
12.147
17.417
70.787
55.943
72.365
47.779
23.843
12.073
9.970
22
9.636
8.610
10.935
11.801
26.026
62.623
50.470
69.952
58.077
22.915
11.776
9.822
23
9.636
8.473
18.060
11.974
28.500
79.508
63.180
66.334
45.924
22.915
10.985
9.822
24
9.315
8.610
14.597
11.628
67.293
74.406
51.954
78.488
47.408
22.452
11.479
9.673
25
11.281
8.473
10.119
11.108
29.391
79.508
93.703
83.590
57.613
21.802
11.479
9.525
26
12.865
8.337
10.279
10.935
42.751
66.705
72.365
57.242
49.264
20.503
11.281
9.376
27
12.147
8.337
10.601
11.281
99.950
54.273
138.98
65.406
50.470
20.503
11.182
9.376
28
11.281
8.337
9.797
11.108
69.470
50.284
131.74
68.097
55.572
20.132
10.985
9.228
29
11.281
-
9.797
11.108
28.204
45.831
83.590
65.870
55.572
20.689
10.886
8.931
30
11.108
-
9.797
27.338
20.584
43.140
61.046
65.870
36.924
19.854
10.688
8.931
31
10.935
-
9.018
-
16.823
-
55.572
69.952
-
19.483
-
8.931


Table II-518: Daily flow at Ghunsa intake transported from Tamor at Mulghat in 1970
Day
Jan
Feb
Mar
Apr
May
Jun
Jul
Aug
Sep
Oct
Nov
Dec
1
8.783
7.966
7.175
7.558
11.479
13.081
46.295
82.013
47.408
61.881
12.568
8.783
2
8.783
7.830
7.175
6.680
13.558
17.163
51.954
80.529
45.553
72.365
12.271
8.647
3
8.647
7.694
6.927
6.680
11.281
21.802
59.283
138.235
42.769
52.418
13.459
8.511
4
8.647
7.694
6.927
6.556
14.448
21.153
86.188
84.054
43.140
44.903
11.974
8.511
5
8.374
7.694
7.051
6.185
12.766
16.421
49.727
94.816
47.408
39.800
11.776
8.374
6
8.511
7.422
6.927
6.309
11.578
17.349
76.354
161.429
43.790
39.151
11.479
8.238
7
8.511
7.966
6.680
5.987
9.995
14.751
51.212
138.235
45.924
38.223
11.578
8.102
8
8.374
7.694
6.556
7.051
8.471
17.627
63.180
179.798
39.800
37.203
11.281
8.102
9
8.511
7.558
6.432
6.680
8.728
64.943
63.180
212.455
45.274
33.213
10.985
7.830
10
8.374
7.558
6.680
6.556
8.600
65.870
85.631
121.350
49.727
31.729
10.886
7.830
11
8.238
7.422
7.051
6.086
9.243
20.689
61.046
104.465
46.666
30.059
10.391
7.694
12
8.238
7.422
7.694
6.185
11.281
70.973
75.333
131.741
42.491
29.317
10.391
7.694
13
8.102
7.298
7.966
7.558
10.589
40.172
136.286
116.804
45.924
28.204
10.292
7.694
14
7.966
7.175
7.175
8.374
11.479
28.204
87.672
81.549
45.274
27.925
9.649
7.558
15
7.966
7.051
6.927
7.966
11.776
40.450
177.29
85.631
66.334
25.884
9.500
7.558
16
7.830
7.175
6.680
7.694
28.204
34.791
119.40
90.920
50.470
24.864
9.243
7.422
17
7.830
6.927
6.680
23.503
130.13
53.160
80.993
95.373
46.666
22.915
9.114
7.422
18
7.830
6.927
7.175
16.328
26.323
41.749
69.488
76.354
33.863
21.617
8.986
7.422
19
7.694
7.051
7.175
9.673
16.130
30.337
75.890
69.025
34.791
19.483
8.857
7.422
20
7.694
11.071
6.927
8.238
13.459
24.122
103.166
67.169
51.212
18.648
8.728
7.298
21
7.830
8.931
6.804
7.558
12.766
25.884
85.631
46.295
47.779
17.163
8.600
7.298
22
7.966
8.931
6.680
8.238
15.240
61.417
121.350
46.666
46.666
16.236
8.342
7.175
23
7.966
7.966
6.556
7.966
12.073
69.025
94.816
51.583
68.561
16.050
8.214
7.175
24
7.694
8.238
6.556
9.080
12.073
78.488
151.594
61.417
50.099
14.380
8.095
7.175
25
7.558
7.422
6.556
9.525
12.568
78.952
81.549
101.218
89.899
14.102
7.739
7.051
26
7.966
7.422
6.185
9.970
12.370
53.902
149.368
80.529
117.453
13.731
7.501
7.051
27
7.694
7.298
7.422
25.359
11.182
48.150
90.920
75.333
125.246
14.102
7.382
7.051
28
7.694
7.175
7.051
17.565
38.990
86.188
120.700
68.097
110.959
13.545
7.264
6.927
29
7.694
-
7.966
17.442
9.372
67.633
109.011
74.313
73.849
13.174
7.264
6.680
30
7.422
-
8.238
21.895
11.578
55.108
87.209
69.025
71.901
12.617
7.264
6.680
31
7.558
-
7.830
-
10.985
-
98.713
67.169
-
11.782
-
6.556


Table II-519: Daily flow at Ghunsa intake transported from Tamor at Mulghat in 1971
Day
Jan
Feb
Mar
Apr
May
Jun
Jul
Aug
Sep
Oct
Nov
Dec
1
6.432
4.305
5.294
5.690
8.214
34.141
70.973
92.033
67.169
62.345
20.485
6.432
2
6.309
4.206
4.033
7.175
16.328
42.120
75.890
76.354
68.097
89.342
20.287
6.309
3
6.309
4.206
3.513
9.080
11.776
37.852
86.652
99.269
66.798
50.470
19.396
6.309
4
6.185
4.119
3.513
6.086
11.974
36.275
99.269
87.209
84.054
48.150
19.594
6.185
5
6.185
4.119
3.513
5.393
16.130
41.099
67.633
83.034
68.097
41.749
19.198
6.185
6
6.086
4.033
3.513
8.783
14.448
44.161
113.56
92.589
66.334
49.727
17.714
6.086
7
5.987
4.033
3.426
6.680
11.974
47.408
83.034
161.429
63.644
59.283
17.912
5.987
8
5.987
3.946
3.340
5.492
16.328
41.099
76.910
110.309
62.809
60.582
16.922
5.987
9
5.789
3.946
3.191
5.492
10.391
53.902
84.611
89.899
66.798
77.374
16.526
5.789
10
5.789
4.033
3.191
8.647
9.649
55.943
120.70
73.849
66.334
72.828
16.130
5.789
11
5.690
4.033
3.191
7.830
13.755
80.529
70.416
88.786
63.180
54.366
15.933
5.690
12
5.591
3.946
3.117
13.978
14.052
80.529
71.437
89.899
59.747
56.778
15.537
5.591
13
5.591
3.946
3.191
8.374
15.537
109.66
68.097
78.952
60.118
59.283
15.042
5.591
14
5.591
3.946
3.043
6.680
12.370
49.727
64.571
78.952
61.881
49.264
14.250
5.591
15
5.492
4.033
3.266
13.978
13.459
39.522
65.406
74.313
55.108
42.769
13.755
5.492
16
5.393
3.773
3.340
9.970
11.776
60.118
64.571
84.054
47.037
39.800
13.558
5.393
17
5.393
3.773
3.191
12.061
14.250
43.140
58.448
81.549
42.120
36.275
14.052
5.393
18
5.294
3.686
3.340
8.931
10.985
44.532
61.881
87.672
42.769
35.347
13.558
5.294
19
5.294
3.686
3.117
53.067
10.985
58.912
56.778
81.549
50.841
34.420
13.953
5.294
20
5.195
3.686
3.117
22.142
10.589
79.972
55.108
73.292
42.491
30.894
13.755
5.195
21
5.096
3.600
3.191
14.720
14.052
78.952
59.747
69.952
43.790
29.317
13.261
5.096
22
5.096
3.600
3.043
14.102
13.755
63.644
58.077
69.952
46.295
27.461
12.766
5.096
23
4.997
3.600
4.119
14.102
10.688
58.448
71.901
69.952
60.118
25.420
12.271
4.997
24
5.096
3.600
4.206
15.463
16.130
55.943
62.809
93.146
50.470
24.400
11.974
5.096
25
4.997
3.686
3.266
13.360
25.433
73.849
71.437
76.910
46.666
22.452
11.776
4.997
26
4.800
3.426
3.426
13.360
17.120
74.313
64.943
69.488
45.924
21.617
11.578
4.800
27
4.800
3.513
3.686
9.228
14.052
69.952
57.613
73.849
46.666
21.338
11.281
4.800
28
4.800
3.513
4.997
8.374
15.339
64.943
64.943
73.292
41.470
21.153
10.589
4.800
29
4.701
-
3.773
8.511
21.672
63.180
57.242
66.798
37.203
20.689
10.292
4.701
30
4.503
-
5.096
14.473
21.177
70.416
73.292
67.169
41.099
20.318
10.094
4.503
31
4.404
-
6.086
-
24.245
-
95.373
66.798
-
20.318
-
4.404



Table II-520: Daily flow at Ghunsa intake transported from Tamor at Mulghat in 1972
Day
Jan
Feb
Mar
Apr
May
Jun
Jul
Aug
Sep
Oct
Nov
Dec
1
7.298
4.997
4.503
4.701
10.391
24.122
46.666
87.672
49.264
39.615
16.130
13.607
2
7.298
5.096
4.206
4.997
8.471
21.802
46.295
81.549
47.408
38.038
16.724
13.236
3
7.175
4.997
4.206
4.800
12.865
24.122
45.553
70.416
59.283
33.213
16.526
12.989
4
7.175
4.997
4.206
4.701
8.857
26.626
74.313
64.108
69.952
29.688
16.130
12.865
5
7.051
5.195
4.119
4.503
7.264
21.617
41.099
77.931
66.798
28.946
15.834
12.741
6
7.051
5.294
4.305
11.714
6.917
29.781
47.408
69.488
94.816
28.204
14.844
12.494
7
6.927
4.997
4.305
7.175
9.500
32.935
48.150
70.973
59.283
27.740
14.349
12.061
8
6.804
4.997
4.206
5.393
14.448
22.080
42.769
65.870
49.264
27.925
14.052
11.900
9
6.804
4.899
4.119
5.987
10.094
21.802
42.120
76.354
46.666
26.534
14.052
11.739
10
6.680
4.899
4.119
8.783
16.130
21.802
51.212
110.309
46.666
26.070
13.854
11.739
11
6.556
4.899
4.033
17.194
10.391
23.379
50.470
64.108
51.212
25.606
13.656
11.578
12
6.432
4.800
3.946
9.970
22.761
42.769
45.553
59.747
49.264
24.493
13.558
11.739
13
6.432
5.195
3.859
7.966
26.026
31.729
38.223
64.943
46.666
23.843
13.360
11.578
14
6.309
7.558
4.033
11.071
18.802
31.451
48.150
55.108
39.800
23.565
13.360
11.418
15
6.185
5.888
4.119
10.589
13.261
35.069
45.553
46.666
37.852
22.915
13.656
11.418
16
6.086
5.096
3.946
11.554
14.646
33.863
38.502
46.666
33.213
22.080
13.656
11.257
17
6.086
5.195
3.859
6.680
28.402
36.924
89.342
50.841
30.337
19.204
13.558
10.985
18
5.987
4.997
4.033
9.525
30.974
32.657
83.590
54.366
30.059
18.648
13.360
10.985
19
5.888
4.602
4.305
14.720
15.537
67.633
109.01
50.470
28.482
18.277
13.063
10.985
20
5.888
4.503
4.119
8.511
30.084
49.727
98.713
55.572
27.183
17.998
12.964
10.848
21
5.888
4.602
4.033
8.102
30.974
80.993
85.075
43.140
25.884
17.813
12.370
10.848
22
5.789
4.503
4.206
7.694
13.953
72.828
156.42
66.334
24.864
17.442
12.073
10.576
23
5.492
4.404
3.946
7.298
20.287
63.644
86.652
50.099
23.658
17.071
11.974
10.304
24
5.492
4.305
4.033
7.175
26.026
65.870
83.590
48.521
25.420
17.256
11.776
10.304
25
5.393
4.206
3.773
7.966
27.610
55.572
96.486
46.295
28.482
16.328
11.677
10.168
26
5.294
4.206
3.773
14.102
46.016
47.779
82.013
55.108
223.68
16.050
11.776
10.032
27
5.195
4.119
15.091
16.081
90.252
42.769
151.59
51.583
69.025
16.050
11.974
9.896
28
5.195
4.206
8.511
8.511
55.912
41.749
218.95
61.417
53.438
15.865
11.380
9.760
29
5.294
4.899
5.987
7.830
55.912
59.283
166.44
49.264
45.460
15.493
11.084
9.760
30
5.195
-
4.701
18.555
36.417
48.521
133.04
44.532
41.192
15.865
10.886
9.624
31
5.195
-
4.404
-
36.417
-
144.17
43.790
-
15.308
-
9.624



Table II-521: Daily flow at Ghunsa intake transported from Tamor at Mulghat in 1973
Day
Jan
Feb
Mar
Apr
May
Jun
Jul
Aug
Sep
Oct
Nov
Dec
1
9.624
7.533
6.309
6.136
11.677
17.813
49.356
100.568
63.829
47.872
23.058
14.968
2
9.488
7.422
6.531
7.979
11.084
16.885
45.460
82.755
59.747
48.614
24.443
14.597
3
9.352
7.422
6.222
6.643
9.005
13.916
48.985
116.804
54.923
61.232
23.552
14.473
4
9.352
7.311
6.222
7.645
11.281
13.731
44.439
109.660
54.181
52.696
22.365
14.226
5
9.216
7.199
6.222
7.867
10.589
14.195
88.322
80.529
58.263
53.438
22.860
13.854
6
9.216
7.199
6.136
7.867
10.391
14.195
45.460
69.767
76.076
51.954
21.771
13.607
7
9.216
7.088
8.807
6.754
9.777
29.224
59.376
93.703
71.993
61.232
23.058
13.360
8
8.944
7.088
10.985
6.865
26.620
24.493
45.089
85.724
56.778
53.067
21.177
13.360
9
8.944
7.088
8.313
6.643
68.084
22.266
44.439
85.353
72.365
47.872
19.198
13.236
10
8.807
6.977
7.422
6.643
31.964
21.895
49.727
80.900
63.087
48.614
19.198
13.236
11
8.807
6.977
6.754
6.643
19.198
31.080
39.244
158.924
62.716
46.851
18.802
12.989
12
8.671
6.865
6.643
6.531
18.802
35.997
34.048
93.703
74.591
147.14
18.407
12.989
13
8.671
6.865
6.420
6.531
17.120
54.181
34.327
76.076
59.747
196.68
18.011
12.865
14
8.313
6.754
6.222
9.488
11.380
87.951
42.120
74.220
74.220
79.787
18.011
12.865
15
8.313
6.754
6.136
10.440
19.000
67.169
36.553
60.860
84.240
63.829
17.318
12.865
16
8.313
6.754
6.643
8.944
20.683
138.98
45.460
82.384
76.076
57.149
16.922
12.865
17
8.424
6.531
6.531
8.313
25.829
183.97
53.810
151.594
72.365
43.140
16.130
12.741
18
8.313
6.420
6.754
8.313
18.604
114.21
69.767
81.642
57.892
41.470
15.636
12.370
19
8.313
6.309
6.643
7.756
18.209
63.087
75.704
79.044
56.036
38.594
15.339
12.061
20
8.090
6.222
6.420
7.756
16.032
68.654
51.954
70.138
52.325
34.048
14.943
11.900
21
7.979
6.136
6.309
7.645
14.052
62.345
55.294
69.767
49.356
30.801
14.646
11.739
22
7.979
6.136
6.222
8.313
16.328
52.696
53.438
67.540
73.107
29.966
14.646
11.578
23
7.756
6.049
6.049
12.222
13.854
75.704
86.095
63.458
58.634
29.502
14.151
11.578
24
7.422
6.136
5.962
14.102
14.052
69.767
68.654
57.892
61.974
28.482
13.854
11.578
25
7.422
6.049
5.962
10.032
15.339
66.798
81.642
61.232
70.509
27.740
13.656
11.257
26
7.199
6.049
5.962
10.168
24.938
67.540
86.095
73.849
60.118
27.276
13.360
10.985
27
7.199
6.420
5.962
10.576
17.813
108.36
77.560
56.407
54.552
26.998
12.964
10.985
28
7.422
7.311
6.420
16.205
26.620
81.642
71.251
54.552
50.099
26.534
12.766
10.848
29
8.424
-
6.222
14.968
19.693
108.36
74.962
58.263
47.501
25.420
12.766
10.712
30
7.867
-
6.222
13.360
24.641
86.466
87.209
56.778
51.583
24.493
12.370
10.440
31
7.645
-
6.136
-
22.860
-
76.076
54.552
-
22.080
-
10.168



Table II-522: Daily flow at Ghunsa intake transported from Tamor at Mulghat in 1974
Day
Jan
Feb
Mar
Apr
May
Jun
Jul
Aug
Sep
Oct
Nov
Dec
1
9.896
7.311
5.443
6.977
13.854
32.100
92.775
100.568
162.26
48.243
21.573
12.989
2
9.760
7.199
5.703
13.731
14.844
44.068
125.246
86.466
84.611
43.419
21.177
12.865
3
9.624
7.199
5.703
12.494
13.063
69.767
113.557
102.516
79.044
41.470
19.693
12.865
4
9.624
7.199
5.703
10.304
13.261
43.790
84.240
121.999
115.50
37.759
18.407
12.494
5
9.488
7.088
5.962
8.807
25.433
38.316
107.062
169.778
78.673
37.203
18.209
12.370
6
9.488
6.977
5.703
9.624
25.136
38.316
87.951
182.303
74.220
36.553
17.813
12.370
7
9.352
6.977
5.876
8.807
21.969
37.759
84.611
125.246
69.396
37.481
17.615
12.061
8
9.352
6.754
5.703
9.216
18.802
34.048
71.251
127.195
60.118
36.924
17.318
11.900
9
9.216
6.643
5.616
8.090
26.620
21.431
67.911
101.218
62.345
38.038
16.328
11.739
10
9.080
6.531
5.529
13.854
27.115
21.895
66.427
89.992
60.489
35.440
16.032
11.578
11
9.080
6.309
5.443
9.488
25.829
19.204
74.220
81.271
57.521
34.048
15.834
11.418
12
9.080
6.309
5.443
10.576
30.084
20.039
59.747
80.529
51.954
33.770
15.636
11.257
13
8.944
6.222
5.356
8.944
32.261
20.596
78.673
64.943
57.521
45.089
15.339
11.121
14
8.671
6.222
5.270
10.985
28.797
56.036
105.764
68.654
54.181
44.718
14.349
10.985
15
9.624
6.136
5.183
8.424
26.125
53.438
112.258
70.138
80.900
49.356
14.151
10.848
16
9.216
6.136
5.096
9.760
28.303
43.790
76.818
61.603
76.076
39.893
14.151
10.576
17
9.080
6.222
5.096
8.807
24.443
47.501
95.929
55.665
77.931
58.634
13.854
10.576
18
8.944
6.309
5.096
16.576
15.834
42.769
85.353
54.923
95.929
44.718
13.360
10.440
19
8.671
6.136
5.010
9.488
14.646
47.872
84.240
63.087
73.849
41.470
12.766
10.304
20
8.671
6.049
5.010
8.944
14.844
77.931
81.642
62.345
66.056
33.492
12.370
10.168
21
8.535
6.049
5.010
11.578
22.167
81.642
112.258
62.345
61.232
32.935
12.073
9.896
22
8.535
5.962
4.923
11.739
19.495
97.599
116.154
53.067
48.985
32.378
11.974
9.624
23
8.424
5.962
4.750
14.226
14.943
63.829
120.051
64.200
52.696
31.544
11.776
9.624
24
8.424
6.049
4.750
19.545
15.141
57.892
119.401
76.818
60.118
29.688
11.677
9.488
25
8.313
5.962
4.837
15.463
14.052
54.181
156.419
94.259
53.438
27.925
11.380
9.488
26
8.201
5.703
8.090
14.473
12.370
51.954
115.505
82.755
51.954
27.740
11.084
9.216
27
7.867
5.703
7.867
18.308
17.813
41.470
88.693
117.453
54.923
27.276
10.985
9.080
28
7.756
5.616
8.424
18.308
20.485
43.140
204.105
79.044
47.872
23.843
10.688
8.671
29
7.645
-
6.531
23.008
21.177
57.149
127.195
77.931
46.480
21.617
10.589
8.535
30
7.422
-
8.090
18.926
21.771
87.580
178.963
153.914
45.738
20.782
10.391
8.313
31
7.422
-
7.756
-
33.943
-
135.637
131.741
-
20.411
-
8.313



Table II-523: Daily flow at Ghunsa intake transported from Tamor at Mulghat in 1975
Day
Jan
Feb
Mar
Apr
May
Jun
Jul
Aug
Sep
Oct
Nov
Dec
1
8.201
6.420
5.183
3.884
9.995
23.379
64.943
88.693
92.775
57.892
20.980
15.957
2
9.760
6.531
4.837
3.798
9.005
19.204
69.767
82.384
71.251
57.521
23.058
15.957
3
8.944
6.136
5.529
3.798
8.788
18.462
55.665
81.271
92.775
63.087
22.266
15.586
4
8.313
6.136
5.096
3.798
11.578
17.071
52.696
81.271
72.365
66.798
20.782
14.844
5
8.201
6.049
5.270
3.711
10.292
15.679
54.552
77.189
69.767
60.860
20.386
14.720
6
8.090
5.962
5.183
4.404
10.985
15.308
64.200
84.240
67.911
55.665
20.188
14.720
7
7.979
5.962
5.270
6.049
14.349
34.883
56.407
75.704
82.013
51.954
19.990
13.854
8
7.867
5.876
5.183
10.168
11.677
29.502
56.407
70.880
98.156
56.407
19.792
13.607
9
7.867
5.876
5.096
9.352
14.646
26.998
52.696
57.149
86.837
54.552
19.594
13.607
10
7.756
5.876
4.750
8.944
14.151
23.379
59.005
59.005
81.642
54.552
19.198
13.483
11
7.645
6.136
4.663
7.199
15.339
22.915
60.118
57.521
76.076
52.325
18.308
13.360
12
7.645
5.962
4.663
6.049
11.974
24.214
97.599
53.810
66.427
49.356
18.308
13.360
13
7.533
5.876
4.490
6.309
16.032
32.657
155.58
47.501
91.383
43.790
17.219
13.236
14
7.422
5.962
4.404
5.876
11.677
136.94
88.322
45.460
136.94
40.543
16.625
12.865
15
7.199
5.789
4.404
4.923
9.777
48.614
60.118
60.118
82.384
38.966
16.427
12.865
16
7.199
5.703
4.317
4.577
8.461
63.458
58.634
53.810
92.775
38.223
16.229
12.741
17
7.088
5.616
4.231
4.317
12.469
51.954
55.294
53.810
87.209
35.533
16.229
12.370
18
6.977
5.616
4.317
3.711
18.604
51.212
76.818
50.099
92.775
32.193
15.933
12.222
19
6.977
5.529
4.404
3.587
13.656
50.099
89.064
50.841
120.70
31.080
15.735
12.222
20
6.865
5.529
4.404
7.979
11.776
60.860
64.571
53.810
108.36
30.152
15.042
12.073
21
6.754
5.443
4.404
6.865
15.339
75.333
99.269
55.665
84.240
29.410
14.250
11.925
22
6.643
5.356
4.231
6.754
18.802
62.345
91.383
51.212
70.509
29.039
13.953
11.776
23
6.643
5.443
4.231
14.473
15.141
59.005
79.787
50.841
65.314
28.667
13.755
11.479
24
6.531
5.356
4.144
12.061
14.151
67.540
82.384
51.583
63.829
28.482
13.459
11.331
25
6.531
5.183
4.144
8.671
16.724
78.673
90.920
48.243
65.685
28.482
13.360
11.182
26
6.531
5.096
4.144
10.985
12.073
64.943
134.99
41.749
64.571
27.369
13.063
11.034
27
6.420
5.096
4.057
8.807
10.985
96.486
157.25
43.790
130.44
26.255
13.063
10.886
28
6.420
5.443
4.057
8.090
16.130
71.251
123.2
42.955
93.703
24.956
12.865
10.750
29
6.222
-
3.971
13.731
13.063
86.095
88.693
41.749
74.962
22.823
12.865
10.613
30
6.136
-
3.971
12.061
23.552
66.798
83.126
43.790
59.376
21.060
12.766
10.341
31
6.136
-
3.884
-
21.573
-
95.929
44.439
-
20.039
-
10.069


Table II-524: Daily flow at Ghunsa intake transported from Tamor at Mulghat in 1976
Day
Jan
Feb
Mar
Apr
May
Jun
Jul
Aug
Sep
Oct
Nov
Dec
1
9.933
7.954
5.962
4.997
29.391
18.369
105.76
55.294
89.064
29.595
16.625
14.102
2
9.797
7.843
5.863
4.997
29.688
39.893
82.755
48.985
73.478
31.080
16.229
14.349
3
9.661
7.843
5.863
4.997
13.360
23.658
70.509
48.985
63.829
29.224
15.735
13.854
4
9.525
7.731
5.863
5.072
18.506
32.007
63.087
56.407
59.747
29.224
15.537
13.854
5
9.401
10.61
5.863
4.923
22.662
25.328
66.798
60.489
67.540
31.080
15.438
13.607
6
9.401
10.07
5.863
4.849
14.349
48.985
61.232
49.727
66.798
35.255
15.240
13.483
7
9.278
9.154
6.061
4.701
10.193
28.853
82.013
69.767
59.376
29.595
15.042
13.483
8
9.278
8.659
5.962
4.849
14.349
39.429
67.911
51.583
63.087
29.039
14.745
13.360
9
9.154
8.412
5.764
4.775
17.912
61.974
73.849
50.841
64.571
28.667
14.250
13.236
10
9.154
8.177
5.764
4.775
13.656
94.816
107.06
50.099
57.521
27.090
13.953
12.989
11
9.030
7.731
5.764
4.923
13.755
85.353
88.322
119.401
54.552
27.090
13.755
12.741
12
9.030
9.154
5.665
4.849
10.886
76.818
89.992
63.087
63.829
26.905
13.656
11.776
13
8.906
8.412
5.764
4.923
11.479
75.333
87.209
60.489
63.087
26.719
13.360
11.628
14
8.783
8.535
5.665
4.923
16.625
66.056
67.540
79.415
58.263
26.441
13.162
11.479
15
8.659
7.843
5.567
4.997
32.657
48.985
89.528
80.529
51.583
25.977
13.162
11.331
16
8.659
7.731
5.369
4.997
17.813
50.841
103.82
62.345
51.954
25.791
12.865
11.182
17
8.535
7.731
5.369
4.923
11.182
41.007
86.837
91.847
49.727
24.956
12.865
11.034
18
8.659
7.509
5.468
4.923
10.787
34.605
75.333
107.062
46.109
21.060
12.766
10.886
19
8.906
7.397
5.468
4.997
10.886
43.233
60.118
70.509
43.511
18.926
12.766
10.613
20
9.278
7.397
5.369
4.775
18.308
33.677
58.634
71.993
37.388
17.998
12.568
10.613
21
9.030
7.286
5.270
12.865
12.271
31.729
54.552
89.992
35.904
17.627
12.568
10.477
22
8.783
7.175
5.369
8.535
14.943
38.966
51.583
143.430
36.368
17.349
12.469
10.477
23
8.659
7.175
5.270
6.729
17.417
31.265
47.501
121.999
37.110
17.627
12.271
10.477
24
8.535
6.952
5.270
5.863
22.266
68.282
51.954
99.269
39.893
17.349
12.172
10.341
25
8.535
6.729
5.171
6.618
14.745
37.110
85.353
86.466
35.533
17.349
11.974
10.205
26
8.412
6.618
5.171
11.628
13.459
59.376
59.376
79.787
30.894
16.978
11.776
10.069
27
8.288
6.507
5.171
19.916
15.240
42.677
55.665
71.622
39.893
16.700
11.578
9.797
28
8.177
6.395
5.171
40.203
25.037
45.738
51.583
65.685
34.327
16.328
11.479
9.525
29
8.065
6.173
5.171
17.813
19.198
88.322
59.747
86.466
29.781
16.328
11.479
9.278
30
8.065
-
4.997
32.409
29.985
76.447
51.954
82.384
29.224
16.050
11.281
9.154
31
7.954
-
4.923
-
28.500
-
54.552
75.333
-
15.865
-
9.030



Table II-525: Daily flow at Ghunsa intake transported from Tamor at Mulghat in 1977
Day
Jan
Feb
Mar
Apr
May
Jun
Jul
Aug
Sep
Oct
Nov
Dec
1
9.030
6.395
5.072
7.620
12.469
30.894
34.141
51.954
60.489
41.749
21.771
18.679
2
8.906
6.284
4.997
7.175
11.479
27.554
70.880
57.521
63.829
56.778
21.375
17.442
3
8.783
6.173
4.997
6.729
11.281
27.090
62.345
118.103
54.181
49.356
23.454
16.700
4
8.783
6.173
4.997
15.215
10.589
28.667
40.172
60.118
48.985
52.696
32.459
16.328
5
8.288
6.061
4.997
10.750
11.084
29.039
41.749
79.044
51.212
59.376
30.579
15.957
6
8.177
6.061
4.997
12.741
11.974
28.667
64.200
81.642
53.067
60.489
25.037
15.586
7
8.065
6.061
4.923
12.370
11.875
29.595
49.727
66.798
48.614
48.243
23.651
15.339
8
7.954
6.061
4.923
10.205
14.745
26.255
85.353
57.149
50.099
41.749
21.969
15.215
9
7.954
5.962
4.923
13.978
12.568
25.142
60.489
73.107
51.212
42.305
25.235
14.968
10
7.843
5.863
4.923
11.182
10.688
25.328
79.787
69.396
52.696
44.161
21.969
14.844
11
7.731
5.863
4.849
19.668
13.360
37.852
64.571
68.654
52.325
38.038
23.948
14.720
12
7.620
5.863
4.997
14.720
11.182
29.224
54.923
75.333
49.727
32.935
23.948
14.473
13
7.620
5.863
4.849
11.925
11.182
39.151
56.407
96.486
48.985
31.544
37.902
14.102
14
7.620
5.764
4.923
16.700
11.974
27.369
93.239
91.383
47.872
30.616
26.125
13.978
15
7.509
5.764
5.270
15.710
21.969
29.595
56.036
82.755
48.243
32.935
21.969
13.607
16
7.509
5.764
5.962
13.236
13.755
29.224
52.696
89.064
129.14
30.894
21.177
13.483
17
7.286
5.764
6.061
13.483
11.875
26.441
46.480
141.204
72.365
29.966
20.584
13.360
18
6.952
5.665
5.764
15.710
12.766
30.894
59.005
99.269
87.951
29.781
20.188
13.483
19
6.952
5.665
5.567
17.071
12.271
53.810
54.552
76.076
66.056
29.781
18.703
13.236
20
7.175
5.665
5.567
13.483
27.709
29.595
78.673
65.685
79.787
28.667
18.308
12.865
21
6.952
5.665
5.468
13.607
13.459
61.974
86.095
84.611
69.767
25.977
17.912
12.494
22
6.952
5.567
5.468
13.978
26.620
59.376
75.333
70.509
89.064
23.472
17.417
12.494
23
6.952
5.270
5.369
12.989
29.193
44.718
58.263
124.597
72.365
23.008
17.120
12.222
24
6.952
5.270
5.369
19.050
23.058
32.007
58.634
100.568
50.099
22.637
16.724
11.925
25
6.841
5.171
5.270
17.565
15.735
35.533
56.407
92.311
39.429
21.988
16.427
11.628
26
6.841
5.171
5.468
16.081
28.500
29.410
51.212
135.637
34.791
22.173
16.229
11.479
27
6.729
5.072
5.665
17.194
17.813
34.141
52.696
140.461
32.750
21.802
15.933
11.479
28
6.729
5.072
5.468
20.534
18.802
39.893
56.407
101.218
33.863
21.431
15.735
12.073
29
6.618
-
5.171
21.400
52.647
32.471
49.356
93.703
37.574
20.874
15.438
11.925
30
6.618
-
5.072
17.194
72.043
39.429
66.798
77.931
37.110
20.596
15.240
11.776
31
6.618
-
5.468
-
92.627
-
75.333
79.787
-
20.411
-
11.628



Table II-526: Daily flow at Ghunsa intake transported from Tamor at Mulghat in 1978
Day
Jan
Feb
Mar
Apr
May
Jun
Jul
Aug
Sep
Oct
Nov
Dec
1
11.331
8.412
6.841
7.843
13.755
31.265
70.509
159.759
33.677
54.923
14.250
13.483
2
11.331
8.412
6.729
6.841
14.052
40.172
63.829
158.924
41.007
61.974
18.308
14.102
3
11.034
8.288
6.729
6.729
15.735
31.265
72.365
87.209
38.223
50.099
15.240
13.978
4
10.750
7.954
6.618
6.729
13.459
26.441
75.704
123.298
34.791
43.790
14.052
13.854
5
12.073
7.731
6.618
6.729
13.459
25.791
68.282
89.064
46.480
44.439
13.162
13.236
6
11.925
7.620
6.618
6.618
13.063
28.667
69.396
58.634
38.223
47.222
12.766
12.741
7
11.776
7.509
6.507
6.729
13.063
24.956
60.489
78.673
32.471
39.893
12.271
12.370
8
11.628
7.397
6.061
6.729
12.568
41.749
78.302
120.700
31.544
34.327
11.875
12.073
9
11.479
7.397
6.061
6.841
11.875
66.427
53.810
87.951
48.243
33.677
11.578
11.776
10
11.776
7.731
6.061
6.618
13.656
61.974
46.480
74.962
46.480
38.223
11.578
11.776
11
11.479
7.509
6.061
9.278
14.052
55.294
59.376
83.498
50.099
37.388
11.875
11.479
12
11.331
7.286
11.33
9.401
15.933
79.787
61.232
75.333
55.294
36.646
13.063
11.331
13
11.331
7.286
10.48
21.153
15.735
54.923
59.005
76.447
82.755
33.863
13.459
11.182
14
10.341
7.175
8.412
13.978
13.459
46.480
60.489
63.087
99.269
32.750
18.308
11.034
15
9.933
7.175
7.843
12.222
15.438
63.087
121.35
59.376
87.209
30.152
12.766
10.886
16
9.525
7.063
7.731
12.494
25.433
69.767
77.189
74.220
85.353
29.410
12.469
10.613
17
9.401
7.063
7.286
13.483
36.615
47.222
77.189
58.263
90.456
29.039
12.172
10.205
18
9.154
7.954
6.952
32.657
27.016
59.376
75.704
60.489
58.263
25.791
14.745
10.205
19
9.154
7.397
9.525
17.937
21.573
86.095
73.107
55.665
79.044
23.843
12.568
10.069
20
9.030
7.286
7.620
14.349
33.350
70.509
80.900
58.634
55.665
21.988
13.755
9.797
21
8.906
7.063
7.286
12.370
42.355
74.962
68.654
58.263
44.718
20.225
13.063
9.401
22
9.933
7.063
6.841
14.844
43.246
72.365
70.509
56.036
42.305
18.555
12.568
9.154
23
9.401
6.952
6.729
15.710
37.605
107.06
73.107
53.067
37.388
17.998
12.271
9.030
24
9.030
6.952
6.729
17.565
28.896
76.447
105.76
57.149
35.718
17.813
12.172
8.906
25
9.030
6.841
6.618
20.287
19.792
68.654
79.415
55.665
41.749
18.369
11.875
8.783
26
8.906
6.841
6.395
17.071
19.990
67.169
70.880
56.778
40.543
16.700
11.776
8.659
27
8.783
6.841
6.061
14.844
57.001
70.138
74.962
44.718
47.501
15.679
11.578
8.412
28
8.659
6.841
5.863
15.215
29.391
59.376
188.15
39.893
48.614
15.030
11.776
8.412
29
8.659
-
5.764
17.937
47.402
49.727
84.240
37.852
44.161
14.102
11.281
8.288
30
8.535
-
6.507
16.328
30.974
56.036
76.076
34.791
47.872
13.638
11.084
8.177
31
8.535
-
10.48
-
35.428
-
104.47
39.151
-
13.452
-
8.177


Table II-527: Daily flow at Ghunsa intake transported from Tamor at Mulghat in 1979
Day
Jan
Feb
Mar
Apr
May
Jun
Jul
Aug
Sep
Oct
Nov
Dec
1
8.177
5.962
4.923
4.478
17.219
13.267
175.07
180.169
63.458
44.532
17.417
23.256
2
8.065
5.962
4.849
4.478
11.776
15.586
88.229
115.690
71.808
33.213
17.714
22.142
3
8.065
5.863
4.775
4.552
11.776
15.865
91.662
145.657
105.671
32.007
18.308
17.689
4
8.065
5.863
4.775
4.626
16.032
19.483
77.467
93.146
100.383
35.255
17.417
16.452
5
7.954
5.764
4.849
4.849
12.667
19.483
60.582
86.188
145.657
40.914
16.922
15.834
6
7.954
5.665
4.775
4.701
12.667
19.483
61.139
71.808
107.341
41.378
16.328
15.215
7
7.954
5.567
4.775
4.404
10.787
16.607
49.449
66.984
124.875
33.585
16.032
14.720
8
7.954
6.061
4.701
4.330
10.391
27.369
52.047
87.487
101.125
32.750
16.032
14.349
9
7.843
6.841
4.775
4.255
11.479
20.132
45.089
71.158
99.640
41.378
15.735
13.731
10
7.620
6.284
4.775
4.849
12.172
17.720
53.531
71.158
78.766
41.378
15.240
13.483
11
7.509
6.061
4.552
7.731
15.240
16.607
66.984
65.128
109.846
50.006
14.943
13.483
12
7.175
6.284
4.552
6.841
19.198
20.411
58.263
83.405
76.818
39.522
14.745
13.236
13
7.063
5.962
4.552
5.665
20.782
18.926
95.280
71.808
68.097
39.522
14.448
14.102
14
7.063
5.863
4.552
6.556
14.745
28.111
77.467
84.796
65.128
33.956
14.151
12.989
15
6.952
5.764
4.478
8.882
19.891
24.956
65.777
68.746
58.263
30.430
13.953
12.741
16
6.952
5.665
4.478
9.550
24.443
25.977
61.695
64.571
52.047
28.482
13.656
12.494
17
6.841
5.665
4.404
9.327
21.177
21.709
57.799
62.809
51.490
27.369
13.656
12.494
18
6.841
5.567
4.552
8.028
33.251
21.709
86.188
59.933
49.449
26.626
13.459
12.184
19
6.841
5.567
4.552
6.977
24.146
23.287
71.158
59.376
45.553
25.328
13.162
11.925
20
6.729
5.567
4.478
6.977
18.901
23.565
61.139
135.452
40.914
23.565
13.162
11.665
21
6.729
5.665
4.404
9.995
25.136
39.522
84.796
162.820
38.223
22.266
13.162
11.665
22
6.507
5.567
4.404
13.731
24.146
30.430
68.746
93.146
36.089
21.338
12.964
11.405
23
6.507
5.567
4.404
12.494
22.761
37.388
139.163
83.405
33.956
20.411
12.667
11.405
24
6.395
5.369
4.404
10.218
17.417
51.026
178.128
69.952
32.750
20.132
12.667
11.145
25
6.284
5.072
4.330
8.659
17.417
34.420
101.867
64.015
32.378
19.854
12.469
11.145
26
6.284
5.072
4.330
9.327
14.943
32.750
93.146
72.365
31.172
19.483
12.172
10.886
27
6.173
4.997
4.330
11.145
14.151
51.026
83.405
64.015
32.007
20.411
11.974
10.663
28
6.173
4.997
4.255
9.772
14.943
58.819
141.018
61.139
30.430
18.926
12.172
10.663
29
6.173
-
4.181
12.494
12.964
58.263
134.524
70.509
29.317
18.648
12.469
10.440
30
6.061
-
4.255
30.183
14.151
74.313
109.846
90.270
35.255
17.998
28.105
10.218
31
6.061
-
4.404
-
17.219
-
128.215
73.014
-
17.442
-
11.665



Table II-528: Daily flow at Ghunsa intake transported from Tamor at Mulghat in 1980
Day
Jan
Feb
Mar
Apr
May
Jun
Jul
Aug
Sep
Oct
Nov
Dec
1
10.886
6.977
7.608
9.104
12.172
19.854
48.892
119.87
57.242
33.956
16.032
13.236
2
10.440
6.977
8.028
8.028
12.469
23.936
34.420
71.158
55.108
36.461
15.735
12.494
3
10.218
7.187
7.608
7.608
12.667
19.854
41.749
72.365
55.108
30.059
15.240
11.925
4
9.995
6.766
6.977
7.608
10.985
23.287
33.213
76.818
59.376
26.998
14.943
11.925
5
9.995
6.766
7.818
7.187
26.620
23.565
34.420
69.952
127.38
28.482
14.745
11.665
6
9.772
6.766
7.397
7.187
26.620
22.637
40.450
65.777
69.303
28.482
14.745
11.665
7
9.772
6.395
8.238
7.187
15.735
32.378
44.532
71.808
58.819
39.058
14.448
11.665
8
9.327
6.395
7.187
7.818
17.417
30.059
35.255
86.188
61.695
28.946
14.448
11.405
9
9.550
6.234
6.977
8.238
16.328
33.956
52.511
74.962
61.695
25.328
13.953
10.886
10
9.104
6.234
6.766
11.145
15.735
28.111
56.686
69.952
88.878
23.936
13.656
10.886
11
8.882
6.395
6.234
13.731
13.656
25.977
46.016
89.621
68.746
22.915
13.459
10.663
12
8.882
6.234
6.074
9.995
13.953
33.956
40.450
76.168
59.933
21.988
13.162
10.218
13
8.882
6.395
6.074
11.145
13.162
42.213
49.449
86.837
72.365
26.626
12.667
9.995
14
8.659
6.395
6.074
10.886
12.469
34.791
73.663
71.808
69.303
23.287
12.469
9.772
15
8.659
6.395
6.074
12.741
17.219
66.984
68.746
86.837
106.51
22.266
11.974
9.772
16
8.659
6.556
5.913
10.440
14.943
68.097
69.303
67.540
65.777
20.689
12.172
9.772
17
8.449
6.556
6.977
9.550
16.922
38.223
104.836
68.097
62.252
20.132
11.974
9.550
18
8.238
6.766
6.556
10.886
16.032
34.791
95.280
66.984
56.686
20.132
11.974
9.550
19
8.238
6.395
6.234
11.145
17.417
50.006
186.292
65.128
56.686
18.926
11.776
9.550
20
8.238
6.234
8.028
11.925
14.943
42.677
110.681
84.796
47.501
18.369
12.172
9.550
21
8.028
6.234
6.977
10.663
29.985
41.378
110.681
102.61
53.067
18.926
12.172
9.550
22
8.028
6.234
8.659
13.236
21.771
52.047
102.609
83.405
39.522
17.720
12.469
9.327
23
8.028
6.395
15.59
17.071
32.855
57.799
120.700
65.128
43.604
17.442
11.974
9.327
24
7.818
7.608
9.995
20.411
31.667
172.01
89.621
59.933
38.594
17.720
11.281
9.327
25
7.818
7.397
9.995
13.236
64.621
65.128
61.695
68.746
40.450
17.442
10.787
9.104
26
7.608
7.187
8.882
12.184
32.855
36.461
61.139
55.108
35.626
17.163
10.787
9.104
27
7.608
6.556
8.238
11.925
22.068
46.944
57.242
73.663
32.378
17.163
10.391
8.882
28
7.608
6.395
8.028
15.215
23.157
33.213
66.334
86.837
34.791
16.885
10.589
8.882
29
7.397
6.766
8.659
24.493
20.485
29.688
79.415
65.128
46.016
16.328
10.589
8.659
30
6.977
-
8.028
25.235
21.474
29.688
119.030
54.088
39.058
16.143
10.787
8.659
31
6.977
-
10.44
-
28.105
-
116.525
66.334
-
15.865
-
8.238


Table II-529: Daily flow at Ghunsa intake transported from Tamor at Mulghat in 1981
Day
Jan
Feb
Mar
Apr
May
Jun
Jul
Aug
Sep
Oct
Nov
Dec
1
8.238
6.395
4.948
7.397
11.776
11.690
102.61
86.837
80.158
31.636
14.151
10.218
2
8.028
6.234
4.948
8.449
10.787
13.545
97.414
104.836
73.663
28.946
14.151
10.440
3
8.028
6.234
4.651
6.234
10.391
16.607
117.36
86.837
97.414
27.369
14.151
10.218
4
7.818
6.074
4.651
6.074
9.748
19.204
98.156
97.414
64.015
26.348
13.953
9.995
5
8.238
5.913
4.651
7.818
9.124
24.214
74.962
78.117
65.777
25.328
13.953
9.995
6
8.449
6.074
4.651
6.395
9.124
21.338
61.139
68.746
59.376
24.956
13.459
9.772
7
8.449
5.913
4.651
5.591
21.177
15.586
55.665
76.168
67.540
23.936
13.162
9.550
8
8.449
5.752
4.651
5.270
13.953
15.586
52.047
68.097
63.458
23.565
12.964
9.550
9
8.238
5.591
4.503
5.109
11.479
12.803
47.501
67.540
86.837
21.060
12.667
9.327
10
8.028
5.430
4.503
5.430
14.745
14.751
43.604
66.334
64.571
23.287
12.172
9.327
11
7.818
5.591
4.503
5.752
15.240
13.545
54.088
135.452
72.365
22.266
11.974
9.104
12
7.608
5.430
4.354
9.104
16.328
15.586
82.755
251.606
64.015
21.338
11.776
9.104
13
7.608
5.591
4.354
6.556
12.172
36.089
57.799
123.205
59.933
20.132
11.776
8.882
14
7.397
5.430
4.354
6.074
12.172
32.007
51.026
102.609
62.809
19.483
11.479
8.882
15
7.397
5.430
4.503
9.327
16.922
52.511
64.571
99.640
71.808
18.369
11.479
8.659
16
6.977
5.430
4.800
9.772
26.224
30.059
90.270
76.168
62.252
17.720
11.281
8.659
17
6.977
5.270
6.556
14.102
19.594
32.378
93.888
93.146
59.933
17.442
10.787
8.449
18
6.766
5.270
5.109
14.349
13.162
30.801
64.015
92.404
48.429
17.442
10.391
8.449
19
6.556
5.270
4.948
12.184
11.974
25.977
61.695
98.898
43.604
16.885
10.193
8.449
20
6.556
5.270
4.948
8.882
11.776
32.378
57.799
90.270
40.914
16.885
9.995
8.238
21
6.977
5.270
4.948
7.608
14.943
26.626
59.933
86.837
39.986
16.885
9.748
8.238
22
6.766
5.270
6.074
8.659
15.438
28.482
86.837
137.307
36.461
16.328
9.540
8.238
23
6.977
5.270
5.270
12.184
15.438
29.688
63.458
111.516
34.791
16.607
9.332
8.028
24
6.977
5.109
4.651
14.102
15.735
43.604
55.665
103.351
33.213
16.143
9.332
8.028
25
6.977
5.109
4.354
10.886
16.328
42.677
54.088
96.022
31.636
15.586
9.124
7.818
26
6.977
5.109
7.818
10.218
11.281
57.799
93.146
132.668
30.801
15.586
9.124
7.818
27
6.766
4.948
6.234
10.218
17.714
78.766
70.509
111.516
30.801
15.030
8.916
7.608
28
6.395
4.948
5.752
8.028
16.625
66.984
87.487
93.888
31.636
14.287
8.916
7.608
29
6.395
-
5.109
7.818
15.240
76.818
85.446
87.487
33.956
14.009
8.530
7.608
30
6.395
-
4.948
29.688
14.448
61.139
101.87
109.846
42.213
13.823
8.530
7.397
31
6.556
-
5.109
-
12.172
-
100.38
101.125
-
13.545
-
7.397



Table II-530: Daily flow at Ghunsa intake transported from Tamor at Mulghat in 1982
Day
Jan
Feb
Mar
Apr
May
Jun
Jul
Aug
Sep
Oct
Nov
Dec
1
7.397
5.430
5.109
9.995
6.759
16.607
36.461
59.933
43.604
21.338
12.172
10.440
2
7.187
5.430
5.591
9.104
7.283
15.586
51.026
52.511
39.522
21.338
11.974
10.440
3
7.187
5.430
5.430
9.550
13.459
14.473
58.263
51.490
37.388
20.132
11.776
10.218
4
7.187
5.430
5.270
8.449
15.240
14.287
67.540
54.088
46.480
19.483
11.281
9.995
5
6.977
5.270
5.109
10.663
13.953
17.442
96.022
59.376
36.461
19.204
11.479
9.995
6
6.977
6.556
5.270
12.741
10.589
16.328
74.313
49.449
59.376
18.926
11.974
9.772
7
6.977
5.913
5.913
10.218
11.281
15.586
56.129
46.016
40.914
18.369
11.974
9.772
8
6.766
5.913
5.591
9.104
17.219
17.163
56.686
56.686
37.759
17.720
12.172
9.550
9
6.766
6.234
5.270
7.608
10.985
31.172
64.571
64.571
37.759
16.885
11.281
9.550
10
6.556
6.234
5.109
8.028
14.448
24.585
53.067
50.470
33.956
17.163
13.953
9.327
11
6.556
6.074
4.948
6.977
13.656
34.420
51.026
46.016
34.420
16.328
12.172
9.104
12
6.556
5.913
4.948
6.234
11.974
27.369
59.376
51.026
36.089
16.607
11.776
8.882
13
6.395
5.913
4.651
8.238
11.281
22.637
68.097
44.532
34.791
15.308
12.964
8.882
14
6.234
5.752
4.651
9.772
14.448
28.482
95.280
52.511
37.388
15.030
11.776
8.882
15
6.234
5.752
4.800
9.104
12.667
24.956
66.984
50.006
38.594
14.287
10.589
8.659
16
6.234
5.591
4.948
9.550
9.540
36.461
54.552
46.016
39.986
15.586
10.787
8.659
17
6.234
6.074
5.109
11.665
11.479
24.956
63.458
47.501
39.058
15.308
10.589
8.449
18
6.074
5.752
5.591
14.349
9.748
41.749
71.158
53.531
41.749
13.267
10.391
8.449
19
6.234
5.591
5.430
11.405
8.530
42.213
123.205
49.449
37.388
13.267
9.995
8.238
20
6.074
5.430
5.913
9.995
7.996
47.965
106.506
47.965
40.914
13.081
9.995
8.028
21
6.074
5.270
5.913
10.218
8.916
56.686
72.365
46.944
37.388
12.339
9.995
8.028
22
5.913
5.270
5.752
8.449
10.193
46.480
69.952
46.944
32.750
12.617
9.748
8.028
23
6.074
5.109
5.752
12.184
8.352
46.016
107.341
47.965
32.007
22.266
9.540
7.608
24
5.913
4.948
6.766
19.297
8.352
52.047
105.671
52.047
29.688
19.204
9.332
7.818
25
5.913
4.948
6.074
12.741
8.352
48.429
83.405
52.047
29.688
15.308
9.332
7.818
26
5.913
4.948
5.430
12.989
8.174
46.016
97.414
59.376
26.998
14.009
9.124
7.818
27
5.752
5.109
5.913
10.886
10.391
36.461
83.405
64.571
24.585
13.545
9.124
7.608
28
5.752
4.948
5.270
14.349
17.219
36.461
82.106
82.755
23.287
12.803
8.916
7.397
29
5.591
-
5.270
10.218
16.922
38.223
78.117
61.139
22.915
12.339
8.708
7.187
30
5.591
-
5.430
9.104
23.157
41.749
68.097
54.552
22.637
11.875
8.530
7.187
31
5.430
-
7.608
-
15.438
-
60.582
52.511
-
11.875
-
6.977



Table II-531: Daily flow at Ghunsa intake transported from Tamor at Mulghat in 1983
Day
Jan
Feb
Mar
Apr
May
Jun
Jul
Aug
Sep
Oct
Nov
Dec
1
7.187
5.591
4.948
5.591
12.667
15.308
33.213
54.552
58.263
40.914
15.735
11.665
2
7.187
5.430
4.948
6.556
8.708
20.411
68.746
51.026
54.552
37.388
15.438
11.405
3
7.397
5.270
4.800
6.766
8.530
19.483
72.365
51.026
71.158
49.449
15.438
11.145
4
7.397
5.270
4.948
6.234
9.748
32.378
132.668
55.665
70.509
39.522
15.240
10.886
5
7.187
5.270
4.948
5.752
10.589
36.461
73.663
55.108
65.777
34.791
14.943
10.663
6
6.766
5.270
4.948
5.591
19.594
31.636
95.280
53.067
57.242
32.007
14.943
10.440
7
6.556
5.109
4.800
5.913
21.771
35.255
62.809
47.501
56.686
30.801
14.151
10.440
8
6.556
5.109
4.948
5.591
14.943
27.369
66.334
44.532
58.819
30.059
13.656
10.218
9
6.556
5.109
4.948
5.430
11.281
23.287
58.819
50.470
63.458
29.317
13.656
9.995
10
6.234
4.948
5.430
5.109
9.995
21.338
47.501
55.665
75.519
28.482
13.459
9.995
11
6.234
4.948
5.591
5.109
12.667
18.926
41.378
59.933
71.158
28.482
13.162
9.772
12
6.234
4.948
5.913
6.074
11.776
16.885
39.986
59.933
71.158
35.626
13.162
9.772
13
6.395
4.651
6.074
5.270
18.604
15.308
76.168
56.129
65.777
32.750
12.667
9.550
14
6.234
4.800
5.752
7.397
12.667
17.442
66.984
56.686
91.012
28.946
12.469
9.550
15
6.234
4.800
5.430
5.270
15.240
17.720
144.729
55.108
87.487
25.606
12.172
9.327
16
6.074
4.651
5.109
5.270
14.151
16.885
101.867
65.777
67.540
24.956
12.172
9.327
17
6.074
4.651
5.109
5.109
11.974
18.926
78.766
62.252
80.807
24.585
11.974
9.104
18
5.913
4.503
5.109
4.948
13.953
36.461
58.819
69.952
69.952
22.915
11.974
8.882
19
5.913
4.651
5.591
6.234
12.469
30.801
59.376
54.552
61.695
21.988
11.776
8.659
20
5.752
4.503
6.234
5.752
14.448
42.677
70.509
52.047
58.263
21.709
11.479
8.882
21
5.913
4.503
6.556
5.270
12.964
40.914
56.129
50.470
57.799
20.411
11.281
8.659
22
5.752
4.503
5.752
5.270
17.714
51.490
67.540
55.665
80.807
19.483
10.985
8.659
23
5.430
4.948
5.270
6.234
11.776
53.067
53.531
59.933
65.128
19.204
10.787
8.449
24
5.591
4.800
4.948
8.238
12.469
61.695
115.690
57.242
70.509
21.060
10.589
8.449
25
5.430
4.651
4.651
6.234
12.469
35.255
56.129
59.376
65.777
19.483
10.391
8.238
26
5.752
4.651
4.651
7.187
11.281
29.688
78.766
57.799
66.334
18.369
9.995
8.659
27
5.591
5.109
4.800
7.608
11.479
33.956
68.746
51.490
55.108
17.442
9.995
9.772
28
5.591
5.270
4.948
7.608
13.459
42.677
92.404
61.139
48.892
16.885
9.748
8.659
29
6.395
-
5.109
20.782
12.469
51.026
69.303
71.158
44.532
16.143
9.540
8.449
30
5.913
-
5.109
16.452
14.448
40.450
69.952
81.456
40.914
15.865
9.332
8.449
31
5.591
-
5.430
-
16.328
-
62.252
62.809
-
15.586
-
8.238



Table II-532: Daily flow at Ghunsa intake transported from Tamor at Mulghat in 1984
Day
Jan
Feb
Mar
Apr
May
Jun
Jul
Aug
Sep
Oct
Nov
Dec
1
8.238
5.913
4.651
5.430
7.640
18.926
26.998
45.460
33.213
12.710
8.026
7.199
2
8.028
5.913
4.651
6.766
6.423
16.143
21.245
33.213
30.801
12.803
7.808
7.199
3
7.818
5.752
4.651
5.752
5.581
15.586
16.885
28.204
29.688
12.432
7.699
7.088
4
7.608
5.752
4.651
5.430
12.172
17.998
23.379
25.884
29.966
12.154
7.808
6.977
5
7.608
5.591
4.651
4.651
18.604
21.709
22.266
22.452
29.966
11.968
7.699
6.977
6
7.397
5.591
4.651
4.057
9.995
19.483
27.461
20.225
48.243
11.504
7.590
6.977
7
7.397
5.591
4.503
3.909
17.417
22.637
27.276
17.071
30.523
11.319
7.481
6.865
8
6.977
5.430
4.503
3.909
17.219
29.317
65.685
19.576
29.502
11.040
7.373
6.754
9
7.187
5.591
4.503
3.612
26.224
25.328
47.222
19.204
26.348
10.855
7.155
6.754
10
7.187
5.591
4.503
4.651
12.964
36.924
32.657
17.071
28.946
10.669
7.155
6.643
11
6.977
5.430
4.503
5.752
9.995
27.740
29.502
18.462
26.534
11.040
7.046
6.754
12
6.766
5.591
4.354
4.503
9.995
27.369
37.203
19.204
37.481
10.298
7.046
6.643
13
6.766
5.270
4.354
4.206
15.438
25.606
39.615
21.617
27.276
9.741
6.937
6.643
14
6.766
5.270
4.354
3.909
13.162
37.759
33.492
18.091
29.688
9.927
6.937
6.643
15
6.556
5.270
4.354
3.909
17.417
32.007
26.812
19.390
33.213
10.855
6.828
6.531
16
6.766
5.109
4.354
4.057
22.761
30.801
27.276
18.648
43.140
10.391
6.739
6.531
17
7.608
5.109
4.206
8.238
20.485
24.214
30.801
20.596
68.654
9.927
6.650
6.531
18
7.397
4.948
4.206
9.995
16.625
27.369
34.327
20.225
48.985
9.649
6.650
6.420
19
6.977
4.948
4.206
9.327
17.219
37.388
24.678
20.782
48.614
9.370
6.561
6.420
20
6.977
5.752
4.206
6.395
14.151
33.956
24.029
20.782
34.048
9.370
6.472
6.309
21
6.766
6.074
3.909
6.556
10.589
41.378
31.822
26.534
28.946
10.391
6.383
6.309
22
6.766
5.430
3.760
6.395
19.198
119.03
23.565
21.895
23.565
9.046
6.383
6.309
23
6.766
5.109
3.760
5.591
21.474
13.545
42.120
35.997
22.730
8.684
6.294
6.222
24
6.556
4.948
3.760
5.913
16.625
19.019
37.203
29.966
20.411
8.563
6.205
6.222
25
6.556
4.948
3.909
5.752
18.011
39.615
32.657
28.760
18.091
8.443
6.116
6.222
26
6.395
5.270
3.909
8.449
21.177
21.245
57.521
37.481
17.256
8.340
6.116
6.136
27
6.395
4.800
5.109
7.187
18.901
16.236
63.087
32.378
16.236
8.238
6.027
6.136
28
6.234
4.800
4.503
8.028
20.188
14.380
46.851
29.502
15.122
8.034
6.027
6.049
29
6.074
4.800
4.057
7.187
24.146
19.576
44.718
23.565
14.566
7.932
5.938
5.962
30
6.074
-
4.206
9.772
23.454
21.245
47.872
28.204
13.731
7.830
5.849
5.962
31
5.913
-
4.354
-
22.068
-
47.222
31.544
-
7.626
-
5.789



Table II-533: Daily flow at Ghunsa intake transported from Tamor at Mulghat in 1985
Day
Jan
Feb
Mar
Apr
May
Jun
Jul
Aug
Sep
Oct
Nov
Dec
1
5.703
5.183
4.923
5.270
5.314
12.803
25.606
28.760
177.107
55.108
25.136
18.060
2
5.703
5.183
5.010
4.837
5.314
25.884
20.967
33.492
129.885
45.553
25.532
17.689
3
5.789
5.183
4.923
4.663
7.046
21.895
20.039
27.461
159.759
41.378
25.136
17.689
4
5.789
5.096
5.096
4.923
5.403
13.731
31.822
27.276
163.841
41.378
24.839
17.071
5
5.789
5.096
5.096
4.663
5.759
11.597
27.461
24.956
152.151
37.759
22.761
17.071
6
5.876
5.096
5.096
4.577
5.314
10.391
23.843
25.606
127.380
35.255
22.068
16.823
7
5.789
5.356
5.183
4.490
5.581
9.649
24.214
22.452
101.867
34.420
21.474
16.452
8
5.789
5.356
5.183
4.923
5.047
9.741
24.956
22.080
86.837
33.213
20.782
16.205
9
5.703
5.356
5.270
4.663
5.047
20.225
28.204
21.895
80.158
32.750
20.188
15.834
10
5.703
5.270
5.096
5.876
5.225
15.030
26.812
21.895
71.808
32.750
20.485
15.586
11
5.703
5.270
5.096
5.356
4.978
10.669
26.534
25.420
71.158
32.007
20.188
15.586
12
5.616
5.183
5.096
5.183
6.739
10.020
40.821
37.481
74.962
29.688
21.177
15.215
13
5.616
5.096
5.096
5.096
6.650
9.927
53.438
25.606
67.540
28.111
22.068
15.215
14
5.616
5.096
5.010
5.096
6.294
15.679
57.149
36.924
95.280
26.998
19.891
14.968
15
5.529
5.096
5.010
5.183
6.205
14.009
62.716
34.327
80.158
26.998
19.594
14.968
16
5.529
5.010
4.923
5.010
5.759
15.030
48.614
37.759
138.235
26.998
18.604
14.720
17
5.443
5.010
4.923
4.923
5.492
24.029
57.521
26.998
73.014
35.626
18.308
14.720
18
5.356
4.923
4.663
4.837
5.403
31.358
43.140
40.172
71.158
188.333
18.011
14.349
19
5.356
4.923
4.577
5.876
7.046
17.813
38.966
60.860
68.746
66.334
17.714
14.102
20
5.356
4.923
4.490
5.529
5.849
16.236
46.480
36.924
62.252
51.026
17.417
14.102
21
5.270
4.923
4.490
5.356
9.263
16.514
54.552
85.446
59.933
39.522
17.417
13.731
22
5.270
4.837
4.404
5.616
7.590
25.884
45.738
90.270
56.686
32.750
17.219
13.483
23
5.270
4.923
4.490
10.44
7.373
24.678
57.149
77.467
63.458
32.378
16.625
13.236
24
5.270
4.923
4.577
6.531
6.383
20.596
59.747
136.379
58.819
31.636
16.328
12.989
25
5.270
4.923
4.663
6.309
6.472
18.277
56.407
204.291
67.540
28.111
16.032
12.989
26
5.183
4.923
5.010
5.789
9.134
17.813
50.099
128.215
66.334
28.111
15.735
12.741
27
5.183
4.923
5.356
5.789
10.688
28.204
68.282
96.672
62.252
26.998
15.438
12.989
28
5.183
4.923
6.754
5.703
10.688
22.915
107.06
99.640
57.799
25.977
14.943
15.586
29
5.096
-
8.671
6.420
15.141
29.688
59.005
90.270
57.799
24.956
14.745
14.968
30
5.183
-
5.876
6.643
10.985
18.462
40.543
112.351
57.242
24.214
14.448
14.968
31
5.183
-
5.529

12.073
-
35.162
115.690
-
23.936
-
14.102


Table II-534: Daily flow at Ghunsa intake transported from Tamor at Mulghat in 1986
Day
Jan
Feb
Mar
Apr
May
Jun
Jul
Aug
Sep
Oct
Nov
Dec
1
13.483
9.550
8.028
7.187
11.776
13.545
82.106
73.663
72.365
50.006
19.594
16.452
2
13.236
9.550
7.818
6.977
9.540
16.143
55.108
159.759
74.962
51.026
18.901
16.452
3
12.989
9.550
7.818
6.977
10.589
13.081
50.006
115.690
62.252
51.026
18.604
16.452
4
13.236
9.327
8.028
6.977
16.625
13.267
42.677
85.446
88.878
52.511
18.604
16.205
5
12.989
9.327
8.028
6.977
17.219
13.081
41.378
76.168
71.158
45.553
18.604
15.834
6
12.741
9.327
8.659
7.818
12.667
15.030
73.014
65.128
64.571
37.759
18.308
15.834
7
12.494
9.327
8.238
7.818
9.995
19.483
68.746
59.933
68.746
36.461
18.011
15.586
8
12.184
9.104
8.238
7.818
9.995
20.689
114.86
80.158
69.952
35.626
17.714
15.586
9
12.184
9.104
8.238
7.608
9.124
21.709
59.376
61.139
73.014
34.420
17.417
14.968
10
12.184
9.104
8.659
7.608
9.124
21.338
57.242
55.665
84.796
33.956
17.417
14.349
11
11.925
9.104
8.238
8.238
13.656
21.709
54.088
56.222
106.51
40.914
17.417
13.483
12
11.925
9.104
8.238
9.550
10.787
20.689
68.097
55.665
88.878
51.026
18.308
12.989
13
11.665
9.104
9.327
9.772
13.459
23.936
99.640
56.222
86.188
32.378
17.219
12.741
14
11.665
9.104
9.104
13.236
13.459
21.060
106.51
50.470
80.158
36.924
16.922
13.236
15
11.405
9.104
8.659
12.741
14.448
24.585
86.837
52.511
84.054
39.986
16.328
12.989
16
11.405
9.104
8.882
11.665
15.735
25.328
93.146
66.984
79.415
33.585
16.328
12.989
17
11.405
9.104
8.028
11.145
12.172
32.842
73.014
68.746
78.766
31.172
15.735
12.989
18
11.145
9.104
7.818
11.145
16.922
43.604
84.796
67.540
65.777
29.317
15.438
12.741
19
11.145
8.882
7.818
9.772
12.964
66.984
73.014
82.106
56.222
27.369
15.240
13.483
20
10.663
8.882
7.818
9.772
10.787
56.222
69.303
157.718
49.449
26.348
14.943
13.236
21
10.886
8.659
7.608
8.882
10.589
51.026
69.303
71.808
52.511
25.328
14.745
12.989
22
10.440
8.238
7.397
9.104
10.589
42.677
66.984
71.158
49.449
24.214
14.745
12.741
23
10.440
8.028
7.397
8.449
10.985
41.749
65.777
77.467
53.531
23.287
14.448
12.741
24
10.440
8.238
7.187
15.586
10.589
51.026
68.746
72.365
48.892
22.266
14.448
12.494
25
10.218
8.238
7.187
15.834
10.391
41.749
114.86
67.540
52.511
21.338
14.151
12.184
26
9.995
8.028
7.187
14.720
9.748
41.749
84.796
70.509
51.026
20.689
13.953
12.184
27
9.995
8.028
6.977
15.834
11.974
54.552
85.446
66.984
53.531
20.411
13.656
11.925
28
9.772
8.028
6.977
11.925
13.459
58.819
86.837
67.540
59.376
20.132
13.656
11.925
29
9.995
-
6.977
16.205
11.974
71.808
59.933
64.015
50.006
19.483
13.459
11.665
30
9.772
-
7.397
18.060
10.985
80.158
76.168
60.582
48.429
19.204
13.459
11.405
31
9.550
-
7.187
-
12.964
-
124.04
65.128
-
18.648
-
11.145



Table II-535: Daily flow at Ghunsa intake transported from Tamor at Mulghat in 1987
Day
Jan
Feb
Mar
Apr
May
Jun
Jul
Aug
Sep
Oct
Nov
Dec
1
11.405
8.238
7.954
16.823
12.865
18.741
56.222
117.917
189.261
58.912
25.433
17.071
2
11.145
8.238
8.028
19.792
13.459
19.761
169.129
124.875
294.839
58.541
23.552
16.823
3
11.145
8.238
7.954
11.319
15.636
18.184
104.186
114.577
94.074
57.521
21.969
16.823
4
11.145
8.238
7.608
13.112
20.485
17.720
66.149
104.186
122.185
55.851
21.375
16.576
5
11.145
8.585
7.682
12.011
14.052
30.245
59.747
98.898
74.406
49.356
20.782
16.328
6
10.886
8.238
7.608
11.232
11.776
24.956
60.211
95.558
71.158
43.604
20.386
16.081
7
10.886
8.238
7.397
10.811
10.292
35.718
56.222
109.475
70.787
39.986
20.287
15.834
8
10.440
8.238
7.397
10.515
10.292
25.977
62.530
84.518
126.638
38.223
19.891
15.834
9
10.218
8.238
7.533
21.029
16.328
26.070
85.260
110.681
75.519
38.038
19.396
15.586
10
10.218
8.164
8.807
14.226
18.011
32.007
82.384
346.515
78.488
35.997
18.703
15.215
11
9.995
8.028
8.449
14.226
15.735
24.585
81.549
474.730
64.943
35.162
18.506
14.968
12
9.995
8.028
8.585
13.112
12.865
49.264
65.592
300.405
71.715
33.863
18.802
14.968
13
9.921
7.818
8.733
11.492
12.568
29.781
60.397
350.226
61.695
32.286
18.703
14.720
14
9.772
7.818
8.238
10.515
11.677
29.781
53.902
197.796
63.829
32.471
18.209
14.473
15
9.772
7.892
8.882
9.921
12.568
28.482
65.592
139.348
59.283
30.523
18.011
14.473
16
9.624
7.892
8.523
9.401
12.469
46.944
60.768
105.021
56.871
29.874
17.714
14.473
17
9.550
7.818
8.313
9.030
12.964
31.172
60.397
109.011
54.923
28.018
17.219
14.473
18
9.550
7.818
8.238
9.624
13.459
29.688
62.623
110.681
54.923
26.812
16.922
14.226
19
9.550
7.818
9.030
15.957
12.766
51.676
64.943
102.609
57.984
44.254
16.625
14.226
20
9.327
7.818
8.523
10.440
11.281
53.067
61.695
93.888
152.151
143.337
15.636
13.978
21
9.327
7.608
14.102
10.589
11.578
54.273
65.592
98.898
110.402
75.890
15.339
13.731
22
9.327
7.608
10.143
12.271
13.261
51.861
63.273
72.179
71.344
33.492
15.339
13.483
23
9.253
7.397
9.253
17.689
15.339
53.160
76.725
67.355
71.530
31.544
15.141
13.483
24
9.030
7.323
8.585
13.112
13.261
46.016
160.037
71.251
70.787
29.410
15.141
13.236
25
8.659
7.187
8.523
13.360
14.745
43.140
150.296
67.355
69.674
25.513
14.844
13.112
26
8.659
7.187
9.030
16.823
14.646
47.222
139.163
65.777
84.796
24.585
14.646
12.865
27
8.449
7.113
18.679
18.431
13.558
49.449
89.250
73.478
73.199
23.750
14.646
12.865
28
8.449
9.030
12.011
12.989
13.063
50.377
119.494
72.828
70.973
23.008
14.448
12.617
29
8.449
-
9.772
12.098
13.854
42.213
117.360
69.488
62.530
22.452
14.151
12.110
30
8.449
-
8.807
13.978
14.151
53.253
76.261
70.138
66.241
22.173
13.953
11.875
31
8.449
-
12.494
-
19.891
-
106.135
70.695
-
26.719
-
11.875


Table II-536: Daily flow at Ghunsa intake transported from Tamor at Mulghat in 1988
Day
Jan
Feb
Mar
Apr
May
Jun
Jul
Aug
Sep
Oct
Nov
Dec
1
11.665
9.030
7.917
6.878
9.332
15.865
51.861
209.115
144.729
41.378
17.219
13.978
2
11.455
9.030
7.768
7.026
10.589
15.308
37.203
84.796
104.836
47.222
16.922
13.731
3
11.455
8.845
7.768
6.729
12.865
17.627
50.191
68.097
86.837
40.543
16.922
13.483
4
11.455
8.845
7.768
7.026
18.209
14.844
61.695
68.097
90.270
38.409
16.922
13.236
5
11.455
8.845
8.102
7.026
13.261
16.885
67.540
70.509
76.168
40.914
16.625
13.236
6
11.455
8.659
8.659
7.175
11.974
14.195
75.519
191.673
141.946
35.162
16.625
13.236
7
11.455
8.473
9.401
7.471
10.292
14.844
68.746
186.292
76.818
33.492
16.328
13.236
8
11.455
8.473
7.768
8.288
9.876
16.328
131.741
83.405
78.766
31.915
16.130
13.236
9
11.455
8.288
9.587
7.917
9.688
18.741
76.818
153.079
106.506
28.204
15.834
13.112
10
11.244
8.288
11.455
7.768
20.782
21.524
73.014
109.011
119.030
27.090
15.834
13.112
11
11.244
8.288
9.401
7.917
11.974
20.318
74.962
124.875
69.303
26.070
15.834
13.112
12
11.244
8.288
10.193
7.768
10.589
21.895
71.158
117.360
69.303
25.699
15.636
13.112
13
11.034
8.102
19.174
7.768
10.985
32.286
71.158
119.865
66.334
25.420
15.636
13.112
14
10.824
8.102
16.823
13.112
13.261
26.719
68.097
111.516
58.912
24.122
15.339
12.865
15
10.613
8.102
18.308
12.345
10.589
23.101
69.303
223.588
54.737
22.823
15.141
12.865
16
10.613
8.102
13.978
9.030
11.578
29.966
71.158
106.506
50.933
22.452
14.646
12.617
17
10.613
8.102
12.345
12.865
10.787
29.966
71.808
110.681
40.079
21.524
14.646
12.345
18
10.613
8.288
8.288
9.983
12.865
26.070
99.640
104.836
37.203
21.524
14.448
11.875
19
10.403
8.288
7.768
9.216
17.417
27.461
67.540
128.215
40.543
20.967
13.656
11.875
20
10.403
8.102
9.216
8.845
16.328
32.657
61.139
135.452
33.863
20.318
13.459
11.875
21
10.403
8.102
8.288
9.401
17.219
36.832
134.524
145.657
38.409
19.204
13.063
11.665
22
10.193
7.917
8.288
9.587
18.011
43.883
119.865
115.690
40.079
18.741
12.865
11.665
23
9.983
7.917
7.768
11.665
19.396
38.409
97.414
154.934
37.667
18.741
12.667
11.665
24
9.772
9.587
8.102
12.345
14.646
40.543
71.158
221.176
37.203
18.741
12.172
11.455
25
9.772
9.216
8.102
9.216
13.063
62.901
79.415
201.878
36.368
18.462
11.974
11.455
26
9.587
8.659
7.620
9.772
13.459
44.346
88.229
165.882
48.521
17.906
11.776
11.244
27
9.587
9.030
7.620
11.665
13.063
47.222
68.097
154.934
49.727
17.627
11.776
11.455
28
9.401
7.620
7.768
11.244
15.339
27.090
72.365
148.440
53.902
17.349
11.578
11.455
29
9.401
8.102
7.620
11.034
49.480
26.348
93.146
166.902
60.025
17.071
11.380
11.455
30
9.216
-
7.323
13.112
20.782
25.699
71.808
150.296
50.562
16.607
11.380
11.244
31
9.216
-
7.026
-
18.011
-
206.703
106.506
-
16.328
-
11.034



Table II-537: Daily flow at Ghunsa intake transported from Tamor at Mulghat in 1989
Day
Jan
Feb
Mar
Apr
May
Jun
Jul
Aug
Sep
Oct
Nov
Dec
1
11.034
9.401
9.401
9.401
8.491
28.204
125.710
90.270
90.270
67.540
20.485
14.968
2
11.034
9.401
9.587
9.587
8.491
23.472
110.681
83.405
96.672
59.469
19.990
14.720
3
11.034
9.401
9.030
9.587
10.490
21.895
97.414
78.117
86.837
51.861
19.099
14.226
4
10.824
9.401
8.659
10.403
12.865
22.452
72.365
64.571
86.837
48.057
18.506
13.978
5
10.824
9.401
8.473
10.403
20.782
20.689
69.952
62.345
96.672
47.686
18.209
13.483
6
10.824
9.401
8.473
10.403
22.959
21.245
104.836
63.458
89.621
47.686
18.209
13.236
7
10.613
9.030
8.473
10.824
16.130
19.761
105.671
62.901
96.672
43.048
17.219
13.112
8
10.613
9.030
8.473
10.193
15.636
27.090
100.383
173.025
88.229
42.677
16.625
12.865
9
10.824
8.845
8.473
11.034
15.339
26.348
70.509
120.700
82.106
39.244
16.328
12.617
10
10.613
8.659
8.473
10.824
15.339
25.049
69.952
106.506
68.097
35.997
15.834
12.345
11
10.613
8.473
8.473
11.665
15.339
26.070
76.818
119.865
67.540
34.327
15.636
12.110
12
10.613
8.473
11.034
11.455
13.953
23.472
77.467
119.030
83.405
32.657
15.339
12.110
13
10.613
8.288
9.401
9.983
19.099
29.966
71.808
116.525
69.303
31.172
15.141
11.665
14
10.613
8.288
8.845
9.401
15.141
40.079
151.223
75.519
78.117
30.709
15.141
11.875
15
10.613
8.102
10.613
10.403
13.063
141.018
141.018
71.808
78.117
30.337
14.844
11.665
16
10.613
8.102
9.401
9.983
12.865
102.609
118.195
69.303
76.818
29.595
14.448
11.665
17
10.403
7.917
9.030
10.824
12.667
106.506
104.836
68.097
81.456
29.595
14.151
11.455
18
10.403
7.917
8.845
10.193
12.865
67.540
103.351
78.766
114.020
27.090
13.656
11.455
19
10.193
9.587
14.720
11.034
12.667
49.356
90.270
81.456
136.379
26.070
13.459
11.455
20
10.193
11.244
11.665
11.244
18.209
49.356
71.158
99.640
114.855
23.750
13.656
11.244
21
9.983
9.587
11.034
10.403
18.506
47.686
68.746
106.506
106.506
24.771
15.834
11.034
22
9.983
9.030
10.193
11.034
21.672
48.057
66.334
103.351
115.690
22.823
15.636
11.034
23
9.772
8.473
9.772
12.865
17.714
47.686
78.766
93.888
108.176
22.452
13.459
10.824
24
9.772
8.288
10.824
11.455
18.209
46.388
74.962
88.229
93.888
21.245
13.261
10.824
25
9.587
8.288
11.244
11.875
27.808
46.016
66.334
84.796
80.807
20.689
12.667
10.613
26
9.587
8.659
11.034
12.110
34.834
46.388
64.571
82.755
82.755
20.318
12.865
10.613
27
9.587
8.845
10.824
12.617
44.136
81.456
125.710
87.487
75.519
20.318
12.469
10.824
28
9.587
9.030
10.613
11.034
104.70
132.668
98.156
89.621
98.898
19.483
12.469
10.824
29
9.587
-
9.772
10.613
21.078
77.467
97.414
85.446
109.011
18.926
12.172
10.613
30
9.587
-
9.587
10.824
35.329
75.519
115.690
83.405
82.755
18.184
12.469
10.403
31
9.401
-
9.401
-
27.115
-
97.414
151.223
-
17.627
-
10.193



Table II-538: Daily flow at Ghunsa intake transported from Tamor at Mulghat in 1990
Day
Jan
Feb
Mar
Apr
May
Jun
Jul
Aug
Sep
Oct
Nov
Dec
1
9.983
7.620
8.102
7.471
18.802
20.967
75.519
122.370
42.213
41.378
19.099
14.226
2
9.772
7.471
7.917
7.917
10.985
25.699
49.356
66.984
39.708
50.933
18.802
13.978
3
9.772
7.323
7.768
8.102
11.380
24.122
50.933
57.706
40.079
46.016
18.011
13.731
4
9.587
7.175
7.768
8.473
11.380
30.337
64.571
52.696
37.203
43.048
18.011
13.731
5
9.401
7.323
7.917
7.323
9.500
31.544
151.223
134.524
37.203
40.543
17.714
13.483
6
9.401
7.323
7.917
7.175
10.490
46.851
136.379
52.696
40.543
39.708
17.417
13.483
7
9.216
7.323
7.917
7.323
15.636
25.049
173.025
46.016
46.388
39.244
17.219
13.236
8
8.845
7.323
7.917
7.768
11.974
32.286
169.964
65.777
43.511
39.244
16.922
13.112
9
8.845
7.323
8.288
14.473
10.985
29.595
83.405
143.801
40.543
38.409
16.328
12.865
10
8.659
7.323
8.102
11.665
13.063
82.755
61.695
141.018
226.00
49.356
16.130
12.617
11
8.659
7.471
9.216
9.772
17.219
39.708
44.346
76.818
55.201
39.708
15.834
12.617
12
8.288
8.473
9.216
9.983
15.636
35.162
162.820
260.698
56.871
36.368
15.636
12.345
13
8.102
7.471
9.401
9.587
12.172
36.832
133.596
81.456
54.366
32.657
15.339
12.345
14
8.659
7.620
9.030
9.401
21.672
36.368
189.447
83.405
52.232
30.709
15.141
12.110
15
8.659
7.768
8.473
9.772
14.844
34.327
241.679
78.766
54.737
30.337
14.844
11.875
16
8.659
8.288
7.768
10.403
18.209
31.915
46.851
93.888
96.022
30.337
14.448
11.665
17
8.473
7.917
7.620
10.403
16.922
50.933
90.270
78.117
96.672
29.224
14.151
11.665
18
8.288
7.768
7.620
11.665
23.651
54.737
108.176
66.334
74.962
27.461
13.953
11.455
19
8.288
7.620
7.471
21.771
18.209
62.345
157.718
78.117
62.901
26.719
13.656
11.244
20
8.288
7.768
7.471
11.875
15.339
52.232
102.609
60.582
49.727
26.070
13.459
11.034
21
8.102
7.620
9.587
10.824
23.651
50.191
85.446
63.458
35.997
25.420
13.261
11.034
22
8.102
7.471
9.587
12.865
23.948
55.572
87.487
56.871
48.892
23.750
13.063
10.824
23
8.102
8.288
10.61
14.720
15.339
62.901
95.280
53.067
46.851
23.101
12.865
10.613
24
8.102
9.030
8.288
14.473
17.219
48.521
84.054
52.232
50.562
22.452
12.667
10.403
25
8.102
7.917
8.288
16.576
16.328
46.851
84.054
60.025
68.746
21.524
12.469
10.403
26
7.917
8.659
7.917
14.226
16.328
50.933
103.351
143.801
63.458
20.039
12.172
10.403
27
7.917
8.473
7.917
13.112
16.922
49.727
62.345
54.737
40.079
19.483
11.974
10.193
28
7.917
8.473
7.768
16.823
18.209
46.388
66.984
45.553
73.663
18.926
11.776
10.193
29
7.768
-
7.917
15.215
26.026
53.067
86.188
44.346
56.407
18.741
11.776
9.983
30
7.768
-
7.620
15.834
20.485
53.531
58.077
38.873
66.984
18.462
11.578
9.983
31
7.620
-
7.323
-
21.078
-
58.077
37.667
-
18.462
-
9.772



Table II-539: Daily flow at Ghunsa intake transported from Tamor at Mulghat in 1991
Day
Jan
Feb
Mar
Apr
May
Jun
Jul
Aug
Sep
Oct
Nov
Dec
1
10.193
8.288
7.175
14.473
9.500
24.771
62.901
119.030
120.700
43.048
16.130
11.875
2
11.244
8.102
7.026
12.345
18.209
24.122
78.117
117.360
157.718
42.213
15.339
11.665
3
14.720
8.102
7.026
9.216
10.094
12.432
78.766
108.176
154.007
37.667
15.141
11.455
4
11.665
8.102
7.026
10.193
8.491
16.607
71.158
123.205
159.759
35.162
14.844
11.244
5
11.034
7.917
7.026
8.845
8.323
19.204
52.232
106.506
119.865
33.863
14.448
11.034
6
10.824
7.768
7.026
8.102
11.380
28.204
78.766
113.186
99.640
34.698
14.448
11.034
7
10.613
7.768
7.175
7.768
12.667
46.016
93.146
162.820
93.146
33.492
14.448
10.824
8
10.824
7.620
7.175
11.665
11.776
35.997
68.097
226.000
111.516
35.997
14.151
10.824
9
9.983
7.620
7.026
9.983
12.469
50.191
96.672
153.079
108.176
34.698
14.151
10.824
10
9.983
7.471
6.878
8.102
13.656
68.097
112.351
142.874
139.163
34.327
13.953
10.824
11
9.983
7.471
6.878
8.473
12.469
43.511
108.176
141.018
100.383
28.853
13.656
10.613
12
9.983
7.323
6.878
8.102
11.182
38.038
84.796
131.741
77.467
26.348
13.261
10.613
13
9.772
7.323
6.878
7.471
11.380
53.067
101.125
119.865
76.818
25.699
12.865
10.403
14
9.772
7.323
7.175
7.175
9.500
61.695
93.146
105.671
89.621
25.420
12.667
10.403
15
9.772
7.323
7.026
7.175
9.332
57.706
124.875
74.313
81.456
23.472
12.667
10.193
16
9.587
7.026
7.323
7.323
11.776
69.952
85.446
169.964
80.158
22.173
12.469
10.193
17
9.587
7.026
7.026
7.917
10.094
58.077
79.415
215.145
69.952
20.967
12.469
9.983
18
9.401
7.026
7.026
8.659
14.151
43.511
80.158
124.040
67.540
20.318
12.172
9.772
19
9.401
6.878
6.729
8.659
10.094
61.695
77.467
115.690
64.015
19.761
11.974
9.587
20
9.030
6.729
6.878
7.620
10.490
64.571
55.201
129.885
59.469
18.926
11.776
9.587
21
9.030
6.878
7.026
7.323
14.448
44.718
64.015
154.934
58.077
19.204
11.380
9.587
22
9.030
6.878
7.471
7.026
13.459
58.912
61.695
87.487
56.036
18.926
11.182
9.587
23
8.845
6.878
7.917
7.026
14.151
91.662
65.128
64.015
53.902
18.741
10.985
9.587
24
7.917
6.729
7.620
8.102
15.339
95.280
59.469
58.912
69.303
18.462
10.787
9.772
25
8.845
6.878
7.768
8.659
13.063
53.902
60.025
74.962
73.663
18.184
10.589
9.772
26
8.659
6.729
7.175
7.768
14.646
58.912
58.077
89.621
64.015
18.184
10.490
9.983
27
8.659
7.471
6.878
16.081
15.141
54.737
65.777
115.690
51.397
18.184
10.292
9.772
28
8.473
7.175
7.026
11.034
20.782
57.242
124.040
153.079
48.521
17.906
10.094
9.772
29
8.473
-
7.026
12.110
23.355
65.128
88.229
103.351
45.181
17.349
9.876
9.587
30
8.288
-
7.323
11.034
50.865
91.662
69.303
93.146
42.677
16.328
9.688
9.587
31
8.288
-
10.61
-
52.647
-
61.695
121.535
-
15.308
-
9.401



Table II-540: Daily flow at Ghunsa intake transported from Tamor at Mulghat in 1992
Day
Jan
Feb
Mar
Apr
May
Jun
Jul
Aug
Sep
Oct
Nov
Dec
1
9.401
7.323
6.247
6.296
8.273
9.834
39.615
73.663
48.800
28.389
15.636
10.589
2
9.216
7.323
6.160
6.296
9.461
9.370
40.264
65.777
50.655
26.905
15.438
10.440
3
9.216
7.323
6.160
6.296
9.253
9.213
55.294
109.846
40.543
26.163
14.844
10.737
4
9.216
7.323
6.630
6.160
8.610
8.906
43.511
129.699
39.244
25.884
14.646
10.663
5
9.030
7.175
6.482
5.888
10.193
9.027
51.305
92.218
39.986
25.513
14.151
10.515
6
9.030
7.175
6.680
5.802
7.927
8.693
51.026
86.837
74.406
24.864
13.854
10.143
7
9.030
7.979
6.927
7.274
9.134
8.591
47.408
83.869
51.305
24.122
13.360
9.847
8
8.845
8.238
6.878
7.076
8.887
14.380
103.53
91.662
67.355
23.565
13.063
9.550
9
8.659
7.422
6.729
6.296
7.946
11.319
65.870
87.487
103.07
23.287
12.964
9.327
10
8.659
7.323
6.729
6.346
14.349
10.855
68.746
82.106
66.705
21.709
12.568
9.327
11
8.473
7.175
6.729
7.323
12.568
13.545
66.241
96.208
63.922
20.225
12.370
9.104
12
8.473
7.175
6.828
7.719
9.817
10.205
71.808
99.919
81.642
20.132
12.172
9.104
13
8.288
7.274
6.531
7.224
8.827
12.617
60.397
78.024
69.303
19.112
11.875
8.882
14
8.102
7.175
6.296
7.719
8.045
12.432
46.573
74.498
72.828
24.400
11.677
8.585
15
8.102
7.175
6.296
7.768
15.735
11.133
91.847
89.250
68.097
24.400
11.380
8.374
16
8.102
7.026
6.247
7.521
10.292
10.669
61.232
83.405
65.777
69.674
10.985
8.238
17
7.917
6.878
6.024
6.878
13.063
10.391
66.334
69.952
71.530
37.017
10.589
8.164
18
7.979
6.729
5.888
7.026
10.391
17.442
64.015
67.169
68.375
41.934
10.391
8.028
19
7.917
6.729
6.210
7.026
9.995
18.184
69.025
64.386
55.851
25.606
10.292
7.954
20
7.917
6.729
6.111
6.927
10.391
26.719
61.788
65.592
51.676
24.400
10.094
7.818
21
7.917
6.581
6.247
7.125
10.589
42.305
63.087
56.314
39.708
23.936
9.995
7.608
22
7.768
6.581
6.482
6.927
10.292
47.779
69.488
65.963
36.739
23.750
9.748
7.608
23
7.768
6.581
6.581
7.224
10.490
38.594
68.561
68.097
35.347
23.565
9.540
7.533
24
7.768
6.581
6.729
7.274
10.589
36.924
92.682
90.734
33.863
21.988
9.332
7.397
25
7.768
6.432
6.878
6.729
11.974
37.203
58.634
132.947
32.007
20.318
9.332
7.397
26
7.620
6.432
7.076
6.828
10.391
30.245
57.149
125.246
28.760
19.390
9.124
7.187
27
7.620
6.296
8.498
7.830
10.589
30.152
74.127
120.608
27.461
19.112
9.055
7.113
28
7.620
6.160
6.828
9.414
10.886
29.502
67.447
79.044
26.812
17.813
8.847
6.902
29
7.471
6.482
6.878
8.597
10.094
27.276
51.861
67.169
35.347
16.236
8.649
6.692
30
7.471
-
6.779
7.867
9.629
42.955
61.046
64.757
29.131
15.772
8.530
6.556
31
7.471
-
7.224
-
9.995
-
68.932
65.221
-
15.215
-
6.395



Table II-541: Daily flow at Ghunsa intake transported from Tamor at Mulghat in 1993
Day
Jan
Feb
Mar
Apr
May
Jun
Jul
Aug
Sep
Oct
Nov
Dec
1
6.395
5.270
4.206
3.093
8.174
14.287
77.374
122.649
66.705
54.923
15.636
10.663
2
6.234
5.109
4.206
3.278
8.055
16.792
105.856
103.815
68.097
46.202
15.438
10.663
3
6.234
5.109
3.760
3.389
25.136
23.008
92.126
102.887
72.828
45.181
14.844
10.440
4
6.074
5.059
3.760
3.204
24.938
18.926
96.022
104.279
65.963
43.604
14.745
10.440
5
6.123
4.750
3.760
3.130
23.157
23.750
90.456
85.724
65.035
38.316
14.547
10.143
6
6.024
4.503
3.760
3.241
18.604
22.544
55.851
130.813
57.613
38.316
14.349
9.772
7
7.608
4.305
3.760
3.167
17.120
23.472
38.687
121.535
55.294
34.791
14.151
9.550
8
7.397
4.206
3.711
3.241
12.766
22.080
36.924
141.946
52.882
36.924
13.755
9.327
9
6.902
4.255
3.612
3.389
11.578
44.625
34.420
151.965
52.047
34.791
13.162
9.104
10
6.507
4.602
3.464
3.859
16.328
28.296
38.687
147.791
51.026
29.502
13.162
8.882
11
6.395
4.602
3.464
3.464
12.865
22.730
38.873
167.830
48.892
30.801
13.162
8.659
12
6.556
4.701
3.760
4.552
15.735
21.988
38.223
148.718
47.965
34.420
13.162
8.659
13
6.556
4.800
3.662
5.294
15.438
22.080
39.522
146.399
47.779
39.615
12.964
8.449
14
6.395
4.651
3.352
6.977
24.146
21.431
75.426
156.790
46.016
38.502
12.964
8.238
15
6.234
4.651
3.773
6.185
21.276
21.895
61.139
137.585
42.862
35.347
10.391
8.028
16
6.234
5.789
4.057
4.874
19.792
23.472
63.829
125.988
41.470
33.770
10.391
8.028
17
6.074
10.75
3.711
4.602
15.834
24.493
61.510
124.319
32.100
35.997
10.193
8.028
18
6.185
5.962
3.352
7.608
14.547
24.493
65.221
112.072
28.482
24.493
10.391
7.818
19
5.913
4.948
3.563
8.313
17.813
23.287
135.452
110.681
26.998
24.122
10.391
7.818
20
6.024
4.800
3.513
6.247
17.219
31.636
142.595
107.619
26.626
23.936
10.490
7.608
21
5.752
4.602
3.204
9.488
17.021
53.624
103.166
118.845
31.544
23.379
10.391
7.608
22
5.752
4.354
3.130
6.284
15.141
64.850
154.563
149.089
43.419
23.101
10.193
7.608
23
5.591
4.132
3.464
14.349
14.745
59.190
73.014
154.656
44.625
22.544
10.193
6.977
24
5.591
3.909
3.426
11.269
13.063
30.245
84.518
149.646
59.840
21.524
10.193
6.977
25
5.542
4.107
3.389
9.624
12.766
40.264
85.260
97.692
68.561
20.132
10.193
6.977
26
5.430
4.057
4.404
8.733
12.370
37.296
77.931
101.125
78.395
17.998
9.995
6.977
27
5.430
3.958
3.958
8.523
12.766
34.791
85.260
79.972
77.096
17.627
9.995
6.977
28
5.381
4.255
3.612
8.882
19.000
35.904
78.395
120.144
70.509
16.885
9.817
6.766
29
5.270
-
3.464
11.578
15.537
30.987
84.611
96.579
75.055
16.607
9.263
6.766
30
5.270
-
3.241
10.737
14.151
35.162
136.658
81.178
86.930
16.143
8.847
6.692
31
5.270
-
3.130
-
14.745
-
145.657
78.209
-
15.493
-
6.556



Table II-542: Daily flow at Ghunsa intake transported from Tamor at Mulghat in 1994
Day
Jan
Feb
Mar
Apr
May
Jun
Jul
Aug
Sep
Oct
Nov
Dec
1
6.507
5.270
4.305
7.397
6.027
41.007
39.151
50.562
64.015
34.698
16.922
10.663
2
6.395
5.270
4.305
7.744
5.354
41.842
70.509
44.532
65.592
34.420
15.438
10.440
3
6.395
5.270
4.156
10.44
6.700
23.379
43.326
51.676
89.342
33.213
13.755
10.440
4
6.395
5.270
4.156
7.187
8.986
22.544
40.450
47.686
58.170
31.636
13.360
10.143
5
6.234
5.220
4.057
6.841
8.669
23.379
37.481
48.429
49.913
29.502
12.667
9.921
6
6.234
5.109
4.057
9.550
8.798
19.297
44.346
53.067
49.449
26.998
12.370
9.698
7
6.234
4.948
4.206
9.042
7.283
17.349
38.038
63.365
43.048
25.699
11.875
9.253
8
6.185
4.948
4.305
8.164
8.817
17.349
37.945
56.871
42.398
24.122
11.479
9.030
9
6.074
5.913
4.354
8.028
9.470
38.594
44.903
84.332
77.745
23.472
11.281
8.882
10
6.074
7.261
4.354
6.284
15.537
27.183
40.450
76.725
49.449
23.101
11.182
8.807
11
6.074
6.185
4.255
4.552
12.667
24.029
37.667
65.777
48.614
22.915
10.985
8.659
12
6.395
5.752
4.057
5.913
8.471
25.884
37.667
66.798
51.490
23.101
10.688
8.659
13
6.024
5.480
4.107
5.542
8.055
27.925
42.955
62.345
56.407
22.730
10.490
8.659
14
5.913
5.591
6.346
5.542
7.402
28.667
38.502
95.837
56.686
21.895
10.292
8.659
15
5.752
5.430
5.480
5.381
9.124
25.977
35.533
123.020
54.273
21.338
10.094
-
16
10.45
5.319
5.542
5.319
8.055
26.348
41.749
75.890
51.119
20.225
9.995
-
17
8.313
5.319
5.270
5.270
8.600
26.626
29.502
58.912
47.594
19.483
9.886
-
18
7.187
5.220
5.641
5.220
7.818
49.078
38.131
58.541
46.295
18.369
9.748
-
19
6.556
5.220
5.641
5.542
7.462
82.848
49.542
53.624
43.048
17.627
9.678
-
20
6.395
5.059
6.346
5.641
6.818
39.151
52.418
53.810
41.656
17.442
9.470
-
21
6.234
5.059
13.11
6.346
5.690
36.553
54.366
119.123
42.862
17.071
9.263
-
22
6.074
4.948
8.807
6.841
9.470
69.488
44.625
89.806
50.841
16.885
9.055
-
23
6.074
4.899
6.902
7.051
21.474
57.892
46.295
75.704
58.912
16.607
8.916
-
24
5.913
4.849
5.542
8.387
21.771
38.780
53.067
76.261
51.861
16.050
8.649
-
25
5.752
4.602
6.841
7.744
17.219
62.530
87.116
73.663
47.686
15.493
8.471
-
26
5.752
4.602
8.325
6.024
17.219
33.492
91.383
76.910
42.213
15.215
8.352
-
27
5.752
4.453
6.655
6.804
17.219
35.533
82.570
70.416
38.687
14.751
8.352
-
28
5.591
4.453
6.346
6.284
21.771
23.287
111.05
83.405
38.038
15.122
8.798
-
29
5.591
-
5.802
6.074
18.604
47.222
110.68
73.478
37.110
13.916
8.916
-
30
5.430
-
6.024
6.346
19.297
39.244
97.135
63.551
34.512
13.823
8.708
-
31
5.430
-
6.445
-
16.130
-
78.488
67.819
-
16.143
-
-



Table II-543: Daily flow at Ghunsa intake transported from Tamor at Mulghat in 1995
Day
Jan
Feb
Mar
Apr
May
Jun
Jul
Aug
Sep
Oct
Nov
Dec
1
6.902
5.430
4.800
7.323
16.229
47.408
159.851
70.138
75.426
46.480
16.625
13.483
2
6.766
5.430
4.800
5.381
11.776
45.831
106.691
74.127
68.097
42.584
16.229
13.112
3
6.766
5.430
4.948
5.059
12.469
41.842
121.906
72.828
60.397
54.737
15.933
12.989
4
6.766
5.270
4.948
4.948
13.459
33.028
88.229
66.705
70.416
50.933
15.537
12.741
5
6.556
5.270
5.158
5.109
11.578
43.048
93.888
63.087
91.291
50.470
14.943
12.741
6
6.556
5.752
5.381
5.109
8.174
43.790
146.863
57.428
77.374
41.934
14.745
12.494
7
6.556
5.752
5.059
4.948
10.292
43.140
173.025
117.917
63.644
37.388
14.448
12.358
8
6.556
5.430
5.059
4.701
8.718
42.398
129.143
96.579
57.057
31.729
14.151
12.184
9
6.556
5.270
4.948
4.453
10.886
42.584
90.641
82.013
47.872
29.874
13.755
11.925
10
6.556
5.270
4.800
4.960
16.229
72.643
75.612
76.168
73.756
28.018
158.33
11.578
11
6.556
5.270
4.800
6.284
22.563
61.695
106.506
76.168
60.489
27.647
110.93
11.405
12
6.395
5.109
4.948
6.185
15.438
51.861
74.127
89.992
46.851
27.090
29.985
11.145
13
6.395
5.430
4.948
5.802
20.188
53.531
128.957
84.796
45.181
36.182
23.256
11.059
14
6.395
5.270
4.750
5.591
24.344
58.819
106.970
110.031
41.656
36.461
20.782
10.811
15
6.445
5.703
4.602
4.948
29.490
71.808
105.856
169.964
41.192
31.080
18.209
10.663
16
6.395
5.591
4.354
5.109
22.662
88.229
88.507
130.442
39.986
26.905
17.615
10.440
17
6.395
5.752
4.354
5.220
32.360
76.632
96.208
82.291
38.223
36.461
16.526
10.440
18
6.902
5.703
4.305
8.535
66.402
151.22
113.928
69.952
42.120
27.461
15.438
10.440
19
6.507
5.542
4.453
12.494
83.126
95.373
85.724
68.097
42.955
25.420
14.448
10.589
20
6.234
5.430
5.158
9.253
88.173
68.839
82.848
92.961
41.934
23.936
14.349
10.218
21
6.234
5.220
5.319
8.956
36.714
55.851
76.447
85.353
40.635
22.544
14.052
10.218
22
6.074
5.109
5.430
7.471
30.381
51.861
69.117
70.231
39.708
22.544
13.459
10.143
23
6.074
4.948
5.641
6.766
28.599
48.150
67.726
67.540
46.480
21.895
12.964
9.995
24
5.913
4.948
6.630
8.313
28.599
49.820
66.705
71.715
75.055
20.225
12.667
9.847
25
5.913
4.800
6.977
8.585
28.995
49.171
64.386
127.287
61.046
18.833
12.964
10.143
26
5.752
4.800
6.655
8.671
28.204
37.388
62.994
105.300
53.902
18.555
12.667
10.143
27
5.752
4.800
6.643
14.102
27.709
36.182
68.561
118.010
55.294
17.998
12.667
8.585
28
5.752
4.800
7.533
10.861
27.214
36.739
64.850
111.979
54.737
17.442
12.469
7.608
29
5.591
-
6.766
10.453
30.183
68.654
57.242
132.204
51.119
16.143
12.073
7.608
30
5.591
-
7.892
14.597
32.063
55.851
69.025
211.805
50.655
16.236
11.677
7.397
31
5.591
-
8.164
-
32.360
-
87.487
98.434
-
16.050
-
7.818



Table II-544: Daily flow at Ghunsa intake transported from Tamor at Mulghat in 1996
Day
Jan
Feb
Mar
Apr
May
Jun
Jul
Aug
Sep
Oct
Nov
Dec
1
14.968
11.925
9.995
12.358
20.287
40.543
92.311
114.948
93.517
52.047
21.672
17.071
2
14.968
11.752
9.847
11.145
15.537
40.635
110.495
106.691
96.022
52.882
21.375
16.823
3
14.844
11.665
9.772
10.515
15.438
33.956
90.270
90.085
111.237
66.520
21.078
16.452
4
14.720
11.405
9.847
10.515
14.745
35.440
85.539
92.589
134.431
50.284
20.584
16.205
5
14.349
11.405
9.772
10.218
23.454
31.544
83.312
86.002
122.370
63.458
20.089
16.081
6
14.102
10.886
9.698
9.995
20.485
28.389
80.065
144.451
103.537
51.861
19.990
15.710
7
13.731
10.886
9.550
10.218
21.177
23.565
118.103
100.011
129.143
45.553
19.495
15.215
8
13.483
11.059
12.011
11.442
21.771
23.101
69.952
93.239
126.174
43.419
19.198
14.968
9
13.607
11.145
14.226
11.752
27.412
20.874
83.590
93.981
113.186
40.079
19.000
14.844
10
13.236
10.972
12.209
12.011
21.870
18.926
97.970
93.146
124.597
40.543
18.901
14.720
11
13.236
11.059
11.145
11.022
20.584
29.688
137.585
147.605
94.352
38.502
18.604
14.349
12
12.989
11.578
11.343
11.158
20.584
23.750
134.245
95.187
85.724
37.945
18.604
14.102
13
12.989
11.145
12.989
11.331
18.407
28.018
252.162
95.280
81.642
35.533
17.417
13.731
14
12.989
10.737
11.752
10.886
28.204
34.141
227.577
119.865
80.529
33.863
18.209
13.483
15
12.989
10.737
12.741
10.972
22.464
49.820
181.097
123.298
80.807
31.729
18.011
13.236
16
12.989
10.440
12.741
12.865
24.839
106.78
143.801
194.828
72.643
35.347
17.714
12.989
17
18.060
10.440
13.607
12.741
34.042
42.491
222.011
141.667
66.334
30.337
17.417
12.494
18
14.720
10.218
12.617
12.358
29.292
50.099
159.759
176.273
63.736
30.709
17.120
13.483
19
14.102
10.366
12.271
11.752
21.771
39.244
142.874
198.260
63.644
26.626
16.427
13.483
20
13.978
11.145
11.665
12.271
21.177
53.810
278.511
142.688
54.552
24.864
16.032
13.483
21
13.731
10.737
10.886
16.328
20.287
55.851
166.160
145.564
51.676
26.070
15.636
13.607
22
13.731
10.675
10.440
15.215
18.604
82.106
146.213
138.977
49.264
25.328
15.438
13.360
23
13.483
10.292
10.440
13.607
19.297
62.066
124.504
108.083
49.078
25.606
15.240
13.236
24
13.112
10.069
10.218
13.854
19.594
67.540
97.692
90.363
70.231
24.585
15.240
13.236
25
12.989
9.995
10.515
13.607
26.323
63.644
122.463
80.993
54.273
23.565
14.943
12.989
26
12.741
10.069
10.663
13.483
49.777
72.736
109.289
78.580
60.489
23.287
14.745
12.741
27
12.494
10.910
11.319
12.494
29.391
123.39
131.369
99.455
95.837
22.544
14.448
12.494
28
12.494
10.589
10.848
12.617
42.652
102.61
113.464
81.364
92.961
21.988
14.151
12.271
29
12.184
9.995
11.257
16.328
45.720
89.528
114.299
99.084
66.984
22.080
13.953
12.184
30
12.184
-
12.370
16.576
36.912
111.79
116.525
116.804
57.892
21.245
13.755
11.925
31
12.184
-
14.473
-
47.996
-
106.784
111.794
-
23.008
-
11.665


Table II-545: Daily flow at Ghunsa intake transported from Tamor at Mulghat in 1997
Day
Jan
Feb
Mar
Apr
May
Jun
Jul
Aug
Sep
Oct
Nov
Dec
1
11.665
10.589
8.585
13.483
15.438
16.236
117.082
69.488
77.096
65.592
23.750
13.978
2
11.665
10.440
8.659
10.490
13.261
16.050
75.704
72.457
78.766
58.819
23.552
13.483
3
11.492
10.218
8.733
10.811
11.380
16.328
60.025
74.591
80.900
57.613
23.355
13.236
4
11.405
9.995
8.807
10.440
13.656
18.369
126.081
90.270
66.798
51.119
22.761
12.989
5
11.145
9.847
8.659
10.218
14.448
16.700
123.576
101.403
93.517
47.130
22.464
12.741
6
11.145
9.624
8.733
9.698
14.943
40.264
111.701
90.920
92.033
45.553
21.969
12.494
7
10.886
9.401
8.659
9.327
14.646
34.698
156.975
88.229
75.983
42.955
20.485
12.494
8
10.886
9.401
8.807
8.882
14.943
31.080
131.833
71.901
72.086
40.079
21.177
12.358
9
10.663
9.104
8.956
10.440
14.943
32.564
100.104
451.072
77.096
37.759
20.782
21.771
10
10.663
8.956
8.807
12.098
14.745
33.585
104.743
199.281
69.860
37.110
20.485
16.205
11
10.589
8.956
8.807
11.059
14.745
65.685
107.341
246.596
83.219
36.646
20.188
14.720
12
10.440
8.733
8.659
11.232
14.151
44.718
89.435
241.957
109.382
35.811
19.891
13.854
13
10.366
8.659
8.659
10.515
15.636
44.439
74.313
240.751
97.692
34.512
19.891
16.823
14
10.218
8.523
8.659
10.218
16.130
56.314
64.850
223.588
114.670
34.791
19.594
15.834
15
10.218
8.449
8.449
20.287
15.933
43.326
72.828
232.401
113.742
33.770
19.198
12.741
16
9.995
8.238
8.585
14.720
14.547
43.326
98.156
309.776
153.450
31.822
18.901
12.741
17
10.292
8.238
8.659
14.102
13.459
 -
82.477
340.299
117.917
31.172
18.604
12.358
18
10.218
8.374
8.733
11.752
14.844
42.769
66.984
329.815
139.348
29.874
18.308
12.098
19
10.069
8.523
8.733
11.319
15.735
35.904
60.025
173.582
144.265
28.296
17.813
11.838
20
9.921
8.585
8.659
11.405
14.052
43.975
62.345
118.752
110.402
26.905
17.120
11.925
21
9.698
8.659
8.659
10.972
16.328
41.656
53.253
105.671
102.331
25.884
16.130
11.752
22
9.550
8.659
8.659
10.366
18.506
70.880
50.841
91.754
85.260
25.142
15.438
11.665
23
9.698
8.585
8.585
10.143
21.375
65.314
48.800
88.693
91.476
25.328
14.646
11.665
24
11.232
8.585
8.585
10.069
20.287
67.447
66.984
75.333
84.611
26.626
13.854
11.578
25
10.886
8.659
8.659
11.925
19.792
75.148
120.144
80.714
89.250
25.328
13.656
11.405
26
10.663
8.659
8.523
11.232
19.297
83.590
132.483
76.632
75.890
24.585
13.360
11.405
27
10.663
8.523
8.523
10.972
18.703
63.922
97.970
66.520
247.245
24.214
12.865
11.405
28
10.366
8.585
8.523
10.811
18.802
65.777
125.803
64.757
104.650
23.472
12.469
11.405
29
10.886
-
8.585
-
18.308
111.05
80.900
65.406
85.539
22.915
12.073
11.405
30
10.737
8.585
8.733
-
17.813
-
71.808
64.571
-
22.915
-
11.405
31
10.737
-
-
-
-
-
-
-
-
-
-
-



Table II-546: Daily flow at Ghunsa intake transported from Tamor at Mulghat in 1998
Day
Jan
Feb
Mar
Apr
May
Jun
Jul
Aug
Sep
Oct
Nov
Dec
1
11.145
7.187
6.074
10.366
26.917
38.502
205.218
132.204
224.330
53.253
25.136
14.720
2
11.145
6.977
5.913
9.475
26.224
59.005
162.356
127.102
250.771
49.635
24.443
14.597
3
10.886
6.766
5.913
9.191
20.485
63.458
152.151
127.102
185.457
50.006
24.146
14.349
4
9.401
6.766
5.802
9.772
24.443
84.054
110.588
150.574
157.346
50.006
24.047
14.226
5
10.589
6.556
5.863
8.449
22.266
43.511
100.290
287.695
177.942
50.655
23.552
14.102
6
10.440
6.556
6.123
9.475
30.381
44.718
115.412
159.480
236.855
46.295
23.552
13.731
7
10.218
6.395
6.185
11.319
29.886
37.852
122.927
164.768
125.061
43.604
22.959
13.483
8
9.995
6.643
6.185
10.403
47.402
39.893
141.667
175.159
115.412
41.749
22.860
13.360
9
9.772
6.346
5.962
11.430
34.537
37.110
146.213
164.397
96.022
43.326
22.761
13.236
10
9.550
6.234
6.074
12.184
25.235
40.264
121.535
147.605
88.415
39.986
22.464
12.989
11
9.475
6.234
6.123
10.143
23.552
66.798
125.246
195.291
82.755
44.161
22.464
12.741
12
9.179
6.074
5.962
10.403
25.928
75.983
128.215
216.630
75.333
46.759
22.266
12.494
13
9.104
6.074
6.123
10.824
21.672
186.20
99.455
211.156
70.973
42.584
21.870
12.358
14
8.882
6.074
5.641
10.069
21.474
61.232
108.361
187.313
67.540
37.667
21.474
12.098
15
8.659
5.913
5.480
10.069
28.896
56.129
94.909
178.128
66.798
35.811
21.177
11.925
16
8.449
6.074
5.319
9.179
22.662
51.583
78.859
142.874
63.644
34.698
20.782
11.665
17
8.238
6.074
5.480
10.539
21.672
112.44
93.239
287.231
56.036
34.512
19.594
11.665
18
8.164
6.185
5.480
8.882
23.355
107.71
123.112
186.107
59.469
36.275
18.802
11.578
19
8.028
6.123
5.703
8.968
23.552
170.43
117.082
176.087
57.892
37.667
18.209
11.405
20
7.818
6.234
5.542
21.648
22.860
103.26
155.120
229.618
62.252
33.956
17.219
11.059
21
7.608
6.234
5.480
27.461
23.157
131.46
156.511
285.376
147.976
35.904
16.427
10.972
22
8.028
6.507
5.641
14.597
42.652
84.982
131.555
198.724
71.622
33.770
15.438
10.663
23
8.028
6.123
12.62
13.731
59.277
80.714
143.801
175.066
74.962
33.028
14.745
10.663
24
7.892
6.024
10.14
11.838
37.407
116.43
169.129
180.818
61.695
33.028
14.151
10.440
25
7.818
6.234
9.179
13.360
37.209
167.09
134.524
150.017
70.973
32.007
13.656
10.218
26
7.608
6.655
9.995
16.823
40.969
134.34
121.257
274.150
59.190
32.286
13.558
10.069
27
7.608
5.641
7.892
19.792
48.095
212.08
164.305
172.005
59.376
31.080
13.261
9.772
28
7.397
6.074
7.397
19.174
44.928
127.01
139.812
177.942
64.200
29.410
12.865
10.663
29
7.397
-
8.857
36.368
40.178
132.95
208.929
164.490
60.582
27.647
12.271
10.663
30
7.187
-
18.93
35.997
49.678
189.26
159.944
208.187
52.325
26.348
12.073
10.515
31
7.187
-
13.98
-
39.089
-
136.843
275.078
-
24.122
-
10.515



Table II-547: Daily flow at Ghunsa intake transported from Tamor at Mulghat in 1999
Day
Jan
Feb
Mar
Apr
May
Jun
Jul
Aug
Sep
Oct
Nov
Dec
1
10.292
6.630
4.453
4.453
17.021
44.346
220.062
80.529
123.298
73.199
34.735
10.737
2
10.218
6.556
4.305
4.602
15.735
36.646
223.959
117.731
116.247
81.178
34.735
10.515
3
10.143
6.556
4.354
4.800
10.490
33.492
377.780
83.961
112.722
92.682
31.469
10.972
4
9.847
6.556
4.206
6.841
9.817
32.286
206.981
74.127
112.722
95.837
29.094
11.492
5
9.772
6.556
4.206
5.752
13.360
23.379
136.936
73.942
97.228
78.580
26.818
11.145
6
9.550
6.556
4.057
5.542
17.318
21.524
105.949
90.548
119.309
83.498
26.818
11.405
7
9.401
6.445
4.156
4.948
16.922
22.266
156.883
79.044
93.888
102.33
32.162
10.972
8
9.475
6.395
4.206
5.072
13.162
25.513
122.092
80.993
111.330
91.476
30.183
10.366
9
9.179
6.234
4.206
4.651
20.584
33.956
143.987
85.817
158.645
71.622
28.402
9.995
10
9.253
6.074
4.206
5.059
17.516
43.140
191.859
78.024
212.733
61.695
26.125
9.550
11
9.475
6.074
4.206
4.503
13.755
40.079
113.186
99.826
123.762
57.242
24.443
9.104
12
9.104
5.962
4.057
4.552
12.568
40.821
150.296
128.586
110.681
54.088
23.651
9.179
13
9.401
5.913
4.057
5.270
10.985
54.366
111.516
161.985
110.959
49.449
22.860
9.104
14
9.030
5.752
4.057
10.304
17.813
34.605
105.207
203.641
102.980
46.666
22.662
8.807
15
8.882
5.752
3.859
11.752
16.229
51.026
87.487
141.946
91.754
43.790
21.177
8.585
16
8.659
5.591
3.711
7.892
12.271
65.035
119.587
144.265
89.342
41.192
17.318
8.449
17
8.659
5.703
3.859
12.011
10.886
55.479
160.037
120.422
99.640
46.016
16.328
8.238
18
8.374
5.591
4.057
5.863
9.401
56.407
174.881
139.997
87.023
39.244
15.735
8.028
19
8.313
5.480
4.057
5.270
13.162
58.819
141.111
144.080
76.168
158.65
15.339
7.744
20
7.818
5.430
3.909
5.109
10.688
64.757
137.121
119.865
69.303
107.81
14.250
7.533
21
7.608
5.270
3.909
5.542
10.886
82.384
115.783
141.018
70.138
61.324
12.964
7.187
22
7.397
5.270
3.760
6.915
17.615
113.93
103.722
142.595
80.807
51.861
11.974
6.977
23
7.187
5.270
3.810
8.177
13.360
147.05
149.461
175.252
68.561
44.718
11.479
6.766
24
6.977
5.158
4.008
23.998
32.162
100.94
163.562
190.838
64.571
43.883
11.281
6.556
25
6.766
5.109
4.206
11.925
55.813
113.56
146.863
191.580
70.045
41.470
10.490
6.556
26
6.977
4.948
4.206
13.236
78.673
130.07
143.152
315.713
105.114
36.182
10.391
6.692
27
6.766
4.800
4.107
11.838
68.282
140.65
126.545
235.834
70.787
35.904
9.995
6.556
28
6.766
4.651
4.156
11.578
55.418
346.33
129.143
182.117
66.984
34.420
9.470
6.556
29
6.766
-
4.057
11.578
54.329
131.09
121.814
143.152
71.158
34.141
9.332
6.395
30
6.692
-
4.206
12.494
114.89
126.55
97.507
131.926
107.155
32.657
8.916
6.395
31
6.556
-
4.552
-
75.210
-
107.155
115.690
-
33.770
-
6.123


Table II-548: Daily flow at Ghunsa intake transported from Tamor at Mulghat in 2000
Day
Jan
Feb
Mar
Apr
May
Jun
Jul
Aug
Sep
Oct
Nov
Dec
1
5.863
3.352
2.053
2.165
8.897
33.306
206.610
376.017
168.479
38.873
14.349
11.405
2
5.913
3.315
2.189
5.134
11.281
34.420
147.234
328.238
159.016
41.192
13.953
11.145
3
5.220
4.156
2.313
6.234
6.531
31.265
112.629
296.509
130.813
36.368
12.865
10.886
4
5.109
3.760
2.251
3.958
5.284
26.719
104.279
275.635
131.369
36.182
12.469
10.663
5
4.948
3.612
2.152
3.612
5.176
37.110
109.846
191.302
135.080
34.420
12.271
10.440
6
4.800
3.464
2.152
3.204
5.690
33.863
235.834
150.388
144.265
33.956
11.974
10.218
7
4.651
3.464
2.152
3.093
9.183
48.429
121.257
196.034
136.843
33.585
11.677
10.218
8
4.651
3.426
2.251
3.303
5.750
42.491
95.744
211.156
129.421
32.935
11.479
9.995
9
4.651
3.241
2.251
3.315
5.166
39.708
123.484
214.310
132.297
32.007
11.281
9.995
10
4.503
3.130
2.115
3.018
6.650
38.223
127.473
213.475
122.185
30.523
11.281
9.847
11
4.503
3.018
2.053
4.466
6.759
43.419
116.154
169.593
110.959
30.152
11.281
9.772
12
4.503
2.981
1.954
2.759
6.145
44.625
84.796
177.664
91.662
29.131
10.985
9.772
13
4.453
2.981
1.954
2.326
5.947
41.749
77.931
144.451
82.106
27.276
10.985
9.772
14
4.503
2.907
1.856
2.796
6.719
61.603
80.065
166.902
75.333
26.998
10.787
9.772
15
4.354
2.981
1.620
2.907
7.996
50.191
85.631
251.606
75.612
24.956
10.787
9.624
16
4.354
2.796
1.596
3.389
12.073
40.914
92.589
126.267
72.457
23.936
10.787
9.624
17
4.354
2.684
1.658
3.167
14.547
50.377
115.319
113.186
83.498
23.658
10.787
9.550
18
4.503
2.462
1.559
3.600
16.328
63.736
97.970
112.072
89.528
21.338
10.886
9.624
19
4.503
2.251
2.016
4.255
21.078
80.900
103.166
109.753
75.797
21.153
10.589
9.550
20
4.354
2.251
1.893
4.082
23.157
57.521
82.570
131.555
74.127
21.060
10.688
9.475
21
4.354
2.251
1.856
5.802
47.996
87.394
122.463
179.984
74.313
20.967
11.380
9.327
22
4.354
2.152
1.757
6.742
28.006
70.973
98.249
142.874
69.581
20.039
10.985
9.327
23
4.354
2.152
1.794
5.962
35.527
80.436
87.858
198.910
62.623
21.709
10.688
9.401
24
4.206
2.152
2.016
26.967
29.886
66.241
85.724
168.387
57.984
20.967
10.391
9.401
25
4.305
2.152
1.992
12.741
50.766
79.694
224.237
125.803
58.541
21.524
10.292
9.327
26
3.909
2.152
1.818
9.104
50.272
80.343
213.383
133.318
54.923
21.245
10.193
9.104
27
3.760
2.152
2.239
9.253
43.147
81.364
128.122
175.716
49.078
18.091
9.995
9.104
28
3.612
2.115
2.870
9.995
65.907
78.673
109.196
235.741
47.501
16.236
9.748
9.104
29
3.464
2.053
2.053
26.596
53.240
143.62
126.267
152.244
47.130
16.143
9.540
8.882
30
3.352
-
2.115
9.995
38.495
120.14
102.516
219.877
41.934
15.586
9.332
8.882
31
3.352
-
2.016
-
36.219
-
133.318
143.801
-
14.473
-
8.659



Table II-549: Daily flow at Ghunsa intake transported from Tamor at Mulghat in 2001
Day
Jan
Feb
Mar
Apr
May
Jun
Jul
Aug
Sep
Oct
Nov
Dec
1
8.659
6.977
6.284
6.804
11.380
- 
65.035
128.586
112.629
78.766
26.026
14.720
2
8.659
6.977
6.234
6.655
9.332
- 
57.706
156.233
105.300
60.582
24.641
14.597
3
8.449
6.766
6.234
6.408
9.183
- 
55.201
130.534
100.754
64.200
24.146
14.349
4
8.449
6.766
6.074
6.074
15.933
- 
46.759
103.537
91.754
96.579
23.157
14.226
5
8.238
6.556
6.074
5.913
10.787
- 
47.686
84.147
109.011
326.10
22.266
13.483
6
8.313
6.556
6.074
5.802
8.986
- 
44.254
85.167
135.544
132.58
21.870
13.112
7
8.238
6.556
6.074
5.802
17.714
- 
56.036
76.076
93.332
89.435
20.386
12.741
8
8.238
6.445
6.074
5.752
13.953
- 
44.810
88.415
87.580
72.828
21.375
12.494
9
8.238
6.507
5.913
5.703
19.198
- 
43.790
96.486
79.879
73.942
20.782
12.741
10
8.028
6.284
5.913
5.641
35.131
- 
56.222
96.579
120.886
129.51
20.089
12.098
11
8.028
6.234
5.913
5.591
28.402
- 
64.664
123.947
107.805
95.558
19.000
11.665
12
8.028
6.346
5.863
5.962
18.901
- 
71.437
104.929
98.156
70.787
17.318
11.319
13
7.818
6.445
5.752
6.692
16.625
- 
55.758
131.648
129.978
59.005
16.724
11.319
14
7.818
6.395
5.962
9.513
7.610
- 
55.758
121.906
105.114
55.479
16.724
10.811
15
7.818
6.346
6.024
14.968
11.974
53.438
85.353
152.429
83.034
49.820
16.229
10.440
16
7.818
6.346
5.962
9.104
7.283
50.191
96.300
96.579
72.643
48.985
15.933
10.069
17
7.608
6.234
5.913
9.550
7.640
53.346
90.177
117.360
114.020
40.728
15.735
9.995
18
7.608
6.234
5.802
8.313
6.650
59.562
71.622
171.077
84.611
39.522
15.438
9.772
19
7.608
6.185
5.802
10.787
8.629
79.323
111.701
135.730
110.773
38.038
15.141
9.550
20
7.608
6.185
5.802
8.164
6.531
86.837
99.826
142.966
72.643
40.264
14.745
9.327
21
7.397
6.123
5.913
8.387
6.709
80.529
99.826
212.919
62.438
35.533
14.151
9.104
22
7.397
6.074
5.913
9.154
7.323
85.910
80.900
170.984
55.294
35.255
14.547
8.659
23
7.323
6.074
5.802
15.091
12.073
101.59
78.580
218.392
57.613
32.564
14.943
8.659
24
7.187
6.346
5.802
10.750
8.600
72.828
72.736
192.694
60.397
32.378
14.349
8.238
25
7.261
7.744
5.802
10.057
8.045
66.798
90.270
137.121
58.355
29.874
13.953
8.164
26
7.187
7.471
5.913
24.616
19.693
62.623
105.578
162.542
55.479
29.317
13.459
8.164
27
7.187
6.766
5.802
22.266
17.813
56.314
113.464
184.993
73.385
28.018
13.162
8.028
28
7.051
6.445
5.802
24.740
19.792
66.705
106.227
208.744
68.561
26.905
13.063
8.028
29
7.051
-
5.802
14.349
11.479
105.21
120.793
222.011
64.664
26.348
12.469
7.954
30
6.977
- 
6.371
13.731
10.985
83.776
166.253
144.451
75.890
25.606
12.172
7.818
31
7.261
- 
7.150
- 
11.281
- 
137.214
121.257
- 
26.070

7.818


Table II-550: Daily flow at Ghunsa intake transported from Tamor at Mulghat in 2002
Day
Jan
Feb
Mar
Apr
May
Jun
Jul
Aug
Sep
Oct
Nov
Dec
1
7.608
5.158
3.352
5.789
8.224
16.050
188.797
162.171
75.612
36.646
23.552
24.493
2
7.608
4.997
3.241
6.074
8.125
17.071
133.225
174.881
71.344
33.585
23.552
24.493
3
7.397
4.849
3.241
8.238
12.865
25.699
91.569
297.993
72.179
34.698
22.860
24.493
4
7.187
4.701
3.278
5.752
10.787
25.977
100.754
140.183
80.436
34.048
22.860
24.493
5
6.977
4.651
3.130
5.331
13.261
29.317
88.322
165.603
84.518
34.883
22.464
24.493
6
6.766
4.651
3.204
6.086
12.667
32.842
80.714
279.902
72.643
31.172
22.464
24.493
7
6.556
4.552
3.352
5.430
17.219
33.213
108.732
187.777
66.612
30.616
22.068
24.493
8
6.556
4.503
3.241
5.443
12.370
24.400
117.917
244.648
64.015
34.605
21.672
24.493
9
6.395
4.503
3.241
6.210
15.141
23.379
121.164
138.513
57.799
32.471
21.672
24.493
10
6.284
4.206
3.130
7.904
13.854
24.678
167.366
129.607
57.428
29.874
21.177
23.998
11
6.234
4.206
3.018
6.395
13.755
26.441
137.121
139.255
56.222
30.245
21.177
23.998
12
6.074
4.255
2.796
5.430
10.589
21.431
196.034
197.147
53.531
30.059
20.782
23.998
13
6.185
4.354
2.907
4.651
12.568
49.542
113.464
165.140
53.531
29.781
20.782
23.998
14
6.074
4.354
3.018
4.503
15.339
65.128
155.120
126.545
53.531
29.502
20.683
23.998
15
6.074
4.206
3.018
4.651
16.526
51.026
106.970
115.969
53.067
29.317
20.386
23.998
16
5.913
4.057
3.130
5.121
14.250
38.316
90.548
139.441
82.941
28.853
19.594
23.998
17
8.535
3.909
2.907
15.091
19.792
56.686
91.476
115.783
60.953
28.575
19.693
23.998
18
6.507
3.760
2.907
7.100
24.047
65.963
186.478
129.885
66.056
27.833
21.177
23.998
19
7.744
3.612
3.921
20.905
35.230
55.294
106.784
115.412
52.325
26.348
21.078
23.998
20
6.630
3.464
3.958
15.957
33.152
52.232
126.081
155.955
42.677
26.348
20.782
23.998
21
6.977
3.612
3.488
17.689
25.631
46.202
191.766
263.388
40.543
26.348
20.386
23.998
22
6.395
3.513
3.958
15.091
20.881
45.460
174.139
205.497
41.099
25.699
20.386
23.627
23
6.074
3.352
5.641
8.733
19.594
40.079
216.722
137.307
37.296
24.122
20.287
23.627
24
5.913
3.241
6.185
8.758
14.547
39.058
228.783
121.257
57.799
25.235
19.990
23.627
25
5.752
3.352
9.475
9.698
11.677
52.140
228.876
123.855
49.449
25.420
19.891
23.627
26
5.591
3.352
5.752
16.576
22.365
54.830
166.253
116.154
60.768
25.235
19.594
23.627
27
4.948
3.167
5.888
16.947
31.865
60.489
419.900
95.094
49.171
23.750
19.594
23.627
28
6.185
3.130
5.430
8.807
19.495
61.232
364.049
83.498
43.511
22.915
19.594
23.627
29
6.568
-
6.074
10.886
19.099
53.067
277.583
93.888
45.738
22.730
19.198
23.627
30
6.284
-
5.270
11.269
20.287
111.14
232.401
82.755
38.409
21.802
19.396
23.627
31
5.480
-
4.701
-
18.703
-
192.323
72.828
-
21.524

23.627


Table II-551: Daily flow at Ghunsa intake transported from Tamor at Mulghat in 2003
Day
Jan
Feb
Mar
Apr
May
Jun
Jul
Aug
Sep
Oct
Nov
Dec
1
-
-
-
-
17.813
22.080
202.713
127.380
114.299
67.540
24.146
14.226
2
-
-
-
-
18.209
22.452
184.901
118.195
110.588
63.087
22.068
14.226
3
-
-
-
-
18.011
31.822
140.740
85.817
100.846
52.603
21.474
13.854
4
-
-
-
-
20.089
21.895
117.360
124.319
97.878
48.057
20.782
13.854
5
-
-
-
-
20.386
20.689
111.794
127.751
147.234
46.295
20.683
13.607
6
-
-
-
-
20.782
21.431
109.196
100.475
152.151
44.810
20.584
12.741
7
-
-
-
-
20.584
20.503
146.863
98.898
117.360
40.543
19.891
12.370
8
-
-
-
-
20.584
20.503
141.482
310.147
117.639
35.255
19.495
12.370
9
-
-
-
-
20.584
24.864
334.918
109.011
100.290
41.378
18.802
12.061
10
-
-
-
-
20.386
44.810
203.363
128.772
92.868
41.007
18.506
11.764
11
-
-
-
-
20.287
121.535
162.356
125.339
93.888
41.007
18.209
10.947
12
-
-
-
-
20.287
59.005
132.947
114.763
117.360
37.667
17.813
9.921
13
-
-
-
-
19.891
40.172
127.195
106.506
130.534
30.523
17.120
9.921
14
-
-
-
-
20.782
53.902
128.493
106.784
126.823
29.781
15.933
9.921
15
-
-
-
-
20.287
64.850
122.185
92.682
130.534
29.502
15.735
9.921
16
-
-
-
-
19.990
44.810
113.186
97.692
101.125
27.090
15.735
9.315
17
-
-
-
-
21.177
35.533
208.187
95.002
99.084
26.348
15.339
9.315
18
-
-
-
-
22.068
41.470
227.948
121.535
92.682
25.142
15.042
9.055
19
-
-
-
-
24.047
37.667
170.984
98.713
99.919
24.678
15.042
9.055
20
-
-
-
-
20.683
91.105
217.836
100.846
139.163
23.565
14.547
8.795
21
-
-
-
-
20.089
73.849
136.101
95.558
109.011
21.709
13.755
8.795
22
-
-
-
-
18.110
105.392
182.303
88.229
100.104
20.874
13.459
8.795
23
-
-
-
-
19.594
88.415
111.979
92.218
96.486
20.039
12.766
8.003
24
-
-
-
-
20.386
85.260
109.011
89.621
80.158
20.039
12.667
7.744
25
-
-
-
-
20.980
76.818
89.250
100.290
69.488
20.782
12.172
7.744
26
-
-
-
-
21.375
72.179
91.383
94.538
73.663
48.985
12.172
7.744
27
-
-
-
-
20.980
218.021
98.713
109.289
74.127
30.059
11.875
7.484
28
-
-
-
-
21.771
227.577
77.745
106.506
77.931
25.235
11.875
7.484
29
-
-
-
-
23.750
134.802
99.176
109.011
71.158
23.008
11.578
10.848
30
-
-
-
-
23.849
173.489
174.324
102.145
68.375
22.915
11.578
9.315
31
-
-
-
-
21.870
-
164.861
113.742
-
22.173
-
8.882



Table II-552: Daily flow at Ghunsa intake transported from Tamor at Mulghat in 2004
Day
Jan
Feb
Mar
Apr
May
Jun
Jul
Aug
Sep
Oct
Nov
Dec
1
7.212
8.795
9.414
12.494
11.974
29.781
76.910
97.507
92.868
81.549
22.563
14.226
2
6.494
8.795
8.795
12.741
11.974
31.265
76.168
119.030
85.724
71.437
19.594
14.226
3
5.455
8.795
8.795
12.865
10.193
34.234
171.077
114.763
118.752
85.631
19.495
14.226
4
6.259
8.795
8.795
12.061
9.817
28.575
99.826
115.319
92.682
87.951
19.099
13.854
5
8.003
8.523
9.055
12.494
11.875
31.915
72.643
106.413
76.910
89.250
18.802
13.854
6
8.263
8.523
8.795
13.483
8.837
31.729
75.797
113.464
86.837
59.747
18.506
13.483
7
8.263
8.523
8.795
12.370
9.649
34.605
114.206
87.951
75.890
58.819
18.506
13.112
8
8.523
8.523
8.882
12.061
9.738
35.904
208.465
100.104
70.509
60.118
18.506
12.370
9
8.523
8.523
8.795
19.174
9.896
34.883
161.707
90.548
72.365
74.406
18.407
12.370
10
8.003
8.523
8.795
12.061
11.084
28.575
142.595
84.611
72.643
60.304
18.209
13.236
11
6.692
8.523
8.795
12.172
17.714
30.987
129.885
76.910
90.270
61.139
18.209
11.764
12
5.381
8.523
8.795
12.172
19.990
29.595
119.309
90.456
100.754
51.212
18.209
11.455
13
4.948
8.523
9.055
23.132
20.188
30.616
102.331
76.910
78.209
54.737
17.813
11.244
14
4.515
8.523
9.228
13.360
45.522
29.781
111.237
76.910
65.777
45.274
17.813
10.848
15
8.795
8.523
9.414
12.617
65.116
33.306
113.464
81.364
61.324
44.810
17.813
10.947
16
8.795
8.263
10.539
12.172
51.558
46.295
99.919
98.249
60.582
44.068
16.032
10.539
17
8.795
8.263
12.989
12.172
37.605
64.479
97.507
87.023
56.686
42.862
15.537
10.539
18
8.795
8.263
12.741
17.318
28.402
83.776
113.464
87.023
53.346
41.934
15.339
10.230
19
8.523
8.263
12.370
14.226
66.699
47.501
133.318
103.537
57.984
41.099
13.755
10.230
20
8.523
8.263
12.865
12.370
42.751
68.375
124.968
150.759
61.695
40.357
13.656
11.356
21
8.523
8.894
13.236
12.617
37.506
56.222
104.836
122.463
56.036
37.296
12.766
11.764
22
8.523
8.795
12.741
27.214
32.855
81.271
94.074
84.611
48.057
36.461
12.469
11.455
23
8.523
8.523
12.494
34.636
33.350
68.190
85.817
77.003
52.418
35.718
12.172
11.455
24
9.055
8.263
12.370
23.874
33.547
84.054
106.506
83.590
90.363
35.904
12.766
11.455
25
9.315
8.263
12.617
22.761
37.605
57.984
110.681
83.034
82.384
34.698
12.865
11.455
26
9.055
8.795
13.236
20.039
36.615
56.222
106.784
69.767
94.445
34.883
12.271
11.455
27
9.055
9.315
13.236
20.039
33.053
83.498
154.285
127.380
73.756
33.770
12.172
11.455
28
9.055
8.882
12.741
20.534
33.251
75.890
129.143
118.938
62.530
31.265
11.578
11.145
29
9.055
10.05
12.494
19.050
30.678
79.787
112.072
94.259
77.189
26.905
11.578
11.145
30
8.795
-
12.617
19.916
32.063
99.640
118.195
131.462
63.087
26.070
11.479
11.145
31
8.795
-
12.741
-
32.162
-
105.021
100.939
-
23.565
-
11.145



Table II-553: Daily flow at Ghunsa intake transported from Tamor at Mulghat in 2005
Day
Jan
Feb
Mar
Apr
May
Jun
Jul
Aug
Sep
Oct
Nov
Dec
1
11.145
10.539
10.539
15.586
12.865
15.401
56.222
63.829
82.663
44.810
16.526
15.215
2
11.145
10.539
10.539
14.720
13.063
16.885
54.737
79.137
81.085
51.212
16.130
14.844
3
11.145
10.539
10.638
14.844
13.656
12.339
80.993
86.095
70.138
44.810
15.834
14.844
4
10.947
10.539
10.947
15.339
14.052
13.731
69.952
97.970
72.643
42.769
15.537
14.844
5
10.848
10.539
10.947
14.968
13.755
17.442
70.602
69.860
81.920
40.264
15.537
14.844
6
10.848
10.539
10.947
14.968
13.558
13.174
105.114
77.189
121.72
41.099
15.735
14.473
7
10.848
10.539
10.947
15.957
13.459
13.267
82.848
216.815
85.353
41.563
15.537
14.226
8
10.848
10.539
11.145
15.339
13.558
13.823
119.401
115.969
65.592
41.099
14.646
14.226
9
10.848
10.539
11.145
15.339
13.162
19.854
86.188
77.096
65.592
40.264
15.339
13.854
10
10.848
10.539
10.638
15.710
17.912
15.215
106.042
87.116
68.932
30.523
15.339
12.370
11
10.848
10.539
11.244
15.215
28.995
32.007
84.704
96.300
57.613
30.709
15.141
12.370
12
10.848
10.539
10.947
11.764
14.448
20.132
78.673
107.897
51.954
26.812
15.042
12.370
13
10.848
10.539
10.947
11.764
13.459
23.287
107.062
83.498
44.810
25.699
15.042
12.061
14
10.848
10.539
10.329
11.962
13.063
23.565
89.435
163.006
42.862
24.307
14.547
12.061
15
10.539
10.539
10.440
14.473
12.964
24.956
82.477
203.456
38.687
22.359
14.448
11.764
16
10.539
10.539
10.329
16.081
12.865
43.048
85.910
141.946
39.800
22.080
14.448
11.764
17
10.539
10.539
10.947
16.576
12.865
83.405
94.167
130.163
40.450
20.039
14.448
11.764
18
10.539
10.539
10.947
16.328
12.865
59.190
134.709
137.956
41.099
19.112
14.448
11.356
19
10.539
10.539
10.737
16.081
13.558
47.408
106.506
152.429
35.626
18.648
14.052
11.145
20
10.539
10.539
10.539
16.700
13.162
57.057
109.011
175.623
36.832
18.648
14.448
11.145
21
10.539
10.539
10.737
16.081
13.162
49.356
101.681
117.360
51.212
18.462
14.052
11.145
22
10.539
10.539
10.638
16.081
13.063
63.644
105.114
114.763
43.883
18.741
14.052
10.848
23
11.145
10.539
10.848
16.081
12.073
50.748
105.578
105.114
42.584
18.277
13.656
10.230
24
10.848
10.539
11.145
16.081
43.740
52.975
89.806
124.968
54.737
17.720
12.766
10.230
25
10.848
10.539
14.226
17.071
30.480
52.603
81.178
110.681
74.127
17.720
12.766
10.539
26
10.848
10.539
15.463
16.823
18.011
59.933
109.103
169.500
72.272
17.349
12.766
10.539
27
10.848
10.539
15.834
16.328
17.912
47.222
98.249
128.679
63.273
20.967
12.667
10.539
28
10.848
10.539
15.215
16.081
18.802
39.429
112.536
107.062
52.140
17.906
12.172
10.329
29
10.848
-
15.586
15.957
17.219
68.932
118.752
97.507
44.439
16.700
12.172
10.230
30
10.539
-
15.463
16.823
16.229
75.797
78.024
82.384
45.738
16.050
12.172
9.921
31
10.539
-
15.710
-
15.735
-
66.612
76.910
-
15.493
-
9.921



Table II-554: Daily flow at Ghunsa intake transported from Tamor at Mulghat in 2006
Day
Jan
Feb
Mar
Apr
May
Jun
Jul
Aug
Sep
Oct
Nov
Dec
1
9.921
10.230
10.03
9.228
7.709
86.095
107.897
57.057
75.426
50.748
12.271
9.921
2
9.921
10.230
9.921
8.882
8.026
66.520
99.733
89.528
64.664
43.233
12.766
9.921
3
9.921
10.230
9.921
9.537
8.105
43.140
61.788
91.940
62.623
48.243
12.667
9.315
4
9.624
10.230
9.921
9.055
8.431
39.244
57.057
71.622
61.695
60.304
12.172
8.263
5
9.624
10.230
9.921
10.156
11.182
35.904
65.963
85.910
61.695
50.284
11.875
8.263
6
9.624
10.539
9.921
16.823
11.380
81.642
63.273
72.643
60.118
39.800
11.875
8.003
7
9.624
10.539
9.921
10.848
11.281
46.851
48.985
72.365
55.758
38.409
11.578
8.523
8
9.624
10.539
9.921
10.638
11.380
54.830
70.880
79.137
45.924
35.811
11.380
8.523
9
9.624
10.539
9.921
9.624
11.677
41.192
66.149
78.117
52.975
33.306
11.380
8.708
10
9.624
10.539
9.921
9.822
11.380
96.672
86.002
64.015
70.323
33.306
11.084
9.055
11
9.315
10.539
9.921
9.624
14.745
88.415
122.834
53.438
69.674
29.317
11.084
9.315
12
9.315
10.539
9.921
9.624
16.625
78.209
90.641
56.222
85.817
33.399
11.084
10.54
13
9.921
10.230
9.921
9.822
18.506
67.355
80.250
54.366
234.071
32.564
11.084
9.921
14
10.230
10.230
9.921
9.921
16.526
39.615
120.886
70.880
77.931
27.833
10.787
9.921
15
10.230
10.230
9.921
9.624
10.490
42.862
87.116
63.644
109.753
25.699
10.787
9.624
16
10.230
10.230
9.921
9.414
10.292
34.420
142.131
61.695
116.897
22.359
10.490
9.624
17
10.230
10.230
9.921
9.414
9.896
30.801
103.259
51.212
81.271
21.524
10.490
9.315
18
10.230
10.638
9.921
10.032
9.243
31.822
86.188
43.048
80.993
20.689
10.193
9.315
19
10.539
10.230
9.921
11.554
9.322
30.245
123.205
66.891
67.447
19.112
10.193
9.315
20
10.539
10.230
9.921
9.822
10.292
41.007
118.752
129.89
59.933
17.998
9.896
8.795
21
10.539
10.032
9.921
9.228
10.094
38.780
118.288
108.36
57.984
17.998
9.817
8.795
22
10.539
10.230
9.921
9.414
10.193
29.131
110.681
100.01
53.531
17.627
9.164
9.723
23
10.539
10.230
9.921
9.624
9.817
37.481
95.187
89.528
60.675
17.998
8.916
9.315
24
10.230
10.230
9.921
9.327
9.995
46.109
97.599
70.323
68.004
16.607
8.916
9.055
25
10.230
10.539
9.921
10.947
17.714
44.810
113.742
70.138
156.51
15.957
8.679
9.055
26
10.230
10.329
9.921
10.947
21.078
80.158
121.535
114.76
106.04
14.937
8.679
9.055
27
10.230
10.131
9.921
9.723
31.370
143.80
101.589
87.301
76.539
14.287
8.431
9.315
28
10.230
10.032
9.723
9.624
69.173
94.445
78.766
87.672
64.200
13.731
8.431
9.315
29
10.230
-
9.624
9.921
20.782
102.33
70.787
92.682
59.005
13.360
8.184
9.315
30
10.230
-
9.624
10.032
21.078
104.84
71.622
123.67
59.005
12.803
8.184
9.315
31
10.230
-
9.315
-
57.793
-
60.304
87.023
-
12.246
-
9.315



Table II-555: Daily flow at Ghunsa intake transported from Tamor at Mulghat in 2007
Day
Jan
Feb
Mar
Apr
May
Jun
Jul
Aug
Sep
Oct
Nov
Dec
1
9.055
7.657
10.230
9.414
6.056
9.278
47.779
136.936
91.940
44.996
22.068
15.215
2
9.055
7.484
10.131
9.624
6.749
9.278
53.995
113.464
138.513
44.718
21.474
14.968
3
9.055
7.484
10.131
9.315
6.195
9.278
74.127
109.289
103.073
44.439
21.078
14.102
4
8.795
7.484
9.921
9.513
8.758
11.226
91.847
105.300
128.772
41.099
21.078
13.731
5
8.795
7.657
10.131
9.315
6.333
9.278
77.374
115.041
169.593
37.481
21.078
13.483
6
8.795
7.744
10.131
9.315
6.680
16.607
64.664
97.970
139.163
34.698
21.078
13.236
7
8.795
7.744
10.131
9.315
7.244
12.246
68.746
82.384
131.741
35.440
20.782
12.989
8
8.795
9.302
10.131
9.315
8.511
12.246
78.302
82.570
141.667
42.677
20.485
12.494
9
8.523
9.339
9.921
10.242
7.036
14.566
60.953
68.282
138.235
50.562
20.188
12.184
10
8.523
9.055
9.921
11.046
7.382
28.389
73.199
65.128
139.163
50.748
19.891
12.110
11
8.523
9.055
9.921
10.131
8.055
31.358
125.525
93.517
141.946
49.727
19.297
11.875
12
8.523
8.795
9.921
10.329
11.380
25.606
97.507
71.344
144.729
37.203
18.604
11.665
13
8.523
8.795
9.921
9.414
8.590
30.987
113.928
69.303
139.812
36.924
18.209
11.455
14
8.523
9.921
9.921
9.723
7.610
109.57
138.235
75.148
136.658
36.832
18.209
11.170
15
8.523
10.64
9.921
9.822
7.610
43.419
102.424
74.684
128.772
37.110
18.011
10.960
16
8.523
9.315
9.921
9.921
8.105
48.521
77.282
75.612
136.101
36.646
17.714
10.750
17
8.523
10.03
9.921
11.455
9.411
63.922
92.868
132.668
129.328
24.864
17.714
10.539
18
8.523
9.921
9.921
9.723
9.738
50.099
72.086
86.188
93.888
24.400
17.516
10.403
19
8.003
9.080
9.921
9.315
11.084
41.007
102.516
117.917
56.036
24.400
17.120
10.267
20
8.003
9.624
10.131
9.488
18.110
41.099
74.034
74.684
54.181
24.122
16.328
9.847
21
8.003
9.921
9.921
9.698
12.865
30.430
124.597
69.396
50.562
23.750
15.735
9.983
22
8.003
9.921
10.329
10.329
42.256
35.069
136.101
58.819
50.284
23.101
15.339
9.772
23
7.744
9.921
9.141
9.562
34.636
41.099
111.794
59.190
48.614
23.101
15.240
9.847
24
7.744
9.921
9.141
10.539
29.886
43.790
114.855
57.428
48.336
23.101
14.646
9.587
25
7.484
9.921
9.141
11.863
15.933
44.161
127.287
56.500
47.779
23.101
14.151
9.463
26
7.484
10.23
9.240
8.882
11.479
34.420
131.741
55.665
44.439
22.823
13.656
9.401
27
7.484
10.33
9.315
8.523
12.469
88.415
137.307
89.157
44.068
22.452
13.360
9.216
28
7.484
10.33
9.315
8.177
13.360
75.890
126.081
83.219
43.883
22.080
13.063
9.030
29
7.212
-
9.723
7.830
11.875
36.739
130.163
61.510
46.851
21.245
12.766
8.845
30
7.212
-
9.414
8.436
11.380
40.079
118.752
83.498
45.553
20.689
12.469
8.659
31
7.212
-
9.414
-
9.995
-
103.351
67.819
-
20.689
-
8.473


Table II-556: Daily flow at Ghunsa intake transported from Tamor at Mulghat in 2008
Day
Jan
Feb
Mar
Apr
May
Jun
Jul
Aug
Sep
Oct
Nov
Dec
1
8.288
6.296
4.453
6.074
13.360
15.308
66.241
78.024
97.507
37.945
18.011
11.319
2
8.102
6.160
4.330
5.752
17.417
13.081
63.458
105.671
82.755
39.893
18.110
11.034
3
7.979
6.160
4.453
5.839
16.526
37.759
65.777
134.245
99.176
38.594
17.120
11.034
4
8.041
6.024
5.035
6.210
12.469
53.346
77.931
179.984
105.49
37.667
17.120
10.750
5
7.917
5.888
6.024
6.346
12.469
31.915
96.300
106.227
93.239
44.625
23.256
10.688
6
7.768
5.752
5.975
6.383
11.084
43.883
72.828
104.465
68.190
43.883
18.011
10.403
7
7.620
5.480
5.802
6.878
11.380
27.276
58.077
156.975
61.139
38.594
17.021
10.403
8
7.620
5.480
5.703
5.307
12.073
28.204
44.068
124.319
59.098
37.203
16.032
10.193
9
7.471
5.344
5.703
5.665
12.865
28.667
51.397
101.218
63.829
41.934
15.339
9.983
10
7.620
5.208
5.567
5.480
11.182
28.296
38.223
101.589
88.600
40.821
15.141
9.983
11
7.471
5.072
5.393
6.272
9.658
24.029
84.425
113.464
85.167
32.471
14.646
9.908
12
7.323
4.948
5.035
5.752
11.776
23.379
77.189
83.034
75.241
31.172
14.448
9.649
13
7.175
4.824
5.171
10.106
13.261
55.201
78.766
143.987
92.218
27.276
14.151
9.587
14
7.175
4.738
5.084
9.945
10.094
61.510
97.970
106.784
89.899
26.626
13.854
8.906
15
7.026
4.614
5.072
10.205
13.162
39.708
114.206
118.474
60.768
23.750
13.755
8.412
16
6.878
4.577
4.577
7.410
12.766
32.657
77.003
149.832
44.068
21.617
13.261
12.617
17
6.729
4.453
4.861
9.933
20.485
31.172
66.705
97.414
53.624
21.245
12.964
12.617
18
6.779
4.701
7.373
10.230
13.854
52.232
129.514
102.980
55.016
19.297
12.568
12.617
19
6.878
4.738
5.839
9.599
23.849
40.172
88.600
186.571
50.006
19.112
12.271
12.617
20
6.878
4.701
5.567
9.401
15.042
48.614
97.228
120.886
43.790
18.277
11.875
12.370
21
6.729
4.701
4.985
9.315
12.667
42.955
98.805
100.197
44.068
18.091
11.479
12.345
22
6.729
4.614
5.294
8.659
14.547
27.833
151.873
132.854
44.625
17.627
11.281
12.345
23
6.630
4.577
5.035
8.783
15.537
34.420
109.475
132.390
60.489
16.792
10.985
12.184
24
6.581
4.577
5.035
12.184
15.141
47.686
105.671
157.068
47.779
16.236
10.589
12.110
25
6.630
4.577
6.507
25.482
14.052
72.550
95.837
121.721
44.068
15.308
10.391
12.110
26
6.531
4.577
5.567
16.452
19.297
69.488
163.841
125.525
43.511
13.916
10.193
12.345
27
6.531
4.453
5.344
18.060
19.297
63.087
132.947
126.731
39.986
18.462
9.896
13.236
28
6.432
4.416
5.802
23.627
14.448
56.314
112.072
209.022
46.388
19.483
9.629
12.741
29
6.482
4.453
5.344
13.607
17.318
44.625
103.630
183.416
41.099
19.390
9.391
12.370
30
6.432
-
5.171
17.442
19.990
44.346
90.548
162.171
41.285
20.132
9.273
12.036
31
6.296
-
5.307
-
19.693
-
92.218
123.205
-
18.555
-
11.739



Table II-557: Daily flow at Ghunsa intake transported from Tamor at Mulghat in 2009
Day
Jan
Feb
Mar
Apr
May
Jun
Jul
Aug
Sep
Oct
Nov
Dec
1
11.455
8.473
7.224
7.929
9.817
15.308
54.273
63.180
52.882
26.905
16.427
13.360
2
11.529
8.102
7.125
7.830
10.985
13.267
53.067
65.963
65.406
26.441
16.130
13.360
3
11.244
8.102
7.175
13.236
15.339
16.421
49.635
65.777
78.766
25.328
15.636
12.989
4
10.898
8.288
7.175
10.403
13.261
15.308
45.181
92.218
59.098
24.585
15.438
12.989
5
10.824
8.288
7.175
8.659
10.391
25.791
54.644
77.931
52.696
25.699
15.141
12.989
6
10.613
7.979
7.125
22.142
9.391
27.276
47.501
124.782
51.490
25.606
14.844
13.112
7
10.403
7.979
7.026
12.184
10.292
27.276
46.109
90.734
58.263
51.305
14.250
12.741
8
10.193
8.102
7.026
17.071
9.332
20.318
41.563
68.375
48.336
79.508
14.646
12.741
9
10.193
8.102
7.026
15.339
8.600
23.008
41.563
79.601
50.470
30.616
14.151
12.494
10
9.983
8.102
7.026
11.195
9.688
22.080
50.006
102.702
61.881
25.606
14.052
12.494
11
9.772
7.979
6.779
10.354
13.261
18.462
42.955
90.734
62.438
24.214
13.854
12.184
12
9.587
7.929
6.779
10.354
10.490
17.163
43.048
80.343
48.521
23.472
13.656
12.184
13
9.587
7.929
6.779
10.576
11.084
19.483
44.903
82.384
41.749
22.452
13.459
12.184
14
9.401
7.818
6.432
10.898
10.490
18.462
52.789
81.828
40.264
21.245
13.459
12.011
15
9.401
7.768
6.482
9.921
9.688
18.277
52.418
87.672
39.058
20.411
13.459
11.925
16
9.401
7.521
6.346
9.859
9.391
23.008
45.553
105.114
38.502
20.039
13.360
11.925
17
9.216
7.521
6.383
28.575
10.589
20.782
37.481
98.898
98.898
19.761
13.162
11.492
18
9.216
7.471
6.482
20.782
9.510
19.947
47.222
107.526
107.526
19.854
13.063
11.405
19
9.216
7.422
6.296
13.854
9.104
21.153
52.047
139.070
139.070
19.297
12.766
11.319
20
9.030
7.422
6.581
11.888
9.055
20.967
55.479
201.322
201.322
19.112
12.568
11.145
21
9.030
7.323
7.125
12.209
11.479
26.441
39.151
99.455
99.455
18.555
12.370
10.972
22
9.030
7.373
6.779
13.236
11.974
22.637
56.964
87.301
87.301
17.720
12.172
10.886
23
8.845
7.224
6.927
12.494
13.261
26.626
46.295
118.195
121.535
17.442
11.974
10.737
24
8.845
7.175
6.927
11.529
11.974
22.637
50.748
126.081
126.081
17.256
11.776
11.244
25
8.845
7.323
7.026
11.405
10.688
23.750
39.986
104.372
104.372
17.071
11.776
11.405
26
8.721
7.471
7.323
11.405
16.328
27.369
128.49
83.776
83.776
16.607
11.479
11.665
27
8.783
7.323
7.830
11.108
80.652
43.511
264.13
85.446
87.023
16.421
11.281
11.665
28
8.659
7.224
7.471
10.613
23.849
47.872
99.919
80.621
80.621
16.050
11.182
11.492
29
8.659
-
7.471
10.477
22.662
39.429
81.549
68.746
68.746
15.865
10.985
11.319
30
8.473
-
7.570
10.477
17.714
48.057
101.31
78.117
78.117
15.865
10.787
11.232
31
8.473
-
9.414
-
19.594
-
75.519
65.963
-
15.957
-
11.232



Table II-558: Daily flow at Ghunsa intake transported from Tamor at Mulghat in 2010
Day
Jan
Feb
Mar
Apr
May
Jun
Jul
Aug
Sep
Oct
Nov
Dec
1
11.665
8.238
7.261
9.624
8.986
15.586
37.759
77.374
106.042
34.234
18.901
15.215
2
11.145
8.313
8.770
9.624
12.667
13.081
58.077
71.066
113.186
32.100
18.308
14.597
3
10.886
8.313
8.102
8.659
13.360
14.473
41.656
88.600
100.383
26.070
17.417
14.349
4
10.811
8.102
7.892
8.313
11.677
22.173
58.355
111.608
102.609
27.461
16.823
14.102
5
10.886
8.028
7.397
8.028
13.162
19.947
55.943
99.269
86.652
27.369
16.328
14.102
6
10.663
8.028
7.187
8.102
12.370
26.719
81.364
97.599
82.291
26.163
15.438
13.731
7
10.515
8.028
7.051
7.892
14.745
27.369
67.819
88.229
170.892
25.606
15.933
13.731
8
10.440
7.682
6.902
7.682
11.974
21.988
61.788
76.447
90.363
24.585
15.438
13.483
9
10.218
8.523
6.841
8.102
13.558
23.565
57.892
60.582
86.002
23.936
14.943
13.483
10
10.218
8.164
6.841
8.164
12.172
21.802
56.036
115.969
73.199
24.585
14.646
13.236
11
10.069
8.028
6.766
11.492
11.084
20.874
68.932
69.767
109.567
24.493
14.052
13.236
12
10.069
7.744
6.766
10.873
11.875
20.225
66.334
68.561
108.547
24.400
14.151
12.865
13
9.847
8.238
6.630
15.710
10.490
28.389
74.962
84.332
80.807
21.524
14.745
12.741
14
9.995
7.954
6.630
16.823
10.391
20.874
62.623
76.910
91.754
20.132
13.854
12.494
15
9.995
7.682
6.630
13.978
9.748
22.266
65.592
87.487
91.291
20.132
13.162
12.271
16
9.847
7.608
6.630
11.838
9.540
22.266
85.631
109.567
84.611
20.874
13.162
11.925
17
9.698
7.608
6.445
10.675
19.000
29.317
77.096
129.050
93.239
22.823
14.745
11.665
18
9.550
7.471
6.568
10.985
12.469
51.768
92.033
122.927
105.114
24.493
14.745
11.405
19
9.327
7.608
6.630
12.135
12.568
29.317
76.447
155.398
102.516
23.750
14.646
10.811
20
9.327
7.397
6.507
11.752
18.802
45.367
147.048
178.128
88.043
23.008
15.042
10.663
21
9.179
7.533
6.568
11.752
25.631
30.245
186.385
126.731
91.662
23.008
15.042
10.589
22
8.956
7.113
6.692
18.555
17.219
28.760
104.094
129.885
90.641
24.214
15.240
10.218
23
8.882
7.397
7.471
16.700
13.162
34.883
108.176
157.346
80.807
21.431
13.656
10.218
24
8.882
6.977
8.585
16.452
22.266
30.894
80.436
150.296
62.252
20.596
13.459
9.995
25
8.733
7.261
8.238
18.555
17.219
28.946
90.456
123.112
60.582
20.039
13.162
9.995
26
8.659
7.051
7.818
20.782
16.032
36.275
87.765
121.628
50.841
19.483
13.162
9.772
27
8.659
7.187
8.671
14.968
16.130
35.718
106.042
165.603
51.397
19.204
13.162
9.550
28
8.659
7.397
8.671
12.617
17.516
37.481
68.004
156.790
41.934
18.555
12.865
9.327
29
8.659
-
8.956
12.494
14.250
42.491
208.002
123.205
37.388
18.369
12.370
9.327
30
8.449
-
8.733
12.741
13.854
38.502
92.589
137.307
40.450
18.369
11.776
9.104
31
8.449
-
11.32
-
14.745
-
151.965
118.195
-
17.998
-
9.179



Table II-559: Daily flow at Ghunsa intake transported from Tamor at Mulghat in 2011
Day
Jan
Feb
Mar
Apr
May
Jun
Jul
Aug
Sep
Oct
Nov
Dec
1
8.956
7.051
6.074
8.449
10.193
14.937
51.305
77.374
57.892
29.410
15.834
14.968
2
9.327
7.051
6.074
8.758
10.193
14.287
52.511
96.208
39.058
28.018
16.032
14.968
3
9.104
6.977
6.074
7.608
8.847
15.865
51.490
95.651
37.388
26.070
16.032
14.968
4
9.104
6.902
6.074
7.818
11.182
16.607
63.180
98.805
33.121
24.678
15.537
15.215
5
9.104
6.766
6.074
7.892
9.144
16.978
56.964
81.364
29.688
23.658
15.240
14.968
6
8.807
6.766
5.802
6.890
8.501
15.493
64.293
131.184
30.152
22.266
15.042
14.844
7
8.956
6.766
5.752
6.123
9.896
16.700
55.294
200.301
38.966
21.524
15.240
14.597
8
8.807
6.568
5.913
5.913
9.470
21.895
51.676
84.332
40.635
21.988
15.141
14.597
9
8.585
6.766
5.913
5.962
9.540
18.184
56.964
78.952
37.017
21.060
14.646
14.349
10
8.523
6.766
5.913
7.039
9.886
16.143
71.344
82.570
40.914
20.132
14.547
13.854
11
8.523
6.148
5.591
7.608
10.589
14.844
65.963
69.210
46.109
19.019
14.448
13.731
12
8.523
6.568
5.480
6.445
9.005
16.143
93.888
67.819
68.190
18.462
14.151
13.731
13
8.523
6.470
5.430
8.461
8.708
16.328
91.476
65.128
49.635
17.906
14.151
13.731
14
8.523
6.568
5.542
7.397
10.490
16.143
99.640
72.643
40.264
17.627
14.448
13.360
15
8.449
6.445
5.430
7.892
9.352
18.648
136.66
108.640
56.314
17.906
14.547
13.360
16
8.449
6.729
5.270
8.671
9.827
18.926
94.259
77.560
49.078
18.555
14.547
13.236
17
8.449
10.91
5.319
7.892
11.084
22.915
79.694
96.486
44.810
17.534
14.349
13.112
18
8.523
7.608
5.381
8.399
17.219
35.626
67.169
83.961
42.584
16.978
14.052
12.741
19
8.523
7.397
5.381
12.865
14.646
39.151
91.198
93.517
52.140
16.700
13.854
12.494
20
8.449
6.977
5.430
11.170
13.459
29.039
137.96
78.488
41.007
16.328
13.558
12.184
21
8.449
6.841
5.319
8.956
19.000
26.626
81.085
85.631
39.615
16.700
13.360
12.184
22
8.313
6.766
5.319
7.892
20.782
25.328
84.611
84.518
47.965
16.885
13.360
11.888
23
8.238
6.643
5.270
7.051
20.386
25.884
93.332
64.015
36.553
16.050
13.063
11.690
24
8.028
6.568
5.158
6.630
24.740
57.613
85.260
75.983
42.769
15.957
13.063
11.294
25
8.028
6.395
5.109
7.471
15.438
37.203
69.488
78.952
56.686
15.586
12.766
11.294
26
7.818
6.445
5.319
8.399
14.151
30.801
91.476
61.695
44.254
15.215
12.667
10.997
27
7.397
6.185
5.109
7.471
13.459
42.213
75.148
56.778
44.254
15.772
12.568
10.737
28
7.471
6.074
6.024
7.954
17.615
42.584
65.221
45.181
41.656
15.122
12.568
10.465
29
7.261
-
6.123
7.236
15.141
45.089
107.43
46.295
37.667
14.937
12.766
10.205
30
7.261
-
6.074
13.854
18.011
64.571
109.20
38.223
31.358
14.658
12.766
9.933
31
7.187
-
7.744
-
20.980
-
93.796
46.202
-
14.473
-
9.673


Table II-560: Daily flow at Ghunsa intake transported from Tamor at Mulghat in 2012
Day
Jan
Feb
Mar
Apr
May
Jun
Jul
Aug
Sep
Oct
Nov
Dec
1
9.414
7.892
7.212
7.434
8.877
26.070
62.438
69.117
106.78
58.912
14.052
11.455
2
9.760
7.669
6.754
6.902
8.303
28.018
48.057
75.704
144.92
46.480
13.755
11.145
3
10.74
7.669
6.606
7.063
7.946
22.452
73.292
173.953
75.797
46.016
13.755
11.145
4
10.29
7.669
6.606
14.226
11.084
36.461
65.406
84.240
72.179
50.470
13.459
11.145
5
9.933
7.669
6.531
9.587
10.985
20.967
46.480
72.457
67.169
30.801
13.459
10.848
6
9.673
7.521
6.606
12.989
10.490
23.008
49.449
106.970
61.324
28.296
12.964
10.848
7
9.673
7.434
6.680
14.720
10.193
25.513
40.357
74.684
54.830
25.699
12.766
10.848
8
9.760
7.434
6.383
11.987
9.282
23.750
46.016
77.096
45.274
23.565
12.766
10.230
9
9.414
10.29
6.296
11.294
9.520
26.163
35.811
79.044
45.089
22.173
12.766
10.230
10
9.414
8.127
6.296
13.854
18.802
30.709
50.284
62.623
42.677
21.802
12.766
10.230
11
9.414
7.521
6.012
14.473
12.964
25.420
56.314
66.056
52.140
19.854
12.469
10.230
12
9.414
7.286
6.086
11.888
12.172
26.255
142.595
64.015
72.272
19.112
12.271
10.230
13
9.141
7.212
5.950
14.844
17.219
26.163
83.034
64.664
84.332
17.720
12.469
9.921
14
8.882
7.212
6.296
16.205
16.427
32.286
79.230
49.449
123.76
18.277
11.974
9.921
15
8.795
7.212
5.888
16.081
21.276
46.388
134.060
56.500
79.694
17.998
11.974
9.921
16
8.795
7.063
6.309
15.339
14.151
42.120
124.226
58.077
75.612
17.442
11.875
9.624
17
8.882
7.286
6.383
12.494
13.953
84.518
93.888
74.034
91.476
17.071
11.875
9.315
18
8.882
7.212
6.074
11.690
12.568
41.470
97.507
82.663
73.199
16.792
11.677
9.315
19
8.795
7.137
6.148
12.741
14.943
32.100
215.609
77.560
58.727
16.792
11.380
9.055
20
8.610
7.137
6.531
12.617
14.349
53.067
88.600
84.982
60.118
16.236
11.182
9.055
21
8.610
6.989
7.212
15.091
15.933
48.336
73.014
73.663
58.355
15.772
10.985
8.795
22
8.350
7.063
7.212
22.390
19.396
49.171
94.074
77.653
47.872
15.215
10.589
8.795
23
8.127
6.989
7.212
16.328
21.078
56.500
83.961
90.456
53.995
14.937
10.490
8.610
24
8.350
6.989
8.003
12.989
17.912
65.406
94.074
70.602
44.903
14.751
10.490
8.523
25
8.276
6.989
8.251
11.888
20.188
80.343
188.983
69.860
36.461
14.844
10.193
8.263
26
8.127
7.063
7.744
11.220
21.870
111.05
88.415
75.519
32.471
14.751
9.896
8.263
27
8.350
6.989
7.595
15.710
28.698
118.10
100.846
72.643
30.059
14.380
9.896
8.003
28
8.127
6.902
7.434
18.308
28.599
66.056
83.869
103.722
29.039
14.287
9.896
8.003
29
8.127
6.828
8.350
15.586
29.688
62.809
98.342
87.301
34.512
13.916
9.411
7.744
30
7.892
-
8.560
12.494
29.688
57.799
85.446
85.724
47.686
13.638
9.243
7.744
31
8.127
-
8.041
-
56.902
-
73.478
73.014
-
13.174
-
7.744


Table II-561: Daily flow at Ghunsa intake transposed from Tamor at Mulghat in 2013
Day
Jan
Feb
Mar
Apr
May
Jun
Jul
Aug
Sep
Oct
Nov
Dec
1
7.744
5.245
4.280
4.663
16.229
31.915
54.459
79.787
65.314
67.540
30.381
19.916
2
7.744
5.245
4.738
4.589
18.110
25.699
47.501
68.097
96.115
60.025
29.886
19.916
3
7.484
5.455
4.738
4.602
16.625
21.245
61.603
60.768
79.694
56.222
29.193
19.545
4
7.298
5.245
4.515
5.678
12.766
22.452
64.293
66.241
71.993
54.181
27.808
19.174
5
7.039
5.245
4.404
4.948
8.679
65.592
79.879
69.860
97.228
53.995
25.928
19.174
6
7.039
5.245
4.404
4.515
13.261
69.303
86.837
53.346
70.138
62.252
25.829
18.802
7
7.125
5.171
4.948
4.404
11.776
29.502
90.548
58.077
168.572
58.170
24.839
18.802
8
6.952
5.245
6.111
4.527
11.084
26.626
89.806
56.222
149.368
46.480
24.344
18.431
9
6.779
5.022
5.529
4.874
11.578
29.781
140.369
90.456
205.033
41.749
24.047
18.308
10
6.779
4.342
4.948
5.604
11.677
28.853
203.548
99.084
144.451
38.873
23.651
17.937
11
6.544
4.515
6.618
6.841
16.032
25.791
173.582
104.372
126.452
36.089
23.552
17.689
12
6.705
4.589
6.185
6.185
13.063
23.843
100.568
81.085
120.979
34.234
22.860
17.689
13
6.705
4.453
5.529
5.529
12.073
23.750
101.403
73.478
108.176
32.750
22.563
17.689
14
6.544
4.342
5.888
6.173
14.349
21.988
87.023
70.602
95.837
53.253
21.771
17.194
15
6.470
4.404
6.457
5.826
11.084
20.503
91.662
65.870
93.888
268.31
20.782
16.823
16
6.470
4.527
5.913
10.947
10.886
24.307
106.506
75.519
107.897
90.734
20.584
16.700
17
6.333
8.473
5.604
8.350
10.391
20.874
153.635
64.200
92.218
76.168
20.188
16.576
18
6.259
7.212
5.171
7.484
12.568
19.668
105.021
77.374
93.703
59.283
19.792
16.328
19
6.420
6.259
4.800
8.708
9.896
20.874
104.929
69.952
92.218
66.149
19.396
15.957
20
6.705
5.319
4.540
8.436
10.688
23.565
102.238
85.167
81.642
52.511
19.198
15.957
21
6.470
5.455
4.874
9.723
11.875
57.057
93.981
77.374
80.343
43.326
18.703
15.710
22
6.259
5.381
9.104
10.341
15.141
49.913
192.508
63.829
86.466
39.893
18.110
15.710
23
6.111
4.874
5.752
11.962
19.099
48.614
117.175
51.026
75.983
37.017
17.615
15.339
24
6.111
5.171
5.381
10.131
24.344
83.312
108.176
58.541
82.570
34.698
17.615
15.215
25
5.826
5.245
5.319
8.981
18.506
96.300
146.677
66.241
95.837
32.842
17.615
14.597
26
5.826
5.022
5.529
8.263
26.026
52.975
92.033
86.374
108.361
30.801
17.120
14.597
27
5.678
5.245
5.022
10.923
63.235
59.747
86.002
116.062
73.849
33.956
16.526
14.349
28
5.529
5.022
4.948
11.244
27.412
64.108
89.528
85.539
71.530
48.521
16.229
14.349
29
5.455
-
5.096
10.440
24.443
117.92
73.478
79.230
68.375
41.378
16.229
13.978
30
5.381
-
5.245
12.358
42.355
56.036
69.210
73.478
64.293
33.399
15.933
13.978
31
5.245
-
5.022
-
57.694
-
72.179
60.025
-
29.688
-
13.731
