Date,Discharge
1965-01-01,8.597
1965-01-02,8.597
1965-01-03,8.597
1965-01-04,8.461
1965-01-05,8.461
1965-01-06,8.325
1965-01-07,8.461
1965-01-08,8.461
1965-01-09,8.461
1965-01-10,8.461
1965-01-11,8.461
1965-01-12,8.325
1965-01-13,8.325
1965-01-14,8.325
1965-01-15,8.325
1965-01-16,8.325
1965-01-17,8.325
1965-01-18,8.325
1965-01-19,8.325
1965-01-20,8.325
1965-01-21,8.189
1965-01-22,8.189
1965-01-23,8.189
1965-01-24,8.053
1965-01-25,8.053
1965-01-26,8.053
1965-01-27,8.053
1965-01-28,7.917
1965-01-29,7.917
1965-01-30,7.793
1965-01-31,7.793
1965-02-01,7.669
1965-02-02,7.669
1965-02-03,7.669
1965-02-04,7.546
1965-02-05,7.546
1965-02-06,7.546
1965-02-07,7.546
1965-02-08,7.422
1965-02-09,7.422
1965-02-10,7.422
1965-02-11,7.422
1965-02-12,7.422
1965-02-13,7.422
1965-02-14,7.298
1965-02-15,7.298
1965-02-16,7.298
1965-02-17,7.175
1965-02-18,7.175
1965-02-19,7.051
1965-02-20,7.051
1965-02-21,7.051
1965-02-22,6.927
1965-02-23,6.927
1965-02-24,6.804
1965-02-25,6.804
1965-02-26,6.680
1965-02-27,6.680
1965-02-28,6.581
1965-03-01,6.581
1965-03-02,6.482
1965-03-03,6.383
1965-03-04,6.383
1965-03-05,6.284
1965-03-06,6.185
1965-03-07,6.086
1965-03-08,5.987
1965-03-09,5.888
1965-03-10,5.789
1965-03-11,5.604
1965-03-12,5.604
1965-03-13,5.604
1965-03-14,5.517
1965-03-15,5.517
1965-03-16,5.517
1965-03-17,5.430
1965-03-18,5.430
1965-03-19,5.517
1965-03-20,7.175
1965-03-21,6.086
1965-03-22,5.789
1965-03-23,6.284
1965-03-24,6.284
1965-03-25,5.987
1965-03-26,5.789
1965-03-27,6.927
1965-03-28,9.005
1965-03-29,7.175
1965-03-30,7.051
1965-03-31,7.298
1965-04-01,6.680
1965-04-02,9.723
1965-04-03,8.461
1965-04-04,6.680
1965-04-05,6.086
1965-04-06,6.086
1965-04-07,5.789
1965-04-08,6.383
1965-04-09,6.086
1965-04-10,6.680
1965-04-11,7.546
1965-04-12,8.597
1965-04-13,14.473
1965-04-14,11.850
1965-04-15,11.170
1965-04-16,11.170
1965-04-17,11.987
1965-04-18,15.339
1965-04-19,10.898
1965-04-20,10.317
1965-04-21,10.613
1965-04-22,8.733
1965-04-23,8.461
1965-04-24,8.597
1965-04-25,9.141
1965-04-26,14.473
1965-04-27,11.578
1965-04-28,10.762
1965-04-29,11.578
1965-04-30,16.081
1965-05-01,12.370
1965-05-02,14.745
1965-05-03,21.573
1965-05-04,15.933
1965-05-05,13.854
1965-05-06,11.677
1965-05-07,14.646
1965-05-08,10.985
1965-05-09,10.490
1965-05-10,11.380
1965-05-11,12.964
1965-05-12,11.776
1965-05-13,13.261
1965-05-14,13.558
1965-05-15,12.667
1965-05-16,14.052
1965-05-17,13.755
1965-05-18,15.834
1965-05-19,21.771
1965-05-20,19.594
1965-05-21,23.750
1965-05-22,17.120
1965-05-23,19.099
1965-05-24,18.506
1965-05-25,15.240
1965-05-26,15.339
1965-05-27,16.130
1965-05-28,30.381
1965-05-29,30.381
1965-05-30,26.323
1965-05-31,22.563
1965-06-01,18.369
1965-06-02,21.524
1965-06-03,32.286
1965-06-04,23.565
1965-06-05,22.915
1965-06-06,24.678
1965-06-07,26.070
1965-06-08,19.761
1965-06-09,18.462
1965-06-10,25.420
1965-06-11,51.397
1965-06-12,44.996
1965-06-13,61.788
1965-06-14,51.583
1965-06-15,38.780
1965-06-16,50.284
1965-06-17,45.645
1965-06-18,63.736
1965-06-19,66.241
1965-06-20,53.160
1965-06-21,56.036
1965-06-22,44.532
1965-06-23,40.543
1965-06-24,51.583
1965-06-25,42.955
1965-06-26,41.656
1965-06-27,46.202
1965-06-28,50.562
1965-06-29,60.211
1965-06-30,56.778
1965-07-01,91.291
1965-07-02,70.509
1965-07-03,60.953
1965-07-04,48.985
1965-07-05,49.264
1965-07-06,95.002
1965-07-07,84.611
1965-07-08,71.993
1965-07-09,67.540
1965-07-10,70.138
1965-07-11,59.376
1965-07-12,57.892
1965-07-13,73.849
1965-07-14,61.232
1965-07-15,83.126
1965-07-16,57.613
1965-07-17,55.016
1965-07-18,71.251
1965-07-19,63.458
1965-07-20,54.737
1965-07-21,52.140
1965-07-22,48.521
1965-07-23,56.036
1965-07-24,95.002
1965-07-25,73.478
1965-07-26,60.675
1965-07-27,56.314
1965-07-28,55.294
1965-07-29,53.995
1965-07-30,54.737
1965-07-31,57.057
1965-08-01,74.962
1965-08-02,70.880
1965-08-03,68.282
1965-08-04,71.622
1965-08-05,79.044
1965-08-06,62.623
1965-08-07,95.002
1965-08-08,118.288
1965-08-09,88.693
1965-08-10,123.855
1965-08-11,123.391
1965-08-12,122.927
1965-08-13,108.732
1965-08-14,124.319
1965-08-15,115.969
1965-08-16,93.888
1965-08-17,89.064
1965-08-18,87.951
1965-08-19,117.360
1965-08-20,89.806
1965-08-21,98.342
1965-08-22,79.044
1965-08-23,71.622
1965-08-24,73.478
1965-08-25,79.044
1965-08-26,74.220
1965-08-27,77.931
1965-08-28,81.642
1965-08-29,85.724
1965-08-30,89.806
1965-08-31,67.911
1965-09-01,74.220
1965-09-02,76.076
1965-09-03,61.788
1965-09-04,57.613
1965-09-05,57.335
1965-09-06,56.778
1965-09-07,52.882
1965-09-08,61.510
1965-09-09,64.850
1965-09-10,62.066
1965-09-11,56.036
1965-09-12,51.119
1965-09-13,54.459
1965-09-14,58.634
1965-09-15,64.293
1965-09-16,56.036
1965-09-17,67.169
1965-09-18,64.015
1965-09-19,54.923
1965-09-20,49.913
1965-09-21,48.243
1965-09-22,49.913
1965-09-23,50.748
1965-09-24,54.923
1965-09-25,60.118
1965-09-26,46.016
1965-09-27,54.181
1965-09-28,41.842
1965-09-29,38.687
1965-09-30,35.718
1965-10-01,30.430
1965-10-02,29.224
1965-10-03,27.833
1965-10-04,26.255
1965-10-05,27.833
1965-10-06,24.678
1965-10-07,28.575
1965-10-08,23.750
1965-10-09,23.936
1965-10-10,23.379
1965-10-11,21.245
1965-10-12,20.782
1965-10-13,19.668
1965-10-14,19.483
1965-10-15,18.926
1965-10-16,18.369
1965-10-17,17.906
1965-10-18,17.813
1965-10-19,19.019
1965-10-20,18.184
1965-10-21,18.741
1965-10-22,18.462
1965-10-23,17.256
1965-10-24,16.143
1965-10-25,15.401
1965-10-26,15.122
1965-10-27,14.844
1965-10-28,14.380
1965-10-29,14.937
1965-10-30,14.658
1965-10-31,15.957
1965-11-01,15.933
1965-11-02,21.276
1965-11-03,16.130
1965-11-04,20.287
1965-11-05,24.344
1965-11-06,21.474
1965-11-07,20.980
1965-11-08,18.209
1965-11-09,16.526
1965-11-10,15.537
1965-11-11,15.240
1965-11-12,14.943
1965-11-13,14.349
1965-11-14,14.349
1965-11-15,13.854
1965-11-16,13.459
1965-11-17,12.964
1965-11-18,12.964
1965-11-19,12.667
1965-11-20,12.271
1965-11-21,11.974
1965-11-22,11.776
1965-11-23,11.578
1965-11-24,11.479
1965-11-25,11.182
1965-11-26,10.985
1965-11-27,10.886
1965-11-28,10.688
1965-11-29,10.490
1965-11-30,10.292
1965-12-01,12.617
1965-12-02,12.370
1965-12-03,12.222
1965-12-04,12.073
1965-12-05,11.925
1965-12-06,11.628
1965-12-07,11.479
1965-12-08,11.331
1965-12-09,11.182
1965-12-10,10.886
1965-12-11,10.762
1965-12-12,10.638
1965-12-13,10.515
1965-12-14,10.391
1965-12-15,10.267
1965-12-16,10.143
1965-12-17,10.020
1965-12-18,9.772
1965-12-19,9.649
1965-12-20,9.525
1965-12-21,9.401
1965-12-22,9.278
1965-12-23,9.154
1965-12-24,9.030
1965-12-25,8.906
1965-12-26,8.783
1965-12-27,8.659
1965-12-28,8.535
1965-12-29,8.412
1965-12-30,8.288
1965-12-31,8.164
1966-01-01,8.041
1966-01-02,7.917
1966-01-03,7.793
1966-01-04,13.607
1966-01-05,17.565
1966-01-06,11.182
1966-01-07,9.772
1966-01-08,9.154
1966-01-09,8.906
1966-01-10,8.659
1966-01-11,8.412
1966-01-12,8.164
1966-01-13,7.917
1966-01-14,7.793
1966-01-15,7.546
1966-01-16,7.422
1966-01-17,7.422
1966-01-18,7.422
1966-01-19,7.298
1966-01-20,7.175
1966-01-21,6.977
1966-01-22,6.878
1966-01-23,6.779
1966-01-24,6.581
1966-01-25,6.482
1966-01-26,6.680
1966-01-27,6.977
1966-01-28,6.779
1966-01-29,6.779
1966-01-30,6.581
1966-01-31,6.383
1966-02-01,6.383
1966-02-02,6.284
1966-02-03,6.284
1966-02-04,6.185
1966-02-05,6.086
1966-02-06,6.086
1966-02-07,5.888
1966-02-08,5.888
1966-02-09,5.888
1966-02-10,6.581
1966-02-11,6.383
1966-02-12,6.086
1966-02-13,6.185
1966-02-14,10.51
1966-02-15,7.669
1966-02-16,6.779
1966-02-17,6.185
1966-02-18,5.987
1966-02-19,5.789
1966-02-20,5.888
1966-02-21,5.789
1966-02-22,5.591
1966-02-23,5.492
1966-02-24,5.294
1966-02-25,5.294
1966-02-26,5.195
1966-02-27,5.393
1966-02-28,5.492
1966-03-01,5.109
1966-03-02,5.109
1966-03-03,5.109
1966-03-04,5.195
1966-03-05,5.109
1966-03-06,5.393
1966-03-07,4.849
1966-03-08,4.676
1966-03-09,4.936
1966-03-10,4.676
1966-03-11,4.676
1966-03-12,4.762
1966-03-13,4.676
1966-03-14,4.416
1966-03-15,4.503
1966-03-16,4.243
1966-03-17,4.503
1966-03-18,4.503
1966-03-19,4.849
1966-03-20,4.762
1966-03-21,4.416
1966-03-22,4.070
1966-03-23,4.156
1966-03-24,4.243
1966-03-25,4.243
1966-03-26,5.294
1966-03-27,6.581
1966-03-28,5.690
1966-03-29,6.086
1966-03-30,4.936
1966-03-31,4.589
1966-04-01,4.416
1966-04-02,4.503
1966-04-03,4.416
1966-04-04,3.897
1966-04-05,4.243
1966-04-06,4.416
1966-04-07,4.849
1966-04-08,4.936
1966-04-09,4.416
1966-04-10,4.243
1966-04-11,4.243
1966-04-12,4.070
1966-04-13,4.070
1966-04-14,4.070
1966-04-15,4.676
1966-04-16,11.331
1966-04-17,6.383
1966-04-18,5.987
1966-04-19,5.888
1966-04-20,5.789
1966-04-21,5.195
1966-04-22,7.546
1966-04-23,10.020
1966-04-24,7.076
1966-04-25,10.515
1966-04-26,7.669
1966-04-27,9.154
1966-04-28,7.546
1966-04-29,8.659
1966-04-30,12.989
1966-05-01,9.065
1966-05-02,8.610
1966-05-03,10.985
1966-05-04,10.985
1966-05-05,8.511
1966-05-06,9.183
1966-05-07,16.724
1966-05-08,8.946
1966-05-09,8.708
1966-05-10,7.818
1966-05-11,7.917
1966-05-12,7.125
1966-05-13,6.531
1966-05-14,7.422
1966-05-15,9.777
1966-05-16,10.688
1966-05-17,10.490
1966-05-18,10.292
1966-05-19,9.995
1966-05-20,9.183
1966-05-21,11.578
1966-05-22,12.370
1966-05-23,26.125
1966-05-24,14.448
1966-05-25,25.730
1966-05-26,27.511
1966-05-27,19.099
1966-05-28,17.615
1966-05-29,20.287
1966-05-30,18.407
1966-05-31,14.349
1966-06-01,15.772
1966-06-02,19.854
1966-06-03,21.802
1966-06-04,23.936
1966-06-05,19.854
1966-06-06,30.894
1966-06-07,20.967
1966-06-08,19.947
1966-06-09,26.441
1966-06-10,33.399
1966-06-11,25.977
1966-06-12,52.418
1966-06-13,76.076
1966-06-14,44.903
1966-06-15,37.574
1966-06-16,47.408
1966-06-17,36.924
1966-06-18,32.471
1966-06-19,33.677
1966-06-20,29.410
1966-06-21,28.482
1966-06-22,37.388
1966-06-23,46.016
1966-06-24,44.068
1966-06-25,53.531
1966-06-26,37.852
1966-06-27,39.429
1966-06-28,40.172
1966-06-29,38.502
1966-06-30,38.502
1966-07-01,194.92
1966-07-02,78.673
1966-07-03,90.548
1966-07-04,76.447
1966-07-05,91.847
1966-07-06,81.642
1966-07-07,73.478
1966-07-08,68.282
1966-07-09,61.603
1966-07-10,74.591
1966-07-11,86.837
1966-07-12,84.240
1966-07-13,83.126
1966-07-14,79.787
1966-07-15,74.962
1966-07-16,66.056
1966-07-17,87.580
1966-07-18,100.66
1966-07-19,72.736
1966-07-20,87.580
1966-07-21,104.37
1966-07-22,96.022
1966-07-23,79.415
1966-07-24,138.04
1966-07-25,104.84
1966-07-26,98.805
1966-07-27,102.98
1966-07-28,96.486
1966-07-29,86.837
1966-07-30,78.673
1966-07-31,90.548
1966-08-01,83.126
1966-08-02,100.19
1966-08-03,86.466
1966-08-04,87.951
1966-08-05,115.04
1966-08-06,90.920
1966-08-07,83.869
1966-08-08,77.189
1966-08-09,85.353
1966-08-10,83.498
1966-08-11,89.806
1966-08-12,83.869
1966-08-13,96.022
1966-08-14,79.044
1966-08-15,85.353
1966-08-16,76.818
1966-08-17,88.693
1966-08-18,82.013
1966-08-19,84.240
1966-08-20,85.724
1966-08-21,108.55
1966-08-22,106.69
1966-08-23,179.71
1966-08-24,96.486
1966-08-25,99.733
1966-08-26,91.383
1966-08-27,102.05
1966-08-28,107.62
1966-08-29,113.65
1966-08-30,150.57
1966-08-31,107.62
1966-09-01,101.125
1966-09-02,107.155
1966-09-03,103.444
1966-09-04,107.155
1966-09-05,106.227
1966-09-06,97.414
1966-09-07,94.167
1966-09-08,105.300
1966-09-09,126.174
1966-09-10,114.113
1966-09-11,92.775
1966-09-12,101.589
1966-09-13,96.486
1966-09-14,90.177
1966-09-15,92.775
1966-09-16,126.174
1966-09-17,103.908
1966-09-18,90.920
1966-09-19,77.189
1966-09-20,72.736
1966-09-21,77.189
1966-09-22,71.993
1966-09-23,59.376
1966-09-24,54.923
1966-09-25,51.026
1966-09-26,45.738
1966-09-27,44.068
1966-09-28,40.728
1966-09-29,39.244
1966-09-30,37.574
1966-10-01,37.852
1966-10-02,36.646
1966-10-03,36.646
1966-10-04,35.533
1966-10-05,39.244
1966-10-06,37.110
1966-10-07,33.677
1966-10-08,31.544
1966-10-09,30.152
1966-10-10,29.224
1966-10-11,27.833
1966-10-12,26.905
1966-10-13,25.791
1966-10-14,25.235
1966-10-15,24.493
1966-10-16,23.936
1966-10-17,23.750
1966-10-18,24.122
1966-10-19,23.565
1966-10-20,23.194
1966-10-21,27.369
1966-10-22,32.007
1966-10-23,25.606
1966-10-24,24.122
1966-10-25,23.565
1966-10-26,20.596
1966-10-27,20.132
1966-10-28,19.483
1966-10-29,19.204
1966-10-30,18.926
1966-10-31,18.648
1966-11-01,19.693
1966-11-02,19.099
1966-11-03,19.000
1966-11-04,18.407
1966-11-05,18.802
1966-11-06,18.407
1966-11-07,18.011
1966-11-08,17.417
1966-11-09,17.219
1966-11-10,16.823
1966-11-11,16.526
1966-11-12,16.427
1966-11-13,16.229
1966-11-14,16.229
1966-11-15,16.229
1966-11-16,16.130
1966-11-17,15.933
1966-11-18,15.339
1966-11-19,15.240
1966-11-20,14.943
1966-11-21,14.646
1966-11-22,14.448
1966-11-23,14.349
1966-11-24,14.349
1966-11-25,14.151
1966-11-26,13.854
1966-11-27,13.558
1966-11-28,13.459
1966-11-29,13.459
1966-11-30,13.261
1966-12-01,16.452
1966-12-02,16.081
1966-12-03,16.823
1966-12-04,16.205
1966-12-05,15.710
1966-12-06,15.463
1966-12-07,15.091
1966-12-08,14.968
1966-12-09,14.844
1966-12-10,14.720
1966-12-11,14.349
1966-12-12,14.226
1966-12-13,13.854
1966-12-14,13.731
1966-12-15,13.854
1966-12-16,13.607
1966-12-17,13.360
1966-12-18,13.360
1966-12-19,13.236
1966-12-20,13.236
1966-12-21,13.112
1966-12-22,12.989
1966-12-23,12.989
1966-12-24,12.865
1966-12-25,12.617
1966-12-26,12.494
1966-12-27,12.494
1966-12-28,12.370
1966-12-29,12.222
1966-12-30,12.073
1966-12-31,12.073
1967-01-01,12.073
1967-01-02,11.925
1967-01-03,11.776
1967-01-04,11.776
1967-01-05,11.628
1967-01-06,11.479
1967-01-07,11.331
1967-01-08,11.182
1967-01-09,11.034
1967-01-10,10.886
1967-01-11,10.638
1967-01-12,10.638
1967-01-13,10.515
1967-01-14,10.391
1967-01-15,10.638
1967-01-16,10.515
1967-01-17,10.391
1967-01-18,10.391
1967-01-19,10.267
1967-01-20,10.143
1967-01-21,10.020
1967-01-22,9.896
1967-01-23,10.020
1967-01-24,9.896
1967-01-25,9.896
1967-01-26,9.772
1967-01-27,9.649
1967-01-28,9.649
1967-01-29,9.525
1967-01-30,9.525
1967-01-31,9.401
1967-02-01,9.401
1967-02-02,9.401
1967-02-03,9.401
1967-02-04,9.278
1967-02-05,9.154
1967-02-06,9.278
1967-02-07,9.154
1967-02-08,9.030
1967-02-09,9.030
1967-02-10,9.030
1967-02-11,8.906
1967-02-12,8.906
1967-02-13,8.659
1967-02-14,8.659
1967-02-15,8.535
1967-02-16,8.659
1967-02-17,8.535
1967-02-18,8.535
1967-02-19,8.535
1967-02-20,8.783
1967-02-21,8.906
1967-02-22,9.154
1967-02-23,8.535
1967-02-24,8.412
1967-02-25,8.164
1967-02-26,8.164
1967-02-27,8.164
1967-02-28,8.164
1967-03-01,8.041
1967-03-02,8.041
1967-03-03,8.041
1967-03-04,7.917
1967-03-05,7.917
1967-03-06,7.669
1967-03-07,7.546
1967-03-08,7.546
1967-03-09,7.546
1967-03-10,8.288
1967-03-11,7.793
1967-03-12,7.917
1967-03-13,8.041
1967-03-14,9.278
1967-03-15,9.154
1967-03-16,8.535
1967-03-17,9.401
1967-03-18,8.659
1967-03-19,8.783
1967-03-20,8.659
1967-03-21,9.896
1967-03-22,12.222
1967-03-23,10.143
1967-03-24,21.029
1967-03-25,12.494
1967-03-26,10.267
1967-03-27,9.896
1967-03-28,9.649
1967-03-29,9.278
1967-03-30,8.906
1967-03-31,8.535
1967-04-01,8.535
1967-04-02,8.659
1967-04-03,10.267
1967-04-04,10.267
1967-04-05,10.143
1967-04-06,9.525
1967-04-07,9.030
1967-04-08,8.783
1967-04-09,8.535
1967-04-10,7.793
1967-04-11,7.546
1967-04-12,7.422
1967-04-13,7.422
1967-04-14,7.546
1967-04-15,8.906
1967-04-16,9.896
1967-04-17,10.886
1967-04-18,35.626
1967-04-19,27.709
1967-04-20,16.576
1967-04-21,14.968
1967-04-22,12.989
1967-04-23,13.978
1967-04-24,16.576
1967-04-25,12.989
1967-04-26,13.236
1967-04-27,13.854
1967-04-28,16.081
1967-04-29,16.205
1967-04-30,13.236
1967-05-01,25.532
1967-05-02,15.933
1967-05-03,12.964
1967-05-04,14.349
1967-05-05,12.271
1967-05-06,10.688
1967-05-07,10.985
1967-05-08,9.995
1967-05-09,15.834
1967-05-10,25.532
1967-05-11,23.948
1967-05-12,20.287
1967-05-13,14.646
1967-05-14,15.042
1967-05-15,11.875
1967-05-16,16.724
1967-05-17,13.755
1967-05-18,14.349
1967-05-19,23.058
1967-05-20,18.802
1967-05-21,17.021
1967-05-22,25.928
1967-05-23,19.297
1967-05-24,20.485
1967-05-25,29.490
1967-05-26,30.480
1967-05-27,23.355
1967-05-28,21.969
1967-05-29,20.584
1967-05-30,26.125
1967-05-31,36.120
1967-06-01,35.255
1967-06-02,36.461
1967-06-03,36.646
1967-06-04,49.913
1967-06-05,38.316
1967-06-06,33.677
1967-06-07,28.760
1967-06-08,20.411
1967-06-09,27.833
1967-06-10,37.110
1967-06-11,29.039
1967-06-12,65.314
1967-06-13,72.736
1967-06-14,46.573
1967-06-15,39.893
1967-06-16,36.924
1967-06-17,32.007
1967-06-18,32.193
1967-06-19,77.189
1967-06-20,94.167
1967-06-21,49.078
1967-06-22,56.407
1967-06-23,56.036
1967-06-24,37.852
1967-06-25,38.316
1967-06-26,54.552
1967-06-27,59.005
1967-06-28,51.583
1967-06-29,61.974
1967-06-30,51.305
1967-07-01,45.738
1967-07-02,64.200
1967-07-03,45.738
1967-07-04,43.233
1967-07-05,47.965
1967-07-06,46.851
1967-07-07,46.016
1967-07-08,142.502
1967-07-09,126.174
1967-07-10,136.379
1967-07-11,86.095
1967-07-12,76.818
1967-07-13,83.869
1967-07-14,109.475
1967-07-15,68.654
1967-07-16,129.143
1967-07-17,68.654
1967-07-18,106.691
1967-07-19,66.798
1967-07-20,65.685
1967-07-21,67.169
1967-07-22,142.502
1967-07-23,86.466
1967-07-24,87.209
1967-07-25,121.535
1967-07-26,73.107
1967-07-27,64.943
1967-07-28,90.548
1967-07-29,67.169
1967-07-30,59.747
1967-07-31,54.552
1967-08-01,49.913
1967-08-02,46.851
1967-08-03,45.181
1967-08-04,49.078
1967-08-05,55.665
1967-08-06,53.253
1967-08-07,62.716
1967-08-08,83.126
1967-08-09,90.177
1967-08-10,70.880
1967-08-11,71.251
1967-08-12,67.911
1967-08-13,97.414
1967-08-14,66.798
1967-08-15,68.282
1967-08-16,108.083
1967-08-17,68.654
1967-08-18,96.022
1967-08-19,65.685
1967-08-20,60.118
1967-08-21,61.974
1967-08-22,68.654
1967-08-23,67.911
1967-08-24,56.778
1967-08-25,60.489
1967-08-26,59.376
1967-08-27,60.860
1967-08-28,67.540
1967-08-29,52.140
1967-08-30,46.573
1967-08-31,46.851
1967-09-01,49.635
1967-09-02,45.181
1967-09-03,44.346
1967-09-04,47.408
1967-09-05,49.635
1967-09-06,46.295
1967-09-07,52.140
1967-09-08,48.243
1967-09-09,50.748
1967-09-10,56.407
1967-09-11,63.458
1967-09-12,51.305
1967-09-13,49.913
1967-09-14,47.686
1967-09-15,46.016
1967-09-16,48.521
1967-09-17,44.625
1967-09-18,40.728
1967-09-19,46.016
1967-09-20,58.263
1967-09-21,48.521
1967-09-22,46.573
1967-09-23,46.573
1967-09-24,51.026
1967-09-25,71.993
1967-09-26,58.263
1967-09-27,43.511
1967-09-28,41.563
1967-09-29,37.852
1967-09-30,36.646
1967-10-01,39.893
1967-10-02,40.450
1967-10-03,37.852
1967-10-04,34.791
1967-10-05,32.193
1967-10-06,31.544
1967-10-07,30.894
1967-10-08,29.966
1967-10-09,29.039
1967-10-10,27.183
1967-10-11,26.441
1967-10-12,25.977
1967-10-13,24.122
1967-10-14,23.008
1967-10-15,22.452
1967-10-16,21.802
1967-10-17,21.617
1967-10-18,20.782
1967-10-19,20.132
1967-10-20,19.854
1967-10-21,19.483
1967-10-22,19.019
1967-10-23,18.741
1967-10-24,18.462
1967-10-25,18.369
1967-10-26,18.091
1967-10-27,17.813
1967-10-28,17.627
1967-10-29,17.256
1967-10-30,17.071
1967-10-31,16.700
1967-11-01,18.407
1967-11-02,18.604
1967-11-03,18.209
1967-11-04,18.209
1967-11-05,17.219
1967-11-06,16.724
1967-11-07,16.427
1967-11-08,16.229
1967-11-09,16.427
1967-11-10,16.229
1967-11-11,15.933
1967-11-12,15.933
1967-11-13,15.933
1967-11-14,15.834
1967-11-15,15.339
1967-11-16,15.042
1967-11-17,14.745
1967-11-18,14.745
1967-11-19,14.448
1967-11-20,14.349
1967-11-21,14.151
1967-11-22,14.052
1967-11-23,14.052
1967-11-24,13.854
1967-11-25,14.646
1967-11-26,14.151
1967-11-27,13.558
1967-11-28,13.558
1967-11-29,13.558
1967-11-30,13.261
1967-12-01,16.452
1967-12-02,16.205
1967-12-03,16.081
1967-12-04,15.710
1967-12-05,15.834
1967-12-06,15.339
1967-12-07,15.339
1967-12-08,15.091
1967-12-09,15.091
1967-12-10,14.720
1967-12-11,14.473
1967-12-12,14.473
1967-12-13,14.349
1967-12-14,14.226
1967-12-15,13.978
1967-12-16,13.854
1967-12-17,13.731
1967-12-18,13.607
1967-12-19,13.607
1967-12-20,13.236
1967-12-21,13.236
1967-12-22,12.865
1967-12-23,12.865
1967-12-24,13.112
1967-12-25,12.989
1967-12-26,12.989
1967-12-27,12.865
1967-12-28,12.617
1967-12-29,12.617
1967-12-30,12.370
1967-12-31,12.370
1968-01-01,12.222
1968-01-02,12.222
1968-01-03,12.222
1968-01-04,12.073
1968-01-05,11.925
1968-01-06,11.925
1968-01-07,11.776
1968-01-08,12.222
1968-01-09,11.925
1968-01-10,11.925
1968-01-11,11.925
1968-01-12,11.628
1968-01-13,11.479
1968-01-14,11.628
1968-01-15,11.925
1968-01-16,11.628
1968-01-17,11.331
1968-01-18,11.182
1968-01-19,11.034
1968-01-20,11.034
1968-01-21,10.886
1968-01-22,11.034
1968-01-23,10.762
1968-01-24,10.762
1968-01-25,10.638
1968-01-26,10.638
1968-01-27,10.762
1968-01-28,10.762
1968-01-29,11.331
1968-01-30,11.479
1968-01-31,11.331
1968-02-01,10.886
1968-02-02,10.886
1968-02-03,10.762
1968-02-04,10.638
1968-02-05,10.515
1968-02-06,10.515
1968-02-07,10.267
1968-02-08,10.267
1968-02-09,10.143
1968-02-10,10.020
1968-02-11,10.020
1968-02-12,9.896
1968-02-13,9.896
1968-02-14,9.649
1968-02-15,9.649
1968-02-16,9.649
1968-02-17,9.525
1968-02-18,9.525
1968-02-19,9.401
1968-02-20,9.278
1968-02-21,9.525
1968-02-22,9.649
1968-02-23,9.525
1968-02-24,9.401
1968-02-25,9.278
1968-02-26,9.401
1968-02-27,9.278
1968-02-28,9.154
1968-02-29,9.649
1968-03-01,9.278
1968-03-02,9.278
1968-03-03,9.154
1968-03-04,9.030
1968-03-05,8.906
1968-03-06,8.906
1968-03-07,9.030
1968-03-08,9.278
1968-03-09,9.030
1968-03-10,10.020
1968-03-11,9.525
1968-03-12,12.989
1968-03-13,12.073
1968-03-14,11.331
1968-03-15,12.073
1968-03-16,12.865
1968-03-17,15.339
1968-03-18,13.607
1968-03-19,13.236
1968-03-20,13.236
1968-03-21,13.112
1968-03-22,11.182
1968-03-23,10.762
1968-03-24,11.182
1968-03-25,11.331
1968-03-26,10.762
1968-03-27,10.515
1968-03-28,10.391
1968-03-29,10.267
1968-03-30,10.762
1968-03-31,10.515
1968-04-01,10.267
1968-04-02,10.020
1968-04-03,9.896
1968-04-04,10.391
1968-04-05,10.020
1968-04-06,9.525
1968-04-07,10.143
1968-04-08,10.143
1968-04-09,12.865
1968-04-10,11.628
1968-04-11,12.370
1968-04-12,13.731
1968-04-13,11.628
1968-04-14,11.776
1968-04-15,11.479
1968-04-16,13.978
1968-04-17,13.112
1968-04-18,13.360
1968-04-19,12.865
1968-04-20,14.226
1968-04-21,15.339
1968-04-22,16.823
1968-04-23,15.091
1968-04-24,14.226
1968-04-25,12.865
1968-04-26,15.339
1968-04-27,12.989
1968-04-28,16.823
1968-04-29,17.937
1968-04-30,20.163
1968-05-01,20.485
1968-05-02,19.990
1968-05-03,20.485
1968-05-04,21.474
1968-05-05,19.297
1968-05-06,76.001
1968-05-07,17.813
1968-05-08,15.933
1968-05-09,15.240
1968-05-10,15.636
1968-05-11,14.349
1968-05-12,11.578
1968-05-13,11.182
1968-05-14,14.943
1968-05-15,12.073
1968-05-16,12.271
1968-05-17,14.646
1968-05-18,18.209
1968-05-19,12.568
1968-05-20,23.256
1968-05-21,27.709
1968-05-22,19.693
1968-05-23,21.177
1968-05-24,23.948
1968-05-25,20.485
1968-05-26,20.782
1968-05-27,28.698
1968-05-28,24.146
1968-05-29,36.120
1968-05-30,29.193
1968-05-31,30.480
1968-06-01,26.441
1968-06-02,27.833
1968-06-03,32.193
1968-06-04,24.307
1968-06-05,19.668
1968-06-06,19.668
1968-06-07,28.575
1968-06-08,29.966
1968-06-09,38.687
1968-06-10,41.563
1968-06-11,52.696
1968-06-12,36.646
1968-06-13,42.120
1968-06-14,67.911
1968-06-15,44.068
1968-06-16,40.728
1968-06-17,40.172
1968-06-18,63.829
1968-06-19,81.642
1968-06-20,92.775
1968-06-21,113.19
1968-06-22,52.418
1968-06-23,53.253
1968-06-24,48.243
1968-06-25,48.243
1968-06-26,46.573
1968-06-27,65.314
1968-06-28,56.778
1968-06-29,57.521
1968-06-30,52.975
1968-07-01,40.728
1968-07-02,45.460
1968-07-03,106.23
1968-07-04,77.560
1968-07-05,82.755
1968-07-06,84.982
1968-07-07,75.333
1968-07-08,72.736
1968-07-09,52.975
1968-07-10,55.665
1968-07-11,72.736
1968-07-12,88.322
1968-07-13,105.76
1968-07-14,63.458
1968-07-15,96.022
1968-07-16,135.82
1968-07-17,138.61
1968-07-18,131.37
1968-07-19,94.631
1968-07-20,130.81
1968-07-21,95.558
1968-07-22,118.75
1968-07-23,127.57
1968-07-24,91.383
1968-07-25,87.209
1968-07-26,194.92
1968-07-27,93.239
1968-07-28,92.311
1968-07-29,97.878
1968-07-30,93.239
1968-07-31,90.548
1968-08-01,87.580
1968-08-02,82.013
1968-08-03,97.414
1968-08-04,132.483
1968-08-05,88.322
1968-08-06,84.982
1968-08-07,82.384
1968-08-08,77.931
1968-08-09,106.69
1968-08-10,92.311
1968-08-11,87.951
1968-08-12,77.560
1968-08-13,79.787
1968-08-14,67.911
1968-08-15,66.056
1968-08-16,72.365
1968-08-17,83.869
1968-08-18,79.044
1968-08-19,76.818
1968-08-20,104.37
1968-08-21,83.126
1968-08-22,86.837
1968-08-23,96.022
1968-08-24,131.93
1968-08-25,84.982
1968-08-26,85.724
1968-08-27,81.642
1968-08-28,87.209
1968-08-29,82.013
1968-08-30,76.076
1968-08-31,66.427
1968-09-01,56.036
1968-09-02,57.521
1968-09-03,62.345
1968-09-04,90.177
1968-09-05,63.458
1968-09-06,60.860
1968-09-07,57.521
1968-09-08,66.056
1968-09-09,63.829
1968-09-10,54.181
1968-09-11,51.583
1968-09-12,47.408
1968-09-13,44.903
1968-09-14,44.068
1968-09-15,59.376
1968-09-16,56.036
1968-09-17,54.181
1968-09-18,55.294
1968-09-19,48.521
1968-09-20,54.923
1968-09-21,61.974
1968-09-22,48.800
1968-09-23,64.943
1968-09-24,67.169
1968-09-25,66.056
1968-09-26,63.829
1968-09-27,61.974
1968-09-28,70.880
1968-09-29,63.087
1968-09-30,64.571
1968-10-01,49.913
1968-10-02,48.800
1968-10-03,96.950
1968-10-04,283.89
1968-10-05,222.66
1968-10-06,218.02
1968-10-07,208.74
1968-10-08,116.15
1968-10-09,59.005
1968-10-10,43.883
1968-10-11,41.934
1968-10-12,29.874
1968-10-13,43.883
1968-10-14,47.779
1968-10-15,42.677
1968-10-16,40.821
1968-10-17,32.657
1968-10-18,40.821
1968-10-19,35.626
1968-10-20,40.821
1968-10-21,34.976
1968-10-22,31.451
1968-10-23,58.541
1968-10-24,56.593
1968-10-25,50.748
1968-10-26,48.243
1968-10-27,48.614
1968-10-28,47.037
1968-10-29,44.625
1968-10-30,43.140
1968-10-31,41.192
1968-11-01,30.678
1968-11-02,30.974
1968-11-03,29.985
1968-11-04,29.391
1968-11-05,28.006
1968-11-06,25.730
1968-11-07,25.730
1968-11-08,25.136
1968-11-09,35.922
1968-11-10,34.240
1968-11-11,35.230
1968-11-12,32.855
1968-11-13,32.855
1968-11-14,30.974
1968-11-15,29.688
1968-11-16,28.500
1968-11-17,28.797
1968-11-18,28.204
1968-11-19,25.730
1968-11-20,25.433
1968-11-21,24.344
1968-11-22,24.047
1968-11-23,23.849
1968-11-24,23.552
1968-11-25,23.355
1968-11-26,22.860
1968-11-27,22.068
1968-11-28,21.375
1968-11-29,20.386
1968-11-30,17.714
1968-12-01,21.276
1968-12-02,20.534
1968-12-03,20.039
1968-12-04,18.060
1968-12-05,17.813
1968-12-06,18.060
1968-12-07,18.060
1968-12-08,17.813
1968-12-09,17.689
1968-12-10,17.442
1968-12-11,17.442
1968-12-12,17.194
1968-12-13,16.700
1968-12-14,16.452
1968-12-15,16.205
1968-12-16,16.081
1968-12-17,15.834
1968-12-18,16.081
1968-12-19,15.834
1968-12-20,15.834
1968-12-21,15.586
1968-12-22,15.586
1968-12-23,15.586
1968-12-24,15.463
1968-12-25,14.968
1968-12-26,15.586
1968-12-27,13.978
1968-12-28,13.607
1968-12-29,13.483
1968-12-30,13.236
1968-12-31,13.483
1969-01-01,12.741
1969-01-02,12.494
1969-01-03,12.321
1969-01-04,12.147
1969-01-05,12.741
1969-01-06,12.494
1969-01-07,11.801
1969-01-08,11.628
1969-01-09,11.628
1969-01-10,10.762
1969-01-11,10.279
1969-01-12,9.958
1969-01-13,10.279
1969-01-14,10.440
1969-01-15,9.958
1969-01-16,9.958
1969-01-17,10.119
1969-01-18,10.440
1969-01-19,10.279
1969-01-20,10.279
1969-01-21,9.797
1969-01-22,9.636
1969-01-23,9.636
1969-01-24,9.315
1969-01-25,11.281
1969-01-26,12.865
1969-01-27,12.147
1969-01-28,11.281
1969-01-29,11.281
1969-01-30,11.108
1969-01-31,10.935
1969-02-01,10.935
1969-02-02,10.762
1969-02-03,10.762
1969-02-04,10.762
1969-02-05,10.119
1969-02-06,9.958
1969-02-07,9.797
1969-02-08,9.797
1969-02-09,9.475
1969-02-10,9.475
1969-02-11,9.475
1969-02-12,9.636
1969-02-13,9.315
1969-02-14,9.797
1969-02-15,9.636
1969-02-16,9.315
1969-02-17,9.154
1969-02-18,9.154
1969-02-19,9.154
1969-02-20,9.018
1969-02-21,9.018
1969-02-22,8.610
1969-02-23,8.473
1969-02-24,8.610
1969-02-25,8.473
1969-02-26,8.337
1969-02-27,8.337
1969-02-28,8.337
1969-03-01,8.201
1969-03-02,8.201
1969-03-03,8.065
1969-03-04,7.929
1969-03-05,7.929
1969-03-06,7.929
1969-03-07,7.929
1969-03-08,7.929
1969-03-09,7.793
1969-03-10,8.065
1969-03-11,8.610
1969-03-12,8.201
1969-03-13,7.929
1969-03-14,8.337
1969-03-15,7.929
1969-03-16,8.473
1969-03-17,9.315
1969-03-18,8.473
1969-03-19,10.440
1969-03-20,10.601
1969-03-21,10.762
1969-03-22,10.935
1969-03-23,18.060
1969-03-24,14.597
1969-03-25,10.119
1969-03-26,10.279
1969-03-27,10.601
1969-03-28,9.797
1969-03-29,9.797
1969-03-30,9.797
1969-03-31,9.018
1969-04-01,9.154
1969-04-02,8.882
1969-04-03,8.610
1969-04-04,8.610
1969-04-05,8.337
1969-04-06,8.201
1969-04-07,8.746
1969-04-08,9.475
1969-04-09,10.440
1969-04-10,10.279
1969-04-11,10.279
1969-04-12,9.797
1969-04-13,11.281
1969-04-14,13.236
1969-04-15,11.974
1969-04-16,10.601
1969-04-17,21.029
1969-04-18,12.494
1969-04-19,12.321
1969-04-20,11.801
1969-04-21,12.147
1969-04-22,11.801
1969-04-23,11.974
1969-04-24,11.628
1969-04-25,11.108
1969-04-26,10.935
1969-04-27,11.281
1969-04-28,11.108
1969-04-29,11.108
1969-04-30,27.338
1969-05-01,10.886
1969-05-02,11.479
1969-05-03,13.755
1969-05-04,11.182
1969-05-05,23.058
1969-05-06,12.964
1969-05-07,12.667
1969-05-08,13.162
1969-05-09,11.182
1969-05-10,9.579
1969-05-11,9.579
1969-05-12,36.219
1969-05-13,17.714
1969-05-14,14.151
1969-05-15,19.891
1969-05-16,13.360
1969-05-17,19.000
1969-05-18,50.569
1969-05-19,23.552
1969-05-20,17.417
1969-05-21,17.417
1969-05-22,26.026
1969-05-23,28.500
1969-05-24,67.293
1969-05-25,29.391
1969-05-26,42.751
1969-05-27,99.950
1969-05-28,69.470
1969-05-29,28.204
1969-05-30,20.584
1969-05-31,16.823
1969-06-01,16.978
1969-06-02,27.554
1969-06-03,26.441
1969-06-04,66.149
1969-06-05,153.91
1969-06-06,61.603
1969-06-07,83.034
1969-06-08,87.672
1969-06-09,132.39
1969-06-10,90.920
1969-06-11,57.521
1969-06-12,62.623
1969-06-13,53.810
1969-06-14,60.025
1969-06-15,76.447
1969-06-16,79.972
1969-06-17,47.037
1969-06-18,46.202
1969-06-19,46.573
1969-06-20,55.665
1969-06-21,70.787
1969-06-22,62.623
1969-06-23,79.508
1969-06-24,74.406
1969-06-25,79.508
1969-06-26,66.705
1969-06-27,54.273
1969-06-28,50.284
1969-06-29,45.831
1969-06-30,43.140
1969-07-01,82.570
1969-07-02,72.272
1969-07-03,78.952
1969-07-04,69.210
1969-07-05,77.467
1969-07-06,86.652
1969-07-07,76.910
1969-07-08,76.910
1969-07-09,167.27
1969-07-10,77.931
1969-07-11,69.488
1969-07-12,71.901
1969-07-13,93.146
1969-07-14,123.95
1969-07-15,106.41
1969-07-16,80.529
1969-07-17,68.097
1969-07-18,55.108
1969-07-19,61.417
1969-07-20,54.366
1969-07-21,55.943
1969-07-22,50.470
1969-07-23,63.180
1969-07-24,51.954
1969-07-25,93.703
1969-07-26,72.365
1969-07-27,138.98
1969-07-28,131.74
1969-07-29,83.590
1969-07-30,61.046
1969-07-31,55.572
1969-08-01,60.118
1969-08-02,63.644
1969-08-03,61.417
1969-08-04,72.365
1969-08-05,87.672
1969-08-06,70.973
1969-08-07,80.529
1969-08-08,67.633
1969-08-09,88.786
1969-08-10,93.703
1969-08-11,84.054
1969-08-12,109.660
1969-08-13,61.417
1969-08-14,71.437
1969-08-15,58.448
1969-08-16,58.448
1969-08-17,70.973
1969-08-18,86.652
1969-08-19,66.798
1969-08-20,61.417
1969-08-21,72.365
1969-08-22,69.952
1969-08-23,66.334
1969-08-24,78.488
1969-08-25,83.590
1969-08-26,57.242
1969-08-27,65.406
1969-08-28,68.097
1969-08-29,65.870
1969-08-30,65.870
1969-08-31,69.952
1969-09-01,60.118
1969-09-02,92.589
1969-09-03,69.025
1969-09-04,92.033
1969-09-05,72.365
1969-09-06,81.549
1969-09-07,72.365
1969-09-08,76.910
1969-09-09,55.572
1969-09-10,55.108
1969-09-11,50.841
1969-09-12,44.532
1969-09-13,48.150
1969-09-14,94.816
1969-09-15,108.36
1969-09-16,82.570
1969-09-17,98.713
1969-09-18,136.29
1969-09-19,56.407
1969-09-20,64.108
1969-09-21,47.779
1969-09-22,58.077
1969-09-23,45.924
1969-09-24,47.408
1969-09-25,57.613
1969-09-26,49.264
1969-09-27,50.470
1969-09-28,55.572
1969-09-29,55.572
1969-09-30,36.924
1969-10-01,42.491
1969-10-02,41.099
1969-10-03,38.502
1969-10-04,36.275
1969-10-05,34.791
1969-10-06,34.420
1969-10-07,32.100
1969-10-08,32.100
1969-10-09,31.451
1969-10-10,33.213
1969-10-11,31.729
1969-10-12,27.740
1969-10-13,26.905
1969-10-14,25.884
1969-10-15,28.760
1969-10-16,26.441
1969-10-17,25.606
1969-10-18,25.420
1969-10-19,24.122
1969-10-20,24.122
1969-10-21,23.843
1969-10-22,22.915
1969-10-23,22.915
1969-10-24,22.452
1969-10-25,21.802
1969-10-26,20.503
1969-10-27,20.503
1969-10-28,20.132
1969-10-29,20.689
1969-10-30,19.854
1969-10-31,19.483
1969-11-01,19.891
1969-11-02,19.594
1969-11-03,19.396
1969-11-04,19.000
1969-11-05,19.000
1969-11-06,18.506
1969-11-07,18.110
1969-11-08,17.912
1969-11-09,17.714
1969-11-10,17.714
1969-11-11,18.110
1969-11-12,17.714
1969-11-13,17.318
1969-11-14,17.120
1969-11-15,17.120
1969-11-16,16.526
1969-11-17,16.130
1969-11-18,15.339
1969-11-19,13.261
1969-11-20,12.568
1969-11-21,12.073
1969-11-22,11.776
1969-11-23,10.985
1969-11-24,11.479
1969-11-25,11.479
1969-11-26,11.281
1969-11-27,11.182
1969-11-28,10.985
1969-11-29,10.886
1969-11-30,10.688
1969-12-01,12.989
1969-12-02,12.865
1969-12-03,12.617
1969-12-04,12.865
1969-12-05,11.875
1969-12-06,11.875
1969-12-07,11.714
1969-12-08,11.714
1969-12-09,11.554
1969-12-10,11.393
1969-12-11,11.232
1969-12-12,11.232
1969-12-13,11.071
1969-12-14,10.910
1969-12-15,10.910
1969-12-16,10.750
1969-12-17,10.589
1969-12-18,10.428
1969-12-19,10.267
1969-12-20,10.119
1969-12-21,9.970
1969-12-22,9.822
1969-12-23,9.822
1969-12-24,9.673
1969-12-25,9.525
1969-12-26,9.376
1969-12-27,9.376
1969-12-28,9.228
1969-12-29,8.931
1969-12-30,8.931
1969-12-31,8.931
1970-01-01,8.783
1970-01-02,8.783
1970-01-03,8.647
1970-01-04,8.647
1970-01-05,8.374
1970-01-06,8.511
1970-01-07,8.511
1970-01-08,8.374
1970-01-09,8.511
1970-01-10,8.374
1970-01-11,8.238
1970-01-12,8.238
1970-01-13,8.102
1970-01-14,7.966
1970-01-15,7.966
1970-01-16,7.830
1970-01-17,7.830
1970-01-18,7.830
1970-01-19,7.694
1970-01-20,7.694
1970-01-21,7.830
1970-01-22,7.966
1970-01-23,7.966
1970-01-24,7.694
1970-01-25,7.558
1970-01-26,7.966
1970-01-27,7.694
1970-01-28,7.694
1970-01-29,7.694
1970-01-30,7.422
1970-01-31,7.558
1970-02-01,7.966
1970-02-02,7.830
1970-02-03,7.694
1970-02-04,7.694
1970-02-05,7.694
1970-02-06,7.422
1970-02-07,7.966
1970-02-08,7.694
1970-02-09,7.558
1970-02-10,7.558
1970-02-11,7.422
1970-02-12,7.422
1970-02-13,7.298
1970-02-14,7.175
1970-02-15,7.051
1970-02-16,7.175
1970-02-17,6.927
1970-02-18,6.927
1970-02-19,7.051
1970-02-20,11.071
1970-02-21,8.931
1970-02-22,8.931
1970-02-23,7.966
1970-02-24,8.238
1970-02-25,7.422
1970-02-26,7.422
1970-02-27,7.298
1970-02-28,7.175
1970-03-01,7.175
1970-03-02,7.175
1970-03-03,6.927
1970-03-04,6.927
1970-03-05,7.051
1970-03-06,6.927
1970-03-07,6.680
1970-03-08,6.556
1970-03-09,6.432
1970-03-10,6.680
1970-03-11,7.051
1970-03-12,7.694
1970-03-13,7.966
1970-03-14,7.175
1970-03-15,6.927
1970-03-16,6.680
1970-03-17,6.680
1970-03-18,7.175
1970-03-19,7.175
1970-03-20,6.927
1970-03-21,6.804
1970-03-22,6.680
1970-03-23,6.556
1970-03-24,6.556
1970-03-25,6.556
1970-03-26,6.185
1970-03-27,7.422
1970-03-28,7.051
1970-03-29,7.966
1970-03-30,8.238
1970-03-31,7.830
1970-04-01,7.558
1970-04-02,6.680
1970-04-03,6.680
1970-04-04,6.556
1970-04-05,6.185
1970-04-06,6.309
1970-04-07,5.987
1970-04-08,7.051
1970-04-09,6.680
1970-04-10,6.556
1970-04-11,6.086
1970-04-12,6.185
1970-04-13,7.558
1970-04-14,8.374
1970-04-15,7.966
1970-04-16,7.694
1970-04-17,23.503
1970-04-18,16.328
1970-04-19,9.673
1970-04-20,8.238
1970-04-21,7.558
1970-04-22,8.238
1970-04-23,7.966
1970-04-24,9.080
1970-04-25,9.525
1970-04-26,9.970
1970-04-27,25.359
1970-04-28,17.565
1970-04-29,17.442
1970-04-30,21.895
1970-05-01,11.479
1970-05-02,13.558
1970-05-03,11.281
1970-05-04,14.448
1970-05-05,12.766
1970-05-06,11.578
1970-05-07,9.995
1970-05-08,8.471
1970-05-09,8.728
1970-05-10,8.600
1970-05-11,9.243
1970-05-12,11.281
1970-05-13,10.589
1970-05-14,11.479
1970-05-15,11.776
1970-05-16,28.204
1970-05-17,130.13
1970-05-18,26.323
1970-05-19,16.130
1970-05-20,13.459
1970-05-21,12.766
1970-05-22,15.240
1970-05-23,12.073
1970-05-24,12.073
1970-05-25,12.568
1970-05-26,12.370
1970-05-27,11.182
1970-05-28,38.990
1970-05-29,9.372
1970-05-30,11.578
1970-05-31,10.985
1970-06-01,13.081
1970-06-02,17.163
1970-06-03,21.802
1970-06-04,21.153
1970-06-05,16.421
1970-06-06,17.349
1970-06-07,14.751
1970-06-08,17.627
1970-06-09,64.943
1970-06-10,65.870
1970-06-11,20.689
1970-06-12,70.973
1970-06-13,40.172
1970-06-14,28.204
1970-06-15,40.450
1970-06-16,34.791
1970-06-17,53.160
1970-06-18,41.749
1970-06-19,30.337
1970-06-20,24.122
1970-06-21,25.884
1970-06-22,61.417
1970-06-23,69.025
1970-06-24,78.488
1970-06-25,78.952
1970-06-26,53.902
1970-06-27,48.150
1970-06-28,86.188
1970-06-29,67.633
1970-06-30,55.108
1970-07-01,46.295
1970-07-02,51.954
1970-07-03,59.283
1970-07-04,86.188
1970-07-05,49.727
1970-07-06,76.354
1970-07-07,51.212
1970-07-08,63.180
1970-07-09,63.180
1970-07-10,85.631
1970-07-11,61.046
1970-07-12,75.333
1970-07-13,136.286
1970-07-14,87.672
1970-07-15,177.29
1970-07-16,119.40
1970-07-17,80.993
1970-07-18,69.488
1970-07-19,75.890
1970-07-20,103.166
1970-07-21,85.631
1970-07-22,121.350
1970-07-23,94.816
1970-07-24,151.594
1970-07-25,81.549
1970-07-26,149.368
1970-07-27,90.920
1970-07-28,120.700
1970-07-29,109.011
1970-07-30,87.209
1970-07-31,98.713
1970-08-01,82.013
1970-08-02,80.529
1970-08-03,138.235
1970-08-04,84.054
1970-08-05,94.816
1970-08-06,161.429
1970-08-07,138.235
1970-08-08,179.798
1970-08-09,212.455
1970-08-10,121.350
1970-08-11,104.465
1970-08-12,131.741
1970-08-13,116.804
1970-08-14,81.549
1970-08-15,85.631
1970-08-16,90.920
1970-08-17,95.373
1970-08-18,76.354
1970-08-19,69.025
1970-08-20,67.169
1970-08-21,46.295
1970-08-22,46.666
1970-08-23,51.583
1970-08-24,61.417
1970-08-25,101.218
1970-08-26,80.529
1970-08-27,75.333
1970-08-28,68.097
1970-08-29,74.313
1970-08-30,69.025
1970-08-31,67.169
1970-09-01,47.408
1970-09-02,45.553
1970-09-03,42.769
1970-09-04,43.140
1970-09-05,47.408
1970-09-06,43.790
1970-09-07,45.924
1970-09-08,39.800
1970-09-09,45.274
1970-09-10,49.727
1970-09-11,46.666
1970-09-12,42.491
1970-09-13,45.924
1970-09-14,45.274
1970-09-15,66.334
1970-09-16,50.470
1970-09-17,46.666
1970-09-18,33.863
1970-09-19,34.791
1970-09-20,51.212
1970-09-21,47.779
1970-09-22,46.666
1970-09-23,68.561
1970-09-24,50.099
1970-09-25,89.899
1970-09-26,117.453
1970-09-27,125.246
1970-09-28,110.959
1970-09-29,73.849
1970-09-30,71.901
1970-10-01,61.881
1970-10-02,72.365
1970-10-03,52.418
1970-10-04,44.903
1970-10-05,39.800
1970-10-06,39.151
1970-10-07,38.223
1970-10-08,37.203
1970-10-09,33.213
1970-10-10,31.729
1970-10-11,30.059
1970-10-12,29.317
1970-10-13,28.204
1970-10-14,27.925
1970-10-15,25.884
1970-10-16,24.864
1970-10-17,22.915
1970-10-18,21.617
1970-10-19,19.483
1970-10-20,18.648
1970-10-21,17.163
1970-10-22,16.236
1970-10-23,16.050
1970-10-24,14.380
1970-10-25,14.102
1970-10-26,13.731
1970-10-27,14.102
1970-10-28,13.545
1970-10-29,13.174
1970-10-30,12.617
1970-10-31,11.782
1970-11-01,12.568
1970-11-02,12.271
1970-11-03,13.459
1970-11-04,11.974
1970-11-05,11.776
1970-11-06,11.479
1970-11-07,11.578
1970-11-08,11.281
1970-11-09,10.985
1970-11-10,10.886
1970-11-11,10.391
1970-11-12,10.391
1970-11-13,10.292
1970-11-14,9.649
1970-11-15,9.500
1970-11-16,9.243
1970-11-17,9.114
1970-11-18,8.986
1970-11-19,8.857
1970-11-20,8.728
1970-11-21,8.600
1970-11-22,8.342
1970-11-23,8.214
1970-11-24,8.095
1970-11-25,7.739
1970-11-26,7.501
1970-11-27,7.382
1970-11-28,7.264
1970-11-29,7.264
1970-11-30,7.264
1970-12-01,8.783
1970-12-02,8.647
1970-12-03,8.511
1970-12-04,8.511
1970-12-05,8.374
1970-12-06,8.238
1970-12-07,8.102
1970-12-08,8.102
1970-12-09,7.830
1970-12-10,7.830
1970-12-11,7.694
1970-12-12,7.694
1970-12-13,7.694
1970-12-14,7.558
1970-12-15,7.558
1970-12-16,7.422
1970-12-17,7.422
1970-12-18,7.422
1970-12-19,7.422
1970-12-20,7.298
1970-12-21,7.298
1970-12-22,7.175
1970-12-23,7.175
1970-12-24,7.175
1970-12-25,7.051
1970-12-26,7.051
1970-12-27,7.051
1970-12-28,6.927
1970-12-29,6.680
1970-12-30,6.680
1970-12-31,6.556
1971-01-01,6.432
1971-01-02,6.309
1971-01-03,6.309
1971-01-04,6.185
1971-01-05,6.185
1971-01-06,6.086
1971-01-07,5.987
1971-01-08,5.987
1971-01-09,5.789
1971-01-10,5.789
1971-01-11,5.690
1971-01-12,5.591
1971-01-13,5.591
1971-01-14,5.591
1971-01-15,5.492
1971-01-16,5.393
1971-01-17,5.393
1971-01-18,5.294
1971-01-19,5.294
1971-01-20,5.195
1971-01-21,5.096
1971-01-22,5.096
1971-01-23,4.997
1971-01-24,5.096
1971-01-25,4.997
1971-01-26,4.800
1971-01-27,4.800
1971-01-28,4.800
1971-01-29,4.701
1971-01-30,4.503
1971-01-31,4.404
1971-02-01,4.305
1971-02-02,4.206
1971-02-03,4.206
1971-02-04,4.119
1971-02-05,4.119
1971-02-06,4.033
1971-02-07,4.033
1971-02-08,3.946
1971-02-09,3.946
1971-02-10,4.033
1971-02-11,4.033
1971-02-12,3.946
1971-02-13,3.946
1971-02-14,3.946
1971-02-15,4.033
1971-02-16,3.773
1971-02-17,3.773
1971-02-18,3.686
1971-02-19,3.686
1971-02-20,3.686
1971-02-21,3.600
1971-02-22,3.600
1971-02-23,3.600
1971-02-24,3.600
1971-02-25,3.686
1971-02-26,3.426
1971-02-27,3.513
1971-02-28,3.513
1971-03-01,5.294
1971-03-02,4.033
1971-03-03,3.513
1971-03-04,3.513
1971-03-05,3.513
1971-03-06,3.513
1971-03-07,3.426
1971-03-08,3.340
1971-03-09,3.191
1971-03-10,3.191
1971-03-11,3.191
1971-03-12,3.117
1971-03-13,3.191
1971-03-14,3.043
1971-03-15,3.266
1971-03-16,3.340
1971-03-17,3.191
1971-03-18,3.340
1971-03-19,3.117
1971-03-20,3.117
1971-03-21,3.191
1971-03-22,3.043
1971-03-23,4.119
1971-03-24,4.206
1971-03-25,3.266
1971-03-26,3.426
1971-03-27,3.686
1971-03-28,4.997
1971-03-29,3.773
1971-03-30,5.096
1971-03-31,6.086
1971-04-01,5.690
1971-04-02,7.175
1971-04-03,9.080
1971-04-04,6.086
1971-04-05,5.393
1971-04-06,8.783
1971-04-07,6.680
1971-04-08,5.492
1971-04-09,5.492
1971-04-10,8.647
1971-04-11,7.830
1971-04-12,13.978
1971-04-13,8.374
1971-04-14,6.680
1971-04-15,13.978
1971-04-16,9.970
1971-04-17,12.061
1971-04-18,8.931
1971-04-19,53.067
1971-04-20,22.142
1971-04-21,14.720
1971-04-22,14.102
1971-04-23,14.102
1971-04-24,15.463
1971-04-25,13.360
1971-04-26,13.360
1971-04-27,9.228
1971-04-28,8.374
1971-04-29,8.511
1971-04-30,14.473
1971-05-01,8.214
1971-05-02,16.328
1971-05-03,11.776
1971-05-04,11.974
1971-05-05,16.130
1971-05-06,14.448
1971-05-07,11.974
1971-05-08,16.328
1971-05-09,10.391
1971-05-10,9.649
1971-05-11,13.755
1971-05-12,14.052
1971-05-13,15.537
1971-05-14,12.370
1971-05-15,13.459
1971-05-16,11.776
1971-05-17,14.250
1971-05-18,10.985
1971-05-19,10.985
1971-05-20,10.589
1971-05-21,14.052
1971-05-22,13.755
1971-05-23,10.688
1971-05-24,16.130
1971-05-25,25.433
1971-05-26,17.120
1971-05-27,14.052
1971-05-28,15.339
1971-05-29,21.672
1971-05-30,21.177
1971-05-31,24.245
1971-06-01,34.141
1971-06-02,42.120
1971-06-03,37.852
1971-06-04,36.275
1971-06-05,41.099
1971-06-06,44.161
1971-06-07,47.408
1971-06-08,41.099
1971-06-09,53.902
1971-06-10,55.943
1971-06-11,80.529
1971-06-12,80.529
1971-06-13,109.66
1971-06-14,49.727
1971-06-15,39.522
1971-06-16,60.118
1971-06-17,43.140
1971-06-18,44.532
1971-06-19,58.912
1971-06-20,79.972
1971-06-21,78.952
1971-06-22,63.644
1971-06-23,58.448
1971-06-24,55.943
1971-06-25,73.849
1971-06-26,74.313
1971-06-27,69.952
1971-06-28,64.943
1971-06-29,63.180
1971-06-30,70.416
1971-07-01,70.973
1971-07-02,75.890
1971-07-03,86.652
1971-07-04,99.269
1971-07-05,67.633
1971-07-06,113.56
1971-07-07,83.034
1971-07-08,76.910
1971-07-09,84.611
1971-07-10,120.70
1971-07-11,70.416
1971-07-12,71.437
1971-07-13,68.097
1971-07-14,64.571
1971-07-15,65.406
1971-07-16,64.571
1971-07-17,58.448
1971-07-18,61.881
1971-07-19,56.778
1971-07-20,55.108
1971-07-21,59.747
1971-07-22,58.077
1971-07-23,71.901
1971-07-24,62.809
1971-07-25,71.437
1971-07-26,64.943
1971-07-27,57.613
1971-07-28,64.943
1971-07-29,57.242
1971-07-30,73.292
1971-07-31,95.373
1971-08-01,92.033
1971-08-02,76.354
1971-08-03,99.269
1971-08-04,87.209
1971-08-05,83.034
1971-08-06,92.589
1971-08-07,161.429
1971-08-08,110.309
1971-08-09,89.899
1971-08-10,73.849
1971-08-11,88.786
1971-08-12,89.899
1971-08-13,78.952
1971-08-14,78.952
1971-08-15,74.313
1971-08-16,84.054
1971-08-17,81.549
1971-08-18,87.672
1971-08-19,81.549
1971-08-20,73.292
1971-08-21,69.952
1971-08-22,69.952
1971-08-23,69.952
1971-08-24,93.146
1971-08-25,76.910
1971-08-26,69.488
1971-08-27,73.849
1971-08-28,73.292
1971-08-29,66.798
1971-08-30,67.169
1971-08-31,66.798
1971-09-01,67.169
1971-09-02,68.097
1971-09-03,66.798
1971-09-04,84.054
1971-09-05,68.097
1971-09-06,66.334
1971-09-07,63.644
1971-09-08,62.809
1971-09-09,66.798
1971-09-10,66.334
1971-09-11,63.180
1971-09-12,59.747
1971-09-13,60.118
1971-09-14,61.881
1971-09-15,55.108
1971-09-16,47.037
1971-09-17,42.120
1971-09-18,42.769
1971-09-19,50.841
1971-09-20,42.491
1971-09-21,43.790
1971-09-22,46.295
1971-09-23,60.118
1971-09-24,50.470
1971-09-25,46.666
1971-09-26,45.924
1971-09-27,46.666
1971-09-28,41.470
1971-09-29,37.203
1971-09-30,41.099
1971-10-01,62.345
1971-10-02,89.342
1971-10-03,50.470
1971-10-04,48.150
1971-10-05,41.749
1971-10-06,49.727
1971-10-07,59.283
1971-10-08,60.582
1971-10-09,77.374
1971-10-10,72.828
1971-10-11,54.366
1971-10-12,56.778
1971-10-13,59.283
1971-10-14,49.264
1971-10-15,42.769
1971-10-16,39.800
1971-10-17,36.275
1971-10-18,35.347
1971-10-19,34.420
1971-10-20,30.894
1971-10-21,29.317
1971-10-22,27.461
1971-10-23,25.420
1971-10-24,24.400
1971-10-25,22.452
1971-10-26,21.617
1971-10-27,21.338
1971-10-28,21.153
1971-10-29,20.689
1971-10-30,20.318
1971-10-31,20.318
1971-11-01,20.485
1971-11-02,20.287
1971-11-03,19.396
1971-11-04,19.594
1971-11-05,19.198
1971-11-06,17.714
1971-11-07,17.912
1971-11-08,16.922
1971-11-09,16.526
1971-11-10,16.130
1971-11-11,15.933
1971-11-12,15.537
1971-11-13,15.042
1971-11-14,14.250
1971-11-15,13.755
1971-11-16,13.558
1971-11-17,14.052
1971-11-18,13.558
1971-11-19,13.953
1971-11-20,13.755
1971-11-21,13.261
1971-11-22,12.766
1971-11-23,12.271
1971-11-24,11.974
1971-11-25,11.776
1971-11-26,11.578
1971-11-27,11.281
1971-11-28,10.589
1971-11-29,10.292
1971-11-30,10.094
1971-12-01,6.432
1971-12-02,6.309
1971-12-03,6.309
1971-12-04,6.185
1971-12-05,6.185
1971-12-06,6.086
1971-12-07,5.987
1971-12-08,5.987
1971-12-09,5.789
1971-12-10,5.789
1971-12-11,5.690
1971-12-12,5.591
1971-12-13,5.591
1971-12-14,5.591
1971-12-15,5.492
1971-12-16,5.393
1971-12-17,5.393
1971-12-18,5.294
1971-12-19,5.294
1971-12-20,5.195
1971-12-21,5.096
1971-12-22,5.096
1971-12-23,4.997
1971-12-24,5.096
1971-12-25,4.997
1971-12-26,4.800
1971-12-27,4.800
1971-12-28,4.800
1971-12-29,4.701
1971-12-30,4.503
1971-12-31,4.404
1972-01-01,7.298
1972-01-02,7.298
1972-01-03,7.175
1972-01-04,7.175
1972-01-05,7.051
1972-01-06,7.051
1972-01-07,6.927
1972-01-08,6.804
1972-01-09,6.804
1972-01-10,6.680
1972-01-11,6.556
1972-01-12,6.432
1972-01-13,6.432
1972-01-14,6.309
1972-01-15,6.185
1972-01-16,6.086
1972-01-17,6.086
1972-01-18,5.987
1972-01-19,5.888
1972-01-20,5.888
1972-01-21,5.888
1972-01-22,5.789
1972-01-23,5.492
1972-01-24,5.492
1972-01-25,5.393
1972-01-26,5.294
1972-01-27,5.195
1972-01-28,5.195
1972-01-29,5.294
1972-01-30,5.195
1972-01-31,5.195
1972-02-01,4.997
1972-02-02,5.096
1972-02-03,4.997
1972-02-04,4.997
1972-02-05,5.195
1972-02-06,5.294
1972-02-07,4.997
1972-02-08,4.997
1972-02-09,4.899
1972-02-10,4.899
1972-02-11,4.899
1972-02-12,4.800
1972-02-13,5.195
1972-02-14,7.558
1972-02-15,5.888
1972-02-16,5.096
1972-02-17,5.195
1972-02-18,4.997
1972-02-19,4.602
1972-02-20,4.503
1972-02-21,4.602
1972-02-22,4.503
1972-02-23,4.404
1972-02-24,4.305
1972-02-25,4.206
1972-02-26,4.206
1972-02-27,4.119
1972-02-28,4.206
1972-02-29,4.899
1972-03-01,4.503
1972-03-02,4.206
1972-03-03,4.206
1972-03-04,4.206
1972-03-05,4.119
1972-03-06,4.305
1972-03-07,4.305
1972-03-08,4.206
1972-03-09,4.119
1972-03-10,4.119
1972-03-11,4.033
1972-03-12,3.946
1972-03-13,3.859
1972-03-14,4.033
1972-03-15,4.119
1972-03-16,3.946
1972-03-17,3.859
1972-03-18,4.033
1972-03-19,4.305
1972-03-20,4.119
1972-03-21,4.033
1972-03-22,4.206
1972-03-23,3.946
1972-03-24,4.033
1972-03-25,3.773
1972-03-26,3.773
1972-03-27,15.091
1972-03-28,8.511
1972-03-29,5.987
1972-03-30,4.701
1972-03-31,4.404
1972-04-01,4.701
1972-04-02,4.997
1972-04-03,4.800
1972-04-04,4.701
1972-04-05,4.503
1972-04-06,11.714
1972-04-07,7.175
1972-04-08,5.393
1972-04-09,5.987
1972-04-10,8.783
1972-04-11,17.194
1972-04-12,9.970
1972-04-13,7.966
1972-04-14,11.071
1972-04-15,10.589
1972-04-16,11.554
1972-04-17,6.680
1972-04-18,9.525
1972-04-19,14.720
1972-04-20,8.511
1972-04-21,8.102
1972-04-22,7.694
1972-04-23,7.298
1972-04-24,7.175
1972-04-25,7.966
1972-04-26,14.102
1972-04-27,16.081
1972-04-28,8.511
1972-04-29,7.830
1972-04-30,18.555
1972-05-01,10.391
1972-05-02,8.471
1972-05-03,12.865
1972-05-04,8.857
1972-05-05,7.264
1972-05-06,6.917
1972-05-07,9.500
1972-05-08,14.448
1972-05-09,10.094
1972-05-10,16.130
1972-05-11,10.391
1972-05-12,22.761
1972-05-13,26.026
1972-05-14,18.802
1972-05-15,13.261
1972-05-16,14.646
1972-05-17,28.402
1972-05-18,30.974
1972-05-19,15.537
1972-05-20,30.084
1972-05-21,30.974
1972-05-22,13.953
1972-05-23,20.287
1972-05-24,26.026
1972-05-25,27.610
1972-05-26,46.016
1972-05-27,90.252
1972-05-28,55.912
1972-05-29,55.912
1972-05-30,36.417
1972-05-31,36.417
1972-06-01,24.122
1972-06-02,21.802
1972-06-03,24.122
1972-06-04,26.626
1972-06-05,21.617
1972-06-06,29.781
1972-06-07,32.935
1972-06-08,22.080
1972-06-09,21.802
1972-06-10,21.802
1972-06-11,23.379
1972-06-12,42.769
1972-06-13,31.729
1972-06-14,31.451
1972-06-15,35.069
1972-06-16,33.863
1972-06-17,36.924
1972-06-18,32.657
1972-06-19,67.633
1972-06-20,49.727
1972-06-21,80.993
1972-06-22,72.828
1972-06-23,63.644
1972-06-24,65.870
1972-06-25,55.572
1972-06-26,47.779
1972-06-27,42.769
1972-06-28,41.749
1972-06-29,59.283
1972-06-30,48.521
1972-07-01,46.666
1972-07-02,46.295
1972-07-03,45.553
1972-07-04,74.313
1972-07-05,41.099
1972-07-06,47.408
1972-07-07,48.150
1972-07-08,42.769
1972-07-09,42.120
1972-07-10,51.212
1972-07-11,50.470
1972-07-12,45.553
1972-07-13,38.223
1972-07-14,48.150
1972-07-15,45.553
1972-07-16,38.502
1972-07-17,89.342
1972-07-18,83.590
1972-07-19,109.01
1972-07-20,98.713
1972-07-21,85.075
1972-07-22,156.42
1972-07-23,86.652
1972-07-24,83.590
1972-07-25,96.486
1972-07-26,82.013
1972-07-27,151.59
1972-07-28,218.95
1972-07-29,166.44
1972-07-30,133.04
1972-07-31,144.17
1972-08-01,87.672
1972-08-02,81.549
1972-08-03,70.416
1972-08-04,64.108
1972-08-05,77.931
1972-08-06,69.488
1972-08-07,70.973
1972-08-08,65.870
1972-08-09,76.354
1972-08-10,110.309
1972-08-11,64.108
1972-08-12,59.747
1972-08-13,64.943
1972-08-14,55.108
1972-08-15,46.666
1972-08-16,46.666
1972-08-17,50.841
1972-08-18,54.366
1972-08-19,50.470
1972-08-20,55.572
1972-08-21,43.140
1972-08-22,66.334
1972-08-23,50.099
1972-08-24,48.521
1972-08-25,46.295
1972-08-26,55.108
1972-08-27,51.583
1972-08-28,61.417
1972-08-29,49.264
1972-08-30,44.532
1972-08-31,43.790
1972-09-01,49.264
1972-09-02,47.408
1972-09-03,59.283
1972-09-04,69.952
1972-09-05,66.798
1972-09-06,94.816
1972-09-07,59.283
1972-09-08,49.264
1972-09-09,46.666
1972-09-10,46.666
1972-09-11,51.212
1972-09-12,49.264
1972-09-13,46.666
1972-09-14,39.800
1972-09-15,37.852
1972-09-16,33.213
1972-09-17,30.337
1972-09-18,30.059
1972-09-19,28.482
1972-09-20,27.183
1972-09-21,25.884
1972-09-22,24.864
1972-09-23,23.658
1972-09-24,25.420
1972-09-25,28.482
1972-09-26,223.68
1972-09-27,69.025
1972-09-28,53.438
1972-09-29,45.460
1972-09-30,41.192
1972-10-01,39.615
1972-10-02,38.038
1972-10-03,33.213
1972-10-04,29.688
1972-10-05,28.946
1972-10-06,28.204
1972-10-07,27.740
1972-10-08,27.925
1972-10-09,26.534
1972-10-10,26.070
1972-10-11,25.606
1972-10-12,24.493
1972-10-13,23.843
1972-10-14,23.565
1972-10-15,22.915
1972-10-16,22.080
1972-10-17,19.204
1972-10-18,18.648
1972-10-19,18.277
1972-10-20,17.998
1972-10-21,17.813
1972-10-22,17.442
1972-10-23,17.071
1972-10-24,17.256
1972-10-25,16.328
1972-10-26,16.050
1972-10-27,16.050
1972-10-28,15.865
1972-10-29,15.493
1972-10-30,15.865
1972-10-31,15.308
1972-11-01,16.130
1972-11-02,16.724
1972-11-03,16.526
1972-11-04,16.130
1972-11-05,15.834
1972-11-06,14.844
1972-11-07,14.349
1972-11-08,14.052
1972-11-09,14.052
1972-11-10,13.854
1972-11-11,13.656
1972-11-12,13.558
1972-11-13,13.360
1972-11-14,13.360
1972-11-15,13.656
1972-11-16,13.656
1972-11-17,13.558
1972-11-18,13.360
1972-11-19,13.063
1972-11-20,12.964
1972-11-21,12.370
1972-11-22,12.073
1972-11-23,11.974
1972-11-24,11.776
1972-11-25,11.677
1972-11-26,11.776
1972-11-27,11.974
1972-11-28,11.380
1972-11-29,11.084
1972-11-30,10.886
1972-12-01,13.607
1972-12-02,13.236
1972-12-03,12.989
1972-12-04,12.865
1972-12-05,12.741
1972-12-06,12.494
1972-12-07,12.061
1972-12-08,11.900
1972-12-09,11.739
1972-12-10,11.739
1972-12-11,11.578
1972-12-12,11.739
1972-12-13,11.578
1972-12-14,11.418
1972-12-15,11.418
1972-12-16,11.257
1972-12-17,10.985
1972-12-18,10.985
1972-12-19,10.985
1972-12-20,10.848
1972-12-21,10.848
1972-12-22,10.576
1972-12-23,10.304
1972-12-24,10.304
1972-12-25,10.168
1972-12-26,10.032
1972-12-27,9.896
1972-12-28,9.760
1972-12-29,9.760
1972-12-30,9.624
1972-12-31,9.624
1973-01-01,9.624
1973-01-02,9.488
1973-01-03,9.352
1973-01-04,9.352
1973-01-05,9.216
1973-01-06,9.216
1973-01-07,9.216
1973-01-08,8.944
1973-01-09,8.944
1973-01-10,8.807
1973-01-11,8.807
1973-01-12,8.671
1973-01-13,8.671
1973-01-14,8.313
1973-01-15,8.313
1973-01-16,8.313
1973-01-17,8.424
1973-01-18,8.313
1973-01-19,8.313
1973-01-20,8.090
1973-01-21,7.979
1973-01-22,7.979
1973-01-23,7.756
1973-01-24,7.422
1973-01-25,7.422
1973-01-26,7.199
1973-01-27,7.199
1973-01-28,7.422
1973-01-29,8.424
1973-01-30,7.867
1973-01-31,7.645
1973-02-01,7.533
1973-02-02,7.422
1973-02-03,7.422
1973-02-04,7.311
1973-02-05,7.199
1973-02-06,7.199
1973-02-07,7.088
1973-02-08,7.088
1973-02-09,7.088
1973-02-10,6.977
1973-02-11,6.977
1973-02-12,6.865
1973-02-13,6.865
1973-02-14,6.754
1973-02-15,6.754
1973-02-16,6.754
1973-02-17,6.531
1973-02-18,6.420
1973-02-19,6.309
1973-02-20,6.222
1973-02-21,6.136
1973-02-22,6.136
1973-02-23,6.049
1973-02-24,6.136
1973-02-25,6.049
1973-02-26,6.049
1973-02-27,6.420
1973-02-28,7.311
1973-03-01,6.309
1973-03-02,6.531
1973-03-03,6.222
1973-03-04,6.222
1973-03-05,6.222
1973-03-06,6.136
1973-03-07,8.807
1973-03-08,10.985
1973-03-09,8.313
1973-03-10,7.422
1973-03-11,6.754
1973-03-12,6.643
1973-03-13,6.420
1973-03-14,6.222
1973-03-15,6.136
1973-03-16,6.643
1973-03-17,6.531
1973-03-18,6.754
1973-03-19,6.643
1973-03-20,6.420
1973-03-21,6.309
1973-03-22,6.222
1973-03-23,6.049
1973-03-24,5.962
1973-03-25,5.962
1973-03-26,5.962
1973-03-27,5.962
1973-03-28,6.420
1973-03-29,6.222
1973-03-30,6.222
1973-03-31,6.136
1973-04-01,6.136
1973-04-02,7.979
1973-04-03,6.643
1973-04-04,7.645
1973-04-05,7.867
1973-04-06,7.867
1973-04-07,6.754
1973-04-08,6.865
1973-04-09,6.643
1973-04-10,6.643
1973-04-11,6.643
1973-04-12,6.531
1973-04-13,6.531
1973-04-14,9.488
1973-04-15,10.440
1973-04-16,8.944
1973-04-17,8.313
1973-04-18,8.313
1973-04-19,7.756
1973-04-20,7.756
1973-04-21,7.645
1973-04-22,8.313
1973-04-23,12.222
1973-04-24,14.102
1973-04-25,10.032
1973-04-26,10.168
1973-04-27,10.576
1973-04-28,16.205
1973-04-29,14.968
1973-04-30,13.360
1973-05-01,11.677
1973-05-02,11.084
1973-05-03,9.005
1973-05-04,11.281
1973-05-05,10.589
1973-05-06,10.391
1973-05-07,9.777
1973-05-08,26.620
1973-05-09,68.084
1973-05-10,31.964
1973-05-11,19.198
1973-05-12,18.802
1973-05-13,17.120
1973-05-14,11.380
1973-05-15,19.000
1973-05-16,20.683
1973-05-17,25.829
1973-05-18,18.604
1973-05-19,18.209
1973-05-20,16.032
1973-05-21,14.052
1973-05-22,16.328
1973-05-23,13.854
1973-05-24,14.052
1973-05-25,15.339
1973-05-26,24.938
1973-05-27,17.813
1973-05-28,26.620
1973-05-29,19.693
1973-05-30,24.641
1973-05-31,22.860
1973-06-01,17.813
1973-06-02,16.885
1973-06-03,13.916
1973-06-04,13.731
1973-06-05,14.195
1973-06-06,14.195
1973-06-07,29.224
1973-06-08,24.493
1973-06-09,22.266
1973-06-10,21.895
1973-06-11,31.080
1973-06-12,35.997
1973-06-13,54.181
1973-06-14,87.951
1973-06-15,67.169
1973-06-16,138.98
1973-06-17,183.97
1973-06-18,114.21
1973-06-19,63.087
1973-06-20,68.654
1973-06-21,62.345
1973-06-22,52.696
1973-06-23,75.704
1973-06-24,69.767
1973-06-25,66.798
1973-06-26,67.540
1973-06-27,108.36
1973-06-28,81.642
1973-06-29,108.36
1973-06-30,86.466
1973-07-01,49.356
1973-07-02,45.460
1973-07-03,48.985
1973-07-04,44.439
1973-07-05,88.322
1973-07-06,45.460
1973-07-07,59.376
1973-07-08,45.089
1973-07-09,44.439
1973-07-10,49.727
1973-07-11,39.244
1973-07-12,34.048
1973-07-13,34.327
1973-07-14,42.120
1973-07-15,36.553
1973-07-16,45.460
1973-07-17,53.810
1973-07-18,69.767
1973-07-19,75.704
1973-07-20,51.954
1973-07-21,55.294
1973-07-22,53.438
1973-07-23,86.095
1973-07-24,68.654
1973-07-25,81.642
1973-07-26,86.095
1973-07-27,77.560
1973-07-28,71.251
1973-07-29,74.962
1973-07-30,87.209
1973-07-31,76.076
1973-08-01,100.568
1973-08-02,82.755
1973-08-03,116.804
1973-08-04,109.660
1973-08-05,80.529
1973-08-06,69.767
1973-08-07,93.703
1973-08-08,85.724
1973-08-09,85.353
1973-08-10,80.900
1973-08-11,158.924
1973-08-12,93.703
1973-08-13,76.076
1973-08-14,74.220
1973-08-15,60.860
1973-08-16,82.384
1973-08-17,151.594
1973-08-18,81.642
1973-08-19,79.044
1973-08-20,70.138
1973-08-21,69.767
1973-08-22,67.540
1973-08-23,63.458
1973-08-24,57.892
1973-08-25,61.232
1973-08-26,73.849
1973-08-27,56.407
1973-08-28,54.552
1973-08-29,58.263
1973-08-30,56.778
1973-08-31,54.552
1973-09-01,63.829
1973-09-02,59.747
1973-09-03,54.923
1973-09-04,54.181
1973-09-05,58.263
1973-09-06,76.076
1973-09-07,71.993
1973-09-08,56.778
1973-09-09,72.365
1973-09-10,63.087
1973-09-11,62.716
1973-09-12,74.591
1973-09-13,59.747
1973-09-14,74.220
1973-09-15,84.240
1973-09-16,76.076
1973-09-17,72.365
1973-09-18,57.892
1973-09-19,56.036
1973-09-20,52.325
1973-09-21,49.356
1973-09-22,73.107
1973-09-23,58.634
1973-09-24,61.974
1973-09-25,70.509
1973-09-26,60.118
1973-09-27,54.552
1973-09-28,50.099
1973-09-29,47.501
1973-09-30,51.583
1973-10-01,47.872
1973-10-02,48.614
1973-10-03,61.232
1973-10-04,52.696
1973-10-05,53.438
1973-10-06,51.954
1973-10-07,61.232
1973-10-08,53.067
1973-10-09,47.872
1973-10-10,48.614
1973-10-11,46.851
1973-10-12,147.14
1973-10-13,196.68
1973-10-14,79.787
1973-10-15,63.829
1973-10-16,57.149
1973-10-17,43.140
1973-10-18,41.470
1973-10-19,38.594
1973-10-20,34.048
1973-10-21,30.801
1973-10-22,29.966
1973-10-23,29.502
1973-10-24,28.482
1973-10-25,27.740
1973-10-26,27.276
1973-10-27,26.998
1973-10-28,26.534
1973-10-29,25.420
1973-10-30,24.493
1973-10-31,22.080
1973-11-01,23.058
1973-11-02,24.443
1973-11-03,23.552
1973-11-04,22.365
1973-11-05,22.860
1973-11-06,21.771
1973-11-07,23.058
1973-11-08,21.177
1973-11-09,19.198
1973-11-10,19.198
1973-11-11,18.802
1973-11-12,18.407
1973-11-13,18.011
1973-11-14,18.011
1973-11-15,17.318
1973-11-16,16.922
1973-11-17,16.130
1973-11-18,15.636
1973-11-19,15.339
1973-11-20,14.943
1973-11-21,14.646
1973-11-22,14.646
1973-11-23,14.151
1973-11-24,13.854
1973-11-25,13.656
1973-11-26,13.360
1973-11-27,12.964
1973-11-28,12.766
1973-11-29,12.766
1973-11-30,12.370
1973-12-01,14.968
1973-12-02,14.597
1973-12-03,14.473
1973-12-04,14.226
1973-12-05,13.854
1973-12-06,13.607
1973-12-07,13.360
1973-12-08,13.360
1973-12-09,13.236
1973-12-10,13.236
1973-12-11,12.989
1973-12-12,12.989
1973-12-13,12.865
1973-12-14,12.865
1973-12-15,12.865
1973-12-16,12.865
1973-12-17,12.741
1973-12-18,12.370
1973-12-19,12.061
1973-12-20,11.900
1973-12-21,11.739
1973-12-22,11.578
1973-12-23,11.578
1973-12-24,11.578
1973-12-25,11.257
1973-12-26,10.985
1973-12-27,10.985
1973-12-28,10.848
1973-12-29,10.712
1973-12-30,10.440
1973-12-31,10.168
1974-01-01,9.896
1974-01-02,9.760
1974-01-03,9.624
1974-01-04,9.624
1974-01-05,9.488
1974-01-06,9.488
1974-01-07,9.352
1974-01-08,9.352
1974-01-09,9.216
1974-01-10,9.080
1974-01-11,9.080
1974-01-12,9.080
1974-01-13,8.944
1974-01-14,8.671
1974-01-15,9.624
1974-01-16,9.216
1974-01-17,9.080
1974-01-18,8.944
1974-01-19,8.671
1974-01-20,8.671
1974-01-21,8.535
1974-01-22,8.535
1974-01-23,8.424
1974-01-24,8.424
1974-01-25,8.313
1974-01-26,8.201
1974-01-27,7.867
1974-01-28,7.756
1974-01-29,7.645
1974-01-30,7.422
1974-01-31,7.422
1974-02-01,7.311
1974-02-02,7.199
1974-02-03,7.199
1974-02-04,7.199
1974-02-05,7.088
1974-02-06,6.977
1974-02-07,6.977
1974-02-08,6.754
1974-02-09,6.643
1974-02-10,6.531
1974-02-11,6.309
1974-02-12,6.309
1974-02-13,6.222
1974-02-14,6.222
1974-02-15,6.136
1974-02-16,6.136
1974-02-17,6.222
1974-02-18,6.309
1974-02-19,6.136
1974-02-20,6.049
1974-02-21,6.049
1974-02-22,5.962
1974-02-23,5.962
1974-02-24,6.049
1974-02-25,5.962
1974-02-26,5.703
1974-02-27,5.703
1974-02-28,5.616
1974-03-01,5.443
1974-03-02,5.703
1974-03-03,5.703
1974-03-04,5.703
1974-03-05,5.962
1974-03-06,5.703
1974-03-07,5.876
1974-03-08,5.703
1974-03-09,5.616
1974-03-10,5.529
1974-03-11,5.443
1974-03-12,5.443
1974-03-13,5.356
1974-03-14,5.270
1974-03-15,5.183
1974-03-16,5.096
1974-03-17,5.096
1974-03-18,5.096
1974-03-19,5.010
1974-03-20,5.010
1974-03-21,5.010
1974-03-22,4.923
1974-03-23,4.750
1974-03-24,4.750
1974-03-25,4.837
1974-03-26,8.090
1974-03-27,7.867
1974-03-28,8.424
1974-03-29,6.531
1974-03-30,8.090
1974-03-31,7.756
1974-04-01,6.977
1974-04-02,13.731
1974-04-03,12.494
1974-04-04,10.304
1974-04-05,8.807
1974-04-06,9.624
1974-04-07,8.807
1974-04-08,9.216
1974-04-09,8.090
1974-04-10,13.854
1974-04-11,9.488
1974-04-12,10.576
1974-04-13,8.944
1974-04-14,10.985
1974-04-15,8.424
1974-04-16,9.760
1974-04-17,8.807
1974-04-18,16.576
1974-04-19,9.488
1974-04-20,8.944
1974-04-21,11.578
1974-04-22,11.739
1974-04-23,14.226
1974-04-24,19.545
1974-04-25,15.463
1974-04-26,14.473
1974-04-27,18.308
1974-04-28,18.308
1974-04-29,23.008
1974-04-30,18.926
1974-05-01,13.854
1974-05-02,14.844
1974-05-03,13.063
1974-05-04,13.261
1974-05-05,25.433
1974-05-06,25.136
1974-05-07,21.969
1974-05-08,18.802
1974-05-09,26.620
1974-05-10,27.115
1974-05-11,25.829
1974-05-12,30.084
1974-05-13,32.261
1974-05-14,28.797
1974-05-15,26.125
1974-05-16,28.303
1974-05-17,24.443
1974-05-18,15.834
1974-05-19,14.646
1974-05-20,14.844
1974-05-21,22.167
1974-05-22,19.495
1974-05-23,14.943
1974-05-24,15.141
1974-05-25,14.052
1974-05-26,12.370
1974-05-27,17.813
1974-05-28,20.485
1974-05-29,21.177
1974-05-30,21.771
1974-05-31,33.943
1974-06-01,32.100
1974-06-02,44.068
1974-06-03,69.767
1974-06-04,43.790
1974-06-05,38.316
1974-06-06,38.316
1974-06-07,37.759
1974-06-08,34.048
1974-06-09,21.431
1974-06-10,21.895
1974-06-11,19.204
1974-06-12,20.039
1974-06-13,20.596
1974-06-14,56.036
1974-06-15,53.438
1974-06-16,43.790
1974-06-17,47.501
1974-06-18,42.769
1974-06-19,47.872
1974-06-20,77.931
1974-06-21,81.642
1974-06-22,97.599
1974-06-23,63.829
1974-06-24,57.892
1974-06-25,54.181
1974-06-26,51.954
1974-06-27,41.470
1974-06-28,43.140
1974-06-29,57.149
1974-06-30,87.580
1974-07-01,92.775
1974-07-02,125.246
1974-07-03,113.557
1974-07-04,84.240
1974-07-05,107.062
1974-07-06,87.951
1974-07-07,84.611
1974-07-08,71.251
1974-07-09,67.911
1974-07-10,66.427
1974-07-11,74.220
1974-07-12,59.747
1974-07-13,78.673
1974-07-14,105.764
1974-07-15,112.258
1974-07-16,76.818
1974-07-17,95.929
1974-07-18,85.353
1974-07-19,84.240
1974-07-20,81.642
1974-07-21,112.258
1974-07-22,116.154
1974-07-23,120.051
1974-07-24,119.401
1974-07-25,156.419
1974-07-26,115.505
1974-07-27,88.693
1974-07-28,204.105
1974-07-29,127.195
1974-07-30,178.963
1974-07-31,135.637
1974-08-01,100.568
1974-08-02,86.466
1974-08-03,102.516
1974-08-04,121.999
1974-08-05,169.778
1974-08-06,182.303
1974-08-07,125.246
1974-08-08,127.195
1974-08-09,101.218
1974-08-10,89.992
1974-08-11,81.271
1974-08-12,80.529
1974-08-13,64.943
1974-08-14,68.654
1974-08-15,70.138
1974-08-16,61.603
1974-08-17,55.665
1974-08-18,54.923
1974-08-19,63.087
1974-08-20,62.345
1974-08-21,62.345
1974-08-22,53.067
1974-08-23,64.200
1974-08-24,76.818
1974-08-25,94.259
1974-08-26,82.755
1974-08-27,117.453
1974-08-28,79.044
1974-08-29,77.931
1974-08-30,153.914
1974-08-31,131.741
1974-09-01,162.26
1974-09-02,84.611
1974-09-03,79.044
1974-09-04,115.50
1974-09-05,78.673
1974-09-06,74.220
1974-09-07,69.396
1974-09-08,60.118
1974-09-09,62.345
1974-09-10,60.489
1974-09-11,57.521
1974-09-12,51.954
1974-09-13,57.521
1974-09-14,54.181
1974-09-15,80.900
1974-09-16,76.076
1974-09-17,77.931
1974-09-18,95.929
1974-09-19,73.849
1974-09-20,66.056
1974-09-21,61.232
1974-09-22,48.985
1974-09-23,52.696
1974-09-24,60.118
1974-09-25,53.438
1974-09-26,51.954
1974-09-27,54.923
1974-09-28,47.872
1974-09-29,46.480
1974-09-30,45.738
1974-10-01,48.243
1974-10-02,43.419
1974-10-03,41.470
1974-10-04,37.759
1974-10-05,37.203
1974-10-06,36.553
1974-10-07,37.481
1974-10-08,36.924
1974-10-09,38.038
1974-10-10,35.440
1974-10-11,34.048
1974-10-12,33.770
1974-10-13,45.089
1974-10-14,44.718
1974-10-15,49.356
1974-10-16,39.893
1974-10-17,58.634
1974-10-18,44.718
1974-10-19,41.470
1974-10-20,33.492
1974-10-21,32.935
1974-10-22,32.378
1974-10-23,31.544
1974-10-24,29.688
1974-10-25,27.925
1974-10-26,27.740
1974-10-27,27.276
1974-10-28,23.843
1974-10-29,21.617
1974-10-30,20.782
1974-10-31,20.411
1974-11-01,21.573
1974-11-02,21.177
1974-11-03,19.693
1974-11-04,18.407
1974-11-05,18.209
1974-11-06,17.813
1974-11-07,17.615
1974-11-08,17.318
1974-11-09,16.328
1974-11-10,16.032
1974-11-11,15.834
1974-11-12,15.636
1974-11-13,15.339
1974-11-14,14.349
1974-11-15,14.151
1974-11-16,14.151
1974-11-17,13.854
1974-11-18,13.360
1974-11-19,12.766
1974-11-20,12.370
1974-11-21,12.073
1974-11-22,11.974
1974-11-23,11.776
1974-11-24,11.677
1974-11-25,11.380
1974-11-26,11.084
1974-11-27,10.985
1974-11-28,10.688
1974-11-29,10.589
1974-11-30,10.391
1974-12-01,12.989
1974-12-02,12.865
1974-12-03,12.865
1974-12-04,12.494
1974-12-05,12.370
1974-12-06,12.370
1974-12-07,12.061
1974-12-08,11.900
1974-12-09,11.739
1974-12-10,11.578
1974-12-11,11.418
1974-12-12,11.257
1974-12-13,11.121
1974-12-14,10.985
1974-12-15,10.848
1974-12-16,10.576
1974-12-17,10.576
1974-12-18,10.440
1974-12-19,10.304
1974-12-20,10.168
1974-12-21,9.896
1974-12-22,9.624
1974-12-23,9.624
1974-12-24,9.488
1974-12-25,9.488
1974-12-26,9.216
1974-12-27,9.080
1974-12-28,8.671
1974-12-29,8.535
1974-12-30,8.313
1974-12-31,8.313
1975-01-01,8.201
1975-01-02,9.760
1975-01-03,8.944
1975-01-04,8.313
1975-01-05,8.201
1975-01-06,8.090
1975-01-07,7.979
1975-01-08,7.867
1975-01-09,7.867
1975-01-10,7.756
1975-01-11,7.645
1975-01-12,7.645
1975-01-13,7.533
1975-01-14,7.422
1975-01-15,7.199
1975-01-16,7.199
1975-01-17,7.088
1975-01-18,6.977
1975-01-19,6.977
1975-01-20,6.865
1975-01-21,6.754
1975-01-22,6.643
1975-01-23,6.643
1975-01-24,6.531
1975-01-25,6.531
1975-01-26,6.531
1975-01-27,6.420
1975-01-28,6.420
1975-01-29,6.222
1975-01-30,6.136
1975-01-31,6.136
1975-02-01,6.420
1975-02-02,6.531
1975-02-03,6.136
1975-02-04,6.136
1975-02-05,6.049
1975-02-06,5.962
1975-02-07,5.962
1975-02-08,5.876
1975-02-09,5.876
1975-02-10,5.876
1975-02-11,6.136
1975-02-12,5.962
1975-02-13,5.876
1975-02-14,5.962
1975-02-15,5.789
1975-02-16,5.703
1975-02-17,5.616
1975-02-18,5.616
1975-02-19,5.529
1975-02-20,5.529
1975-02-21,5.443
1975-02-22,5.356
1975-02-23,5.443
1975-02-24,5.356
1975-02-25,5.183
1975-02-26,5.096
1975-02-27,5.096
1975-02-28,5.443
1975-03-01,5.183
1975-03-02,4.837
1975-03-03,5.529
1975-03-04,5.096
1975-03-05,5.270
1975-03-06,5.183
1975-03-07,5.270
1975-03-08,5.183
1975-03-09,5.096
1975-03-10,4.750
1975-03-11,4.663
1975-03-12,4.663
1975-03-13,4.490
1975-03-14,4.404
1975-03-15,4.404
1975-03-16,4.317
1975-03-17,4.231
1975-03-18,4.317
1975-03-19,4.404
1975-03-20,4.404
1975-03-21,4.404
1975-03-22,4.231
1975-03-23,4.231
1975-03-24,4.144
1975-03-25,4.144
1975-03-26,4.144
1975-03-27,4.057
1975-03-28,4.057
1975-03-29,3.971
1975-03-30,3.971
1975-03-31,3.884
1975-04-01,3.884
1975-04-02,3.798
1975-04-03,3.798
1975-04-04,3.798
1975-04-05,3.711
1975-04-06,4.404
1975-04-07,6.049
1975-04-08,10.168
1975-04-09,9.352
1975-04-10,8.944
1975-04-11,7.199
1975-04-12,6.049
1975-04-13,6.309
1975-04-14,5.876
1975-04-15,4.923
1975-04-16,4.577
1975-04-17,4.317
1975-04-18,3.711
1975-04-19,3.587
1975-04-20,7.979
1975-04-21,6.865
1975-04-22,6.754
1975-04-23,14.473
1975-04-24,12.061
1975-04-25,8.671
1975-04-26,10.985
1975-04-27,8.807
1975-04-28,8.090
1975-04-29,13.731
1975-04-30,12.061
1975-05-01,9.995
1975-05-02,9.005
1975-05-03,8.788
1975-05-04,11.578
1975-05-05,10.292
1975-05-06,10.985
1975-05-07,14.349
1975-05-08,11.677
1975-05-09,14.646
1975-05-10,14.151
1975-05-11,15.339
1975-05-12,11.974
1975-05-13,16.032
1975-05-14,11.677
1975-05-15,9.777
1975-05-16,8.461
1975-05-17,12.469
1975-05-18,18.604
1975-05-19,13.656
1975-05-20,11.776
1975-05-21,15.339
1975-05-22,18.802
1975-05-23,15.141
1975-05-24,14.151
1975-05-25,16.724
1975-05-26,12.073
1975-05-27,10.985
1975-05-28,16.130
1975-05-29,13.063
1975-05-30,23.552
1975-05-31,21.573
1975-06-01,23.379
1975-06-02,19.204
1975-06-03,18.462
1975-06-04,17.071
1975-06-05,15.679
1975-06-06,15.308
1975-06-07,34.883
1975-06-08,29.502
1975-06-09,26.998
1975-06-10,23.379
1975-06-11,22.915
1975-06-12,24.214
1975-06-13,32.657
1975-06-14,136.94
1975-06-15,48.614
1975-06-16,63.458
1975-06-17,51.954
1975-06-18,51.212
1975-06-19,50.099
1975-06-20,60.860
1975-06-21,75.333
1975-06-22,62.345
1975-06-23,59.005
1975-06-24,67.540
1975-06-25,78.673
1975-06-26,64.943
1975-06-27,96.486
1975-06-28,71.251
1975-06-29,86.095
1975-06-30,66.798
1975-07-01,64.943
1975-07-02,69.767
1975-07-03,55.665
1975-07-04,52.696
1975-07-05,54.552
1975-07-06,64.200
1975-07-07,56.407
1975-07-08,56.407
1975-07-09,52.696
1975-07-10,59.005
1975-07-11,60.118
1975-07-12,97.599
1975-07-13,155.58
1975-07-14,88.322
1975-07-15,60.118
1975-07-16,58.634
1975-07-17,55.294
1975-07-18,76.818
1975-07-19,89.064
1975-07-20,64.571
1975-07-21,99.269
1975-07-22,91.383
1975-07-23,79.787
1975-07-24,82.384
1975-07-25,90.920
1975-07-26,134.99
1975-07-27,157.25
1975-07-28,123.2
1975-07-29,88.693
1975-07-30,83.126
1975-07-31,95.929
1975-08-01,88.693
1975-08-02,82.384
1975-08-03,81.271
1975-08-04,81.271
1975-08-05,77.189
1975-08-06,84.240
1975-08-07,75.704
1975-08-08,70.880
1975-08-09,57.149
1975-08-10,59.005
1975-08-11,57.521
1975-08-12,53.810
1975-08-13,47.501
1975-08-14,45.460
1975-08-15,60.118
1975-08-16,53.810
1975-08-17,53.810
1975-08-18,50.099
1975-08-19,50.841
1975-08-20,53.810
1975-08-21,55.665
1975-08-22,51.212
1975-08-23,50.841
1975-08-24,51.583
1975-08-25,48.243
1975-08-26,41.749
1975-08-27,43.790
1975-08-28,42.955
1975-08-29,41.749
1975-08-30,43.790
1975-08-31,44.439
1975-09-01,92.775
1975-09-02,71.251
1975-09-03,92.775
1975-09-04,72.365
1975-09-05,69.767
1975-09-06,67.911
1975-09-07,82.013
1975-09-08,98.156
1975-09-09,86.837
1975-09-10,81.642
1975-09-11,76.076
1975-09-12,66.427
1975-09-13,91.383
1975-09-14,136.94
1975-09-15,82.384
1975-09-16,92.775
1975-09-17,87.209
1975-09-18,92.775
1975-09-19,120.70
1975-09-20,108.36
1975-09-21,84.240
1975-09-22,70.509
1975-09-23,65.314
1975-09-24,63.829
1975-09-25,65.685
1975-09-26,64.571
1975-09-27,130.44
1975-09-28,93.703
1975-09-29,74.962
1975-09-30,59.376
1975-10-01,57.892
1975-10-02,57.521
1975-10-03,63.087
1975-10-04,66.798
1975-10-05,60.860
1975-10-06,55.665
1975-10-07,51.954
1975-10-08,56.407
1975-10-09,54.552
1975-10-10,54.552
1975-10-11,52.325
1975-10-12,49.356
1975-10-13,43.790
1975-10-14,40.543
1975-10-15,38.966
1975-10-16,38.223
1975-10-17,35.533
1975-10-18,32.193
1975-10-19,31.080
1975-10-20,30.152
1975-10-21,29.410
1975-10-22,29.039
1975-10-23,28.667
1975-10-24,28.482
1975-10-25,28.482
1975-10-26,27.369
1975-10-27,26.255
1975-10-28,24.956
1975-10-29,22.823
1975-10-30,21.060
1975-10-31,20.039
1975-11-01,20.980
1975-11-02,23.058
1975-11-03,22.266
1975-11-04,20.782
1975-11-05,20.386
1975-11-06,20.188
1975-11-07,19.990
1975-11-08,19.792
1975-11-09,19.594
1975-11-10,19.198
1975-11-11,18.308
1975-11-12,18.308
1975-11-13,17.219
1975-11-14,16.625
1975-11-15,16.427
1975-11-16,16.229
1975-11-17,16.229
1975-11-18,15.933
1975-11-19,15.735
1975-11-20,15.042
1975-11-21,14.250
1975-11-22,13.953
1975-11-23,13.755
1975-11-24,13.459
1975-11-25,13.360
1975-11-26,13.063
1975-11-27,13.063
1975-11-28,12.865
1975-11-29,12.865
1975-11-30,12.766
1975-12-01,15.957
1975-12-02,15.957
1975-12-03,15.586
1975-12-04,14.844
1975-12-05,14.720
1975-12-06,14.720
1975-12-07,13.854
1975-12-08,13.607
1975-12-09,13.607
1975-12-10,13.483
1975-12-11,13.360
1975-12-12,13.360
1975-12-13,13.236
1975-12-14,12.865
1975-12-15,12.865
1975-12-16,12.741
1975-12-17,12.370
1975-12-18,12.222
1975-12-19,12.222
1975-12-20,12.073
1975-12-21,11.925
1975-12-22,11.776
1975-12-23,11.479
1975-12-24,11.331
1975-12-25,11.182
1975-12-26,11.034
1975-12-27,10.886
1975-12-28,10.750
1975-12-29,10.613
1975-12-30,10.341
1975-12-31,10.069
1976-01-01,9.933
1976-01-02,9.797
1976-01-03,9.661
1976-01-04,9.525
1976-01-05,9.401
1976-01-06,9.401
1976-01-07,9.278
1976-01-08,9.278
1976-01-09,9.154
1976-01-10,9.154
1976-01-11,9.030
1976-01-12,9.030
1976-01-13,8.906
1976-01-14,8.783
1976-01-15,8.659
1976-01-16,8.659
1976-01-17,8.535
1976-01-18,8.659
1976-01-19,8.906
1976-01-20,9.278
1976-01-21,9.030
1976-01-22,8.783
1976-01-23,8.659
1976-01-24,8.535
1976-01-25,8.535
1976-01-26,8.412
1976-01-27,8.288
1976-01-28,8.177
1976-01-29,8.065
1976-01-30,8.065
1976-01-31,7.954
1976-02-01,7.954
1976-02-02,7.843
1976-02-03,7.843
1976-02-04,7.731
1976-02-05,10.61
1976-02-06,10.07
1976-02-07,9.154
1976-02-08,8.659
1976-02-09,8.412
1976-02-10,8.177
1976-02-11,7.731
1976-02-12,9.154
1976-02-13,8.412
1976-02-14,8.535
1976-02-15,7.843
1976-02-16,7.731
1976-02-17,7.731
1976-02-18,7.509
1976-02-19,7.397
1976-02-20,7.397
1976-02-21,7.286
1976-02-22,7.175
1976-02-23,7.175
1976-02-24,6.952
1976-02-25,6.729
1976-02-26,6.618
1976-02-27,6.507
1976-02-28,6.395
1976-02-29,6.173
1976-03-01,5.962
1976-03-02,5.863
1976-03-03,5.863
1976-03-04,5.863
1976-03-05,5.863
1976-03-06,5.863
1976-03-07,6.061
1976-03-08,5.962
1976-03-09,5.764
1976-03-10,5.764
1976-03-11,5.764
1976-03-12,5.665
1976-03-13,5.764
1976-03-14,5.665
1976-03-15,5.567
1976-03-16,5.369
1976-03-17,5.369
1976-03-18,5.468
1976-03-19,5.468
1976-03-20,5.369
1976-03-21,5.270
1976-03-22,5.369
1976-03-23,5.270
1976-03-24,5.270
1976-03-25,5.171
1976-03-26,5.171
1976-03-27,5.171
1976-03-28,5.171
1976-03-29,5.171
1976-03-30,4.997
1976-03-31,4.923
1976-04-01,4.997
1976-04-02,4.997
1976-04-03,4.997
1976-04-04,5.072
1976-04-05,4.923
1976-04-06,4.849
1976-04-07,4.701
1976-04-08,4.849
1976-04-09,4.775
1976-04-10,4.775
1976-04-11,4.923
1976-04-12,4.849
1976-04-13,4.923
1976-04-14,4.923
1976-04-15,4.997
1976-04-16,4.997
1976-04-17,4.923
1976-04-18,4.923
1976-04-19,4.997
1976-04-20,4.775
1976-04-21,12.865
1976-04-22,8.535
1976-04-23,6.729
1976-04-24,5.863
1976-04-25,6.618
1976-04-26,11.628
1976-04-27,19.916
1976-04-28,40.203
1976-04-29,17.813
1976-04-30,32.409
1976-05-01,29.391
1976-05-02,29.688
1976-05-03,13.360
1976-05-04,18.506
1976-05-05,22.662
1976-05-06,14.349
1976-05-07,10.193
1976-05-08,14.349
1976-05-09,17.912
1976-05-10,13.656
1976-05-11,13.755
1976-05-12,10.886
1976-05-13,11.479
1976-05-14,16.625
1976-05-15,32.657
1976-05-16,17.813
1976-05-17,11.182
1976-05-18,10.787
1976-05-19,10.886
1976-05-20,18.308
1976-05-21,12.271
1976-05-22,14.943
1976-05-23,17.417
1976-05-24,22.266
1976-05-25,14.745
1976-05-26,13.459
1976-05-27,15.240
1976-05-28,25.037
1976-05-29,19.198
1976-05-30,29.985
1976-05-31,28.500
1976-06-01,18.369
1976-06-02,39.893
1976-06-03,23.658
1976-06-04,32.007
1976-06-05,25.328
1976-06-06,48.985
1976-06-07,28.853
1976-06-08,39.429
1976-06-09,61.974
1976-06-10,94.816
1976-06-11,85.353
1976-06-12,76.818
1976-06-13,75.333
1976-06-14,66.056
1976-06-15,48.985
1976-06-16,50.841
1976-06-17,41.007
1976-06-18,34.605
1976-06-19,43.233
1976-06-20,33.677
1976-06-21,31.729
1976-06-22,38.966
1976-06-23,31.265
1976-06-24,68.282
1976-06-25,37.110
1976-06-26,59.376
1976-06-27,42.677
1976-06-28,45.738
1976-06-29,88.322
1976-06-30,76.447
1976-07-01,105.76
1976-07-02,82.755
1976-07-03,70.509
1976-07-04,63.087
1976-07-05,66.798
1976-07-06,61.232
1976-07-07,82.013
1976-07-08,67.911
1976-07-09,73.849
1976-07-10,107.06
1976-07-11,88.322
1976-07-12,89.992
1976-07-13,87.209
1976-07-14,67.540
1976-07-15,89.528
1976-07-16,103.82
1976-07-17,86.837
1976-07-18,75.333
1976-07-19,60.118
1976-07-20,58.634
1976-07-21,54.552
1976-07-22,51.583
1976-07-23,47.501
1976-07-24,51.954
1976-07-25,85.353
1976-07-26,59.376
1976-07-27,55.665
1976-07-28,51.583
1976-07-29,59.747
1976-07-30,51.954
1976-07-31,54.552
1976-08-01,55.294
1976-08-02,48.985
1976-08-03,48.985
1976-08-04,56.407
1976-08-05,60.489
1976-08-06,49.727
1976-08-07,69.767
1976-08-08,51.583
1976-08-09,50.841
1976-08-10,50.099
1976-08-11,119.401
1976-08-12,63.087
1976-08-13,60.489
1976-08-14,79.415
1976-08-15,80.529
1976-08-16,62.345
1976-08-17,91.847
1976-08-18,107.062
1976-08-19,70.509
1976-08-20,71.993
1976-08-21,89.992
1976-08-22,143.430
1976-08-23,121.999
1976-08-24,99.269
1976-08-25,86.466
1976-08-26,79.787
1976-08-27,71.622
1976-08-28,65.685
1976-08-29,86.466
1976-08-30,82.384
1976-08-31,75.333
1976-09-01,89.064
1976-09-02,73.478
1976-09-03,63.829
1976-09-04,59.747
1976-09-05,67.540
1976-09-06,66.798
1976-09-07,59.376
1976-09-08,63.087
1976-09-09,64.571
1976-09-10,57.521
1976-09-11,54.552
1976-09-12,63.829
1976-09-13,63.087
1976-09-14,58.263
1976-09-15,51.583
1976-09-16,51.954
1976-09-17,49.727
1976-09-18,46.109
1976-09-19,43.511
1976-09-20,37.388
1976-09-21,35.904
1976-09-22,36.368
1976-09-23,37.110
1976-09-24,39.893
1976-09-25,35.533
1976-09-26,30.894
1976-09-27,39.893
1976-09-28,34.327
1976-09-29,29.781
1976-09-30,29.224
1976-10-01,29.595
1976-10-02,31.080
1976-10-03,29.224
1976-10-04,29.224
1976-10-05,31.080
1976-10-06,35.255
1976-10-07,29.595
1976-10-08,29.039
1976-10-09,28.667
1976-10-10,27.090
1976-10-11,27.090
1976-10-12,26.905
1976-10-13,26.719
1976-10-14,26.441
1976-10-15,25.977
1976-10-16,25.791
1976-10-17,24.956
1976-10-18,21.060
1976-10-19,18.926
1976-10-20,17.998
1976-10-21,17.627
1976-10-22,17.349
1976-10-23,17.627
1976-10-24,17.349
1976-10-25,17.349
1976-10-26,16.978
1976-10-27,16.700
1976-10-28,16.328
1976-10-29,16.328
1976-10-30,16.050
1976-10-31,15.865
1976-11-01,16.625
1976-11-02,16.229
1976-11-03,15.735
1976-11-04,15.537
1976-11-05,15.438
1976-11-06,15.240
1976-11-07,15.042
1976-11-08,14.745
1976-11-09,14.250
1976-11-10,13.953
1976-11-11,13.755
1976-11-12,13.656
1976-11-13,13.360
1976-11-14,13.162
1976-11-15,13.162
1976-11-16,12.865
1976-11-17,12.865
1976-11-18,12.766
1976-11-19,12.766
1976-11-20,12.568
1976-11-21,12.568
1976-11-22,12.469
1976-11-23,12.271
1976-11-24,12.172
1976-11-25,11.974
1976-11-26,11.776
1976-11-27,11.578
1976-11-28,11.479
1976-11-29,11.479
1976-11-30,11.281
1976-12-01,14.102
1976-12-02,14.349
1976-12-03,13.854
1976-12-04,13.854
1976-12-05,13.607
1976-12-06,13.483
1976-12-07,13.483
1976-12-08,13.360
1976-12-09,13.236
1976-12-10,12.989
1976-12-11,12.741
1976-12-12,11.776
1976-12-13,11.628
1976-12-14,11.479
1976-12-15,11.331
1976-12-16,11.182
1976-12-17,11.034
1976-12-18,10.886
1976-12-19,10.613
1976-12-20,10.613
1976-12-21,10.477
1976-12-22,10.477
1976-12-23,10.477
1976-12-24,10.341
1976-12-25,10.205
1976-12-26,10.069
1976-12-27,9.797
1976-12-28,9.525
1976-12-29,9.278
1976-12-30,9.154
1976-12-31,9.030
1977-01-01,9.030
1977-01-02,8.906
1977-01-03,8.783
1977-01-04,8.783
1977-01-05,8.288
1977-01-06,8.177
1977-01-07,8.065
1977-01-08,7.954
1977-01-09,7.954
1977-01-10,7.843
1977-01-11,7.731
1977-01-12,7.620
1977-01-13,7.620
1977-01-14,7.620
1977-01-15,7.509
1977-01-16,7.509
1977-01-17,7.286
1977-01-18,6.952
1977-01-19,6.952
1977-01-20,7.175
1977-01-21,6.952
1977-01-22,6.952
1977-01-23,6.952
1977-01-24,6.952
1977-01-25,6.841
1977-01-26,6.841
1977-01-27,6.729
1977-01-28,6.729
1977-01-29,6.618
1977-01-30,6.618
1977-01-31,6.618
1977-02-01,6.395
1977-02-02,6.284
1977-02-03,6.173
1977-02-04,6.173
1977-02-05,6.061
1977-02-06,6.061
1977-02-07,6.061
1977-02-08,6.061
1977-02-09,5.962
1977-02-10,5.863
1977-02-11,5.863
1977-02-12,5.863
1977-02-13,5.863
1977-02-14,5.764
1977-02-15,5.764
1977-02-16,5.764
1977-02-17,5.764
1977-02-18,5.665
1977-02-19,5.665
1977-02-20,5.665
1977-02-21,5.665
1977-02-22,5.567
1977-02-23,5.270
1977-02-24,5.270
1977-02-25,5.171
1977-02-26,5.171
1977-02-27,5.072
1977-02-28,5.072
1977-03-01,5.072
1977-03-02,4.997
1977-03-03,4.997
1977-03-04,4.997
1977-03-05,4.997
1977-03-06,4.997
1977-03-07,4.923
1977-03-08,4.923
1977-03-09,4.923
1977-03-10,4.923
1977-03-11,4.849
1977-03-12,4.997
1977-03-13,4.849
1977-03-14,4.923
1977-03-15,5.270
1977-03-16,5.962
1977-03-17,6.061
1977-03-18,5.764
1977-03-19,5.567
1977-03-20,5.567
1977-03-21,5.468
1977-03-22,5.468
1977-03-23,5.369
1977-03-24,5.369
1977-03-25,5.270
1977-03-26,5.468
1977-03-27,5.665
1977-03-28,5.468
1977-03-29,5.171
1977-03-30,5.072
1977-03-31,5.468
1977-04-01,7.620
1977-04-02,7.175
1977-04-03,6.729
1977-04-04,15.215
1977-04-05,10.750
1977-04-06,12.741
1977-04-07,12.370
1977-04-08,10.205
1977-04-09,13.978
1977-04-10,11.182
1977-04-11,19.668
1977-04-12,14.720
1977-04-13,11.925
1977-04-14,16.700
1977-04-15,15.710
1977-04-16,13.236
1977-04-17,13.483
1977-04-18,15.710
1977-04-19,17.071
1977-04-20,13.483
1977-04-21,13.607
1977-04-22,13.978
1977-04-23,12.989
1977-04-24,19.050
1977-04-25,17.565
1977-04-26,16.081
1977-04-27,17.194
1977-04-28,20.534
1977-04-29,21.400
1977-04-30,17.194
1977-05-01,12.469
1977-05-02,11.479
1977-05-03,11.281
1977-05-04,10.589
1977-05-05,11.084
1977-05-06,11.974
1977-05-07,11.875
1977-05-08,14.745
1977-05-09,12.568
1977-05-10,10.688
1977-05-11,13.360
1977-05-12,11.182
1977-05-13,11.182
1977-05-14,11.974
1977-05-15,21.969
1977-05-16,13.755
1977-05-17,11.875
1977-05-18,12.766
1977-05-19,12.271
1977-05-20,27.709
1977-05-21,13.459
1977-05-22,26.620
1977-05-23,29.193
1977-05-24,23.058
1977-05-25,15.735
1977-05-26,28.500
1977-05-27,17.813
1977-05-28,18.802
1977-05-29,52.647
1977-05-30,72.043
1977-05-31,92.627
1977-06-01,30.894
1977-06-02,27.554
1977-06-03,27.090
1977-06-04,28.667
1977-06-05,29.039
1977-06-06,28.667
1977-06-07,29.595
1977-06-08,26.255
1977-06-09,25.142
1977-06-10,25.328
1977-06-11,37.852
1977-06-12,29.224
1977-06-13,39.151
1977-06-14,27.369
1977-06-15,29.595
1977-06-16,29.224
1977-06-17,26.441
1977-06-18,30.894
1977-06-19,53.810
1977-06-20,29.595
1977-06-21,61.974
1977-06-22,59.376
1977-06-23,44.718
1977-06-24,32.007
1977-06-25,35.533
1977-06-26,29.410
1977-06-27,34.141
1977-06-28,39.893
1977-06-29,32.471
1977-06-30,39.429
1977-07-01,34.141
1977-07-02,70.880
1977-07-03,62.345
1977-07-04,40.172
1977-07-05,41.749
1977-07-06,64.200
1977-07-07,49.727
1977-07-08,85.353
1977-07-09,60.489
1977-07-10,79.787
1977-07-11,64.571
1977-07-12,54.923
1977-07-13,56.407
1977-07-14,93.239
1977-07-15,56.036
1977-07-16,52.696
1977-07-17,46.480
1977-07-18,59.005
1977-07-19,54.552
1977-07-20,78.673
1977-07-21,86.095
1977-07-22,75.333
1977-07-23,58.263
1977-07-24,58.634
1977-07-25,56.407
1977-07-26,51.212
1977-07-27,52.696
1977-07-28,56.407
1977-07-29,49.356
1977-07-30,66.798
1977-07-31,75.333
1977-08-01,51.954
1977-08-02,57.521
1977-08-03,118.103
1977-08-04,60.118
1977-08-05,79.044
1977-08-06,81.642
1977-08-07,66.798
1977-08-08,57.149
1977-08-09,73.107
1977-08-10,69.396
1977-08-11,68.654
1977-08-12,75.333
1977-08-13,96.486
1977-08-14,91.383
1977-08-15,82.755
1977-08-16,89.064
1977-08-17,141.204
1977-08-18,99.269
1977-08-19,76.076
1977-08-20,65.685
1977-08-21,84.611
1977-08-22,70.509
1977-08-23,124.597
1977-08-24,100.568
1977-08-25,92.311
1977-08-26,135.637
1977-08-27,140.461
1977-08-28,101.218
1977-08-29,93.703
1977-08-30,77.931
1977-08-31,79.787
1977-09-01,60.489
1977-09-02,63.829
1977-09-03,54.181
1977-09-04,48.985
1977-09-05,51.212
1977-09-06,53.067
1977-09-07,48.614
1977-09-08,50.099
1977-09-09,51.212
1977-09-10,52.696
1977-09-11,52.325
1977-09-12,49.727
1977-09-13,48.985
1977-09-14,47.872
1977-09-15,48.243
1977-09-16,129.14
1977-09-17,72.365
1977-09-18,87.951
1977-09-19,66.056
1977-09-20,79.787
1977-09-21,69.767
1977-09-22,89.064
1977-09-23,72.365
1977-09-24,50.099
1977-09-25,39.429
1977-09-26,34.791
1977-09-27,32.750
1977-09-28,33.863
1977-09-29,37.574
1977-09-30,37.110
1977-10-01,41.749
1977-10-02,56.778
1977-10-03,49.356
1977-10-04,52.696
1977-10-05,59.376
1977-10-06,60.489
1977-10-07,48.243
1977-10-08,41.749
1977-10-09,42.305
1977-10-10,44.161
1977-10-11,38.038
1977-10-12,32.935
1977-10-13,31.544
1977-10-14,30.616
1977-10-15,32.935
1977-10-16,30.894
1977-10-17,29.966
1977-10-18,29.781
1977-10-19,29.781
1977-10-20,28.667
1977-10-21,25.977
1977-10-22,23.472
1977-10-23,23.008
1977-10-24,22.637
1977-10-25,21.988
1977-10-26,22.173
1977-10-27,21.802
1977-10-28,21.431
1977-10-29,20.874
1977-10-30,20.596
1977-10-31,20.411
1977-11-01,21.771
1977-11-02,21.375
1977-11-03,23.454
1977-11-04,32.459
1977-11-05,30.579
1977-11-06,25.037
1977-11-07,23.651
1977-11-08,21.969
1977-11-09,25.235
1977-11-10,21.969
1977-11-11,23.948
1977-11-12,23.948
1977-11-13,37.902
1977-11-14,26.125
1977-11-15,21.969
1977-11-16,21.177
1977-11-17,20.584
1977-11-18,20.188
1977-11-19,18.703
1977-11-20,18.308
1977-11-21,17.912
1977-11-22,17.417
1977-11-23,17.120
1977-11-24,16.724
1977-11-25,16.427
1977-11-26,16.229
1977-11-27,15.933
1977-11-28,15.735
1977-11-29,15.438
1977-11-30,15.240
1977-12-01,18.679
1977-12-02,17.442
1977-12-03,16.700
1977-12-04,16.328
1977-12-05,15.957
1977-12-06,15.586
1977-12-07,15.339
1977-12-08,15.215
1977-12-09,14.968
1977-12-10,14.844
1977-12-11,14.720
1977-12-12,14.473
1977-12-13,14.102
1977-12-14,13.978
1977-12-15,13.607
1977-12-16,13.483
1977-12-17,13.360
1977-12-18,13.483
1977-12-19,13.236
1977-12-20,12.865
1977-12-21,12.494
1977-12-22,12.494
1977-12-23,12.222
1977-12-24,11.925
1977-12-25,11.628
1977-12-26,11.479
1977-12-27,11.479
1977-12-28,12.073
1977-12-29,11.925
1977-12-30,11.776
1977-12-31,11.628
1978-01-01,11.331
1978-01-02,11.331
1978-01-03,11.034
1978-01-04,10.750
1978-01-05,12.073
1978-01-06,11.925
1978-01-07,11.776
1978-01-08,11.628
1978-01-09,11.479
1978-01-10,11.776
1978-01-11,11.479
1978-01-12,11.331
1978-01-13,11.331
1978-01-14,10.341
1978-01-15,9.933
1978-01-16,9.525
1978-01-17,9.401
1978-01-18,9.154
1978-01-19,9.154
1978-01-20,9.030
1978-01-21,8.906
1978-01-22,9.933
1978-01-23,9.401
1978-01-24,9.030
1978-01-25,9.030
1978-01-26,8.906
1978-01-27,8.783
1978-01-28,8.659
1978-01-29,8.659
1978-01-30,8.535
1978-01-31,8.535
1978-02-01,8.412
1978-02-02,8.412
1978-02-03,8.288
1978-02-04,7.954
1978-02-05,7.731
1978-02-06,7.620
1978-02-07,7.509
1978-02-08,7.397
1978-02-09,7.397
1978-02-10,7.731
1978-02-11,7.509
1978-02-12,7.286
1978-02-13,7.286
1978-02-14,7.175
1978-02-15,7.175
1978-02-16,7.063
1978-02-17,7.063
1978-02-18,7.954
1978-02-19,7.397
1978-02-20,7.286
1978-02-21,7.063
1978-02-22,7.063
1978-02-23,6.952
1978-02-24,6.952
1978-02-25,6.841
1978-02-26,6.841
1978-02-27,6.841
1978-02-28,6.841
1978-03-01,6.841
1978-03-02,6.729
1978-03-03,6.729
1978-03-04,6.618
1978-03-05,6.618
1978-03-06,6.618
1978-03-07,6.507
1978-03-08,6.061
1978-03-09,6.061
1978-03-10,6.061
1978-03-11,6.061
1978-03-12,11.33
1978-03-13,10.48
1978-03-14,8.412
1978-03-15,7.843
1978-03-16,7.731
1978-03-17,7.286
1978-03-18,6.952
1978-03-19,9.525
1978-03-20,7.620
1978-03-21,7.286
1978-03-22,6.841
1978-03-23,6.729
1978-03-24,6.729
1978-03-25,6.618
1978-03-26,6.395
1978-03-27,6.061
1978-03-28,5.863
1978-03-29,5.764
1978-03-30,6.507
1978-03-31,10.48
1978-04-01,7.843
1978-04-02,6.841
1978-04-03,6.729
1978-04-04,6.729
1978-04-05,6.729
1978-04-06,6.618
1978-04-07,6.729
1978-04-08,6.729
1978-04-09,6.841
1978-04-10,6.618
1978-04-11,9.278
1978-04-12,9.401
1978-04-13,21.153
1978-04-14,13.978
1978-04-15,12.222
1978-04-16,12.494
1978-04-17,13.483
1978-04-18,32.657
1978-04-19,17.937
1978-04-20,14.349
1978-04-21,12.370
1978-04-22,14.844
1978-04-23,15.710
1978-04-24,17.565
1978-04-25,20.287
1978-04-26,17.071
1978-04-27,14.844
1978-04-28,15.215
1978-04-29,17.937
1978-04-30,16.328
1978-05-01,13.755
1978-05-02,14.052
1978-05-03,15.735
1978-05-04,13.459
1978-05-05,13.459
1978-05-06,13.063
1978-05-07,13.063
1978-05-08,12.568
1978-05-09,11.875
1978-05-10,13.656
1978-05-11,14.052
1978-05-12,15.933
1978-05-13,15.735
1978-05-14,13.459
1978-05-15,15.438
1978-05-16,25.433
1978-05-17,36.615
1978-05-18,27.016
1978-05-19,21.573
1978-05-20,33.350
1978-05-21,42.355
1978-05-22,43.246
1978-05-23,37.605
1978-05-24,28.896
1978-05-25,19.792
1978-05-26,19.990
1978-05-27,57.001
1978-05-28,29.391
1978-05-29,47.402
1978-05-30,30.974
1978-05-31,35.428
1978-06-01,31.265
1978-06-02,40.172
1978-06-03,31.265
1978-06-04,26.441
1978-06-05,25.791
1978-06-06,28.667
1978-06-07,24.956
1978-06-08,41.749
1978-06-09,66.427
1978-06-10,61.974
1978-06-11,55.294
1978-06-12,79.787
1978-06-13,54.923
1978-06-14,46.480
1978-06-15,63.087
1978-06-16,69.767
1978-06-17,47.222
1978-06-18,59.376
1978-06-19,86.095
1978-06-20,70.509
1978-06-21,74.962
1978-06-22,72.365
1978-06-23,107.06
1978-06-24,76.447
1978-06-25,68.654
1978-06-26,67.169
1978-06-27,70.138
1978-06-28,59.376
1978-06-29,49.727
1978-06-30,56.036
1978-07-01,70.509
1978-07-02,63.829
1978-07-03,72.365
1978-07-04,75.704
1978-07-05,68.282
1978-07-06,69.396
1978-07-07,60.489
1978-07-08,78.302
1978-07-09,53.810
1978-07-10,46.480
1978-07-11,59.376
1978-07-12,61.232
1978-07-13,59.005
1978-07-14,60.489
1978-07-15,121.35
1978-07-16,77.189
1978-07-17,77.189
1978-07-18,75.704
1978-07-19,73.107
1978-07-20,80.900
1978-07-21,68.654
1978-07-22,70.509
1978-07-23,73.107
1978-07-24,105.76
1978-07-25,79.415
1978-07-26,70.880
1978-07-27,74.962
1978-07-28,188.15
1978-07-29,84.240
1978-07-30,76.076
1978-07-31,104.47
1978-08-01,159.759
1978-08-02,158.924
1978-08-03,87.209
1978-08-04,123.298
1978-08-05,89.064
1978-08-06,58.634
1978-08-07,78.673
1978-08-08,120.700
1978-08-09,87.951
1978-08-10,74.962
1978-08-11,83.498
1978-08-12,75.333
1978-08-13,76.447
1978-08-14,63.087
1978-08-15,59.376
1978-08-16,74.220
1978-08-17,58.263
1978-08-18,60.489
1978-08-19,55.665
1978-08-20,58.634
1978-08-21,58.263
1978-08-22,56.036
1978-08-23,53.067
1978-08-24,57.149
1978-08-25,55.665
1978-08-26,56.778
1978-08-27,44.718
1978-08-28,39.893
1978-08-29,37.852
1978-08-30,34.791
1978-08-31,39.151
1978-09-01,33.677
1978-09-02,41.007
1978-09-03,38.223
1978-09-04,34.791
1978-09-05,46.480
1978-09-06,38.223
1978-09-07,32.471
1978-09-08,31.544
1978-09-09,48.243
1978-09-10,46.480
1978-09-11,50.099
1978-09-12,55.294
1978-09-13,82.755
1978-09-14,99.269
1978-09-15,87.209
1978-09-16,85.353
1978-09-17,90.456
1978-09-18,58.263
1978-09-19,79.044
1978-09-20,55.665
1978-09-21,44.718
1978-09-22,42.305
1978-09-23,37.388
1978-09-24,35.718
1978-09-25,41.749
1978-09-26,40.543
1978-09-27,47.501
1978-09-28,48.614
1978-09-29,44.161
1978-09-30,47.872
1978-10-01,54.923
1978-10-02,61.974
1978-10-03,50.099
1978-10-04,43.790
1978-10-05,44.439
1978-10-06,47.222
1978-10-07,39.893
1978-10-08,34.327
1978-10-09,33.677
1978-10-10,38.223
1978-10-11,37.388
1978-10-12,36.646
1978-10-13,33.863
1978-10-14,32.750
1978-10-15,30.152
1978-10-16,29.410
1978-10-17,29.039
1978-10-18,25.791
1978-10-19,23.843
1978-10-20,21.988
1978-10-21,20.225
1978-10-22,18.555
1978-10-23,17.998
1978-10-24,17.813
1978-10-25,18.369
1978-10-26,16.700
1978-10-27,15.679
1978-10-28,15.030
1978-10-29,14.102
1978-10-30,13.638
1978-10-31,13.452
1978-11-01,14.250
1978-11-02,18.308
1978-11-03,15.240
1978-11-04,14.052
1978-11-05,13.162
1978-11-06,12.766
1978-11-07,12.271
1978-11-08,11.875
1978-11-09,11.578
1978-11-10,11.578
1978-11-11,11.875
1978-11-12,13.063
1978-11-13,13.459
1978-11-14,18.308
1978-11-15,12.766
1978-11-16,12.469
1978-11-17,12.172
1978-11-18,14.745
1978-11-19,12.568
1978-11-20,13.755
1978-11-21,13.063
1978-11-22,12.568
1978-11-23,12.271
1978-11-24,12.172
1978-11-25,11.875
1978-11-26,11.776
1978-11-27,11.578
1978-11-28,11.776
1978-11-29,11.281
1978-11-30,11.084
1978-12-01,13.483
1978-12-02,14.102
1978-12-03,13.978
1978-12-04,13.854
1978-12-05,13.236
1978-12-06,12.741
1978-12-07,12.370
1978-12-08,12.073
1978-12-09,11.776
1978-12-10,11.776
1978-12-11,11.479
1978-12-12,11.331
1978-12-13,11.182
1978-12-14,11.034
1978-12-15,10.886
1978-12-16,10.613
1978-12-17,10.205
1978-12-18,10.205
1978-12-19,10.069
1978-12-20,9.797
1978-12-21,9.401
1978-12-22,9.154
1978-12-23,9.030
1978-12-24,8.906
1978-12-25,8.783
1978-12-26,8.659
1978-12-27,8.412
1978-12-28,8.412
1978-12-29,8.288
1978-12-30,8.177
1978-12-31,8.177
1979-01-01,8.177
1979-01-02,8.065
1979-01-03,8.065
1979-01-04,8.065
1979-01-05,7.954
1979-01-06,7.954
1979-01-07,7.954
1979-01-08,7.954
1979-01-09,7.843
1979-01-10,7.620
1979-01-11,7.509
1979-01-12,7.175
1979-01-13,7.063
1979-01-14,7.063
1979-01-15,6.952
1979-01-16,6.952
1979-01-17,6.841
1979-01-18,6.841
1979-01-19,6.841
1979-01-20,6.729
1979-01-21,6.729
1979-01-22,6.507
1979-01-23,6.507
1979-01-24,6.395
1979-01-25,6.284
1979-01-26,6.284
1979-01-27,6.173
1979-01-28,6.173
1979-01-29,6.173
1979-01-30,6.061
1979-01-31,6.061
1979-02-01,5.962
1979-02-02,5.962
1979-02-03,5.863
1979-02-04,5.863
1979-02-05,5.764
1979-02-06,5.665
1979-02-07,5.567
1979-02-08,6.061
1979-02-09,6.841
1979-02-10,6.284
1979-02-11,6.061
1979-02-12,6.284
1979-02-13,5.962
1979-02-14,5.863
1979-02-15,5.764
1979-02-16,5.665
1979-02-17,5.665
1979-02-18,5.567
1979-02-19,5.567
1979-02-20,5.567
1979-02-21,5.665
1979-02-22,5.567
1979-02-23,5.567
1979-02-24,5.369
1979-02-25,5.072
1979-02-26,5.072
1979-02-27,4.997
1979-02-28,4.997
1979-03-01,4.923
1979-03-02,4.849
1979-03-03,4.775
1979-03-04,4.775
1979-03-05,4.849
1979-03-06,4.775
1979-03-07,4.775
1979-03-08,4.701
1979-03-09,4.775
1979-03-10,4.775
1979-03-11,4.552
1979-03-12,4.552
1979-03-13,4.552
1979-03-14,4.552
1979-03-15,4.478
1979-03-16,4.478
1979-03-17,4.404
1979-03-18,4.552
1979-03-19,4.552
1979-03-20,4.478
1979-03-21,4.404
1979-03-22,4.404
1979-03-23,4.404
1979-03-24,4.404
1979-03-25,4.330
1979-03-26,4.330
1979-03-27,4.330
1979-03-28,4.255
1979-03-29,4.181
1979-03-30,4.255
1979-03-31,4.404
1979-04-01,4.478
1979-04-02,4.478
1979-04-03,4.552
1979-04-04,4.626
1979-04-05,4.849
1979-04-06,4.701
1979-04-07,4.404
1979-04-08,4.330
1979-04-09,4.255
1979-04-10,4.849
1979-04-11,7.731
1979-04-12,6.841
1979-04-13,5.665
1979-04-14,6.556
1979-04-15,8.882
1979-04-16,9.550
1979-04-17,9.327
1979-04-18,8.028
1979-04-19,6.977
1979-04-20,6.977
1979-04-21,9.995
1979-04-22,13.731
1979-04-23,12.494
1979-04-24,10.218
1979-04-25,8.659
1979-04-26,9.327
1979-04-27,11.145
1979-04-28,9.772
1979-04-29,12.494
1979-04-30,30.183
1979-05-01,17.219
1979-05-02,11.776
1979-05-03,11.776
1979-05-04,16.032
1979-05-05,12.667
1979-05-06,12.667
1979-05-07,10.787
1979-05-08,10.391
1979-05-09,11.479
1979-05-10,12.172
1979-05-11,15.240
1979-05-12,19.198
1979-05-13,20.782
1979-05-14,14.745
1979-05-15,19.891
1979-05-16,24.443
1979-05-17,21.177
1979-05-18,33.251
1979-05-19,24.146
1979-05-20,18.901
1979-05-21,25.136
1979-05-22,24.146
1979-05-23,22.761
1979-05-24,17.417
1979-05-25,17.417
1979-05-26,14.943
1979-05-27,14.151
1979-05-28,14.943
1979-05-29,12.964
1979-05-30,14.151
1979-05-31,17.219
1979-06-01,13.267
1979-06-02,15.586
1979-06-03,15.865
1979-06-04,19.483
1979-06-05,19.483
1979-06-06,19.483
1979-06-07,16.607
1979-06-08,27.369
1979-06-09,20.132
1979-06-10,17.720
1979-06-11,16.607
1979-06-12,20.411
1979-06-13,18.926
1979-06-14,28.111
1979-06-15,24.956
1979-06-16,25.977
1979-06-17,21.709
1979-06-18,21.709
1979-06-19,23.287
1979-06-20,23.565
1979-06-21,39.522
1979-06-22,30.430
1979-06-23,37.388
1979-06-24,51.026
1979-06-25,34.420
1979-06-26,32.750
1979-06-27,51.026
1979-06-28,58.819
1979-06-29,58.263
1979-06-30,74.313
1979-07-01,175.07
1979-07-02,88.229
1979-07-03,91.662
1979-07-04,77.467
1979-07-05,60.582
1979-07-06,61.139
1979-07-07,49.449
1979-07-08,52.047
1979-07-09,45.089
1979-07-10,53.531
1979-07-11,66.984
1979-07-12,58.263
1979-07-13,95.280
1979-07-14,77.467
1979-07-15,65.777
1979-07-16,61.695
1979-07-17,57.799
1979-07-18,86.188
1979-07-19,71.158
1979-07-20,61.139
1979-07-21,84.796
1979-07-22,68.746
1979-07-23,139.163
1979-07-24,178.128
1979-07-25,101.867
1979-07-26,93.146
1979-07-27,83.405
1979-07-28,141.018
1979-07-29,134.524
1979-07-30,109.846
1979-07-31,128.215
1979-08-01,180.169
1979-08-02,115.690
1979-08-03,145.657
1979-08-04,93.146
1979-08-05,86.188
1979-08-06,71.808
1979-08-07,66.984
1979-08-08,87.487
1979-08-09,71.158
1979-08-10,71.158
1979-08-11,65.128
1979-08-12,83.405
1979-08-13,71.808
1979-08-14,84.796
1979-08-15,68.746
1979-08-16,64.571
1979-08-17,62.809
1979-08-18,59.933
1979-08-19,59.376
1979-08-20,135.452
1979-08-21,162.820
1979-08-22,93.146
1979-08-23,83.405
1979-08-24,69.952
1979-08-25,64.015
1979-08-26,72.365
1979-08-27,64.015
1979-08-28,61.139
1979-08-29,70.509
1979-08-30,90.270
1979-08-31,73.014
1979-09-01,63.458
1979-09-02,71.808
1979-09-03,105.671
1979-09-04,100.383
1979-09-05,145.657
1979-09-06,107.341
1979-09-07,124.875
1979-09-08,101.125
1979-09-09,99.640
1979-09-10,78.766
1979-09-11,109.846
1979-09-12,76.818
1979-09-13,68.097
1979-09-14,65.128
1979-09-15,58.263
1979-09-16,52.047
1979-09-17,51.490
1979-09-18,49.449
1979-09-19,45.553
1979-09-20,40.914
1979-09-21,38.223
1979-09-22,36.089
1979-09-23,33.956
1979-09-24,32.750
1979-09-25,32.378
1979-09-26,31.172
1979-09-27,32.007
1979-09-28,30.430
1979-09-29,29.317
1979-09-30,35.255
1979-10-01,44.532
1979-10-02,33.213
1979-10-03,32.007
1979-10-04,35.255
1979-10-05,40.914
1979-10-06,41.378
1979-10-07,33.585
1979-10-08,32.750
1979-10-09,41.378
1979-10-10,41.378
1979-10-11,50.006
1979-10-12,39.522
1979-10-13,39.522
1979-10-14,33.956
1979-10-15,30.430
1979-10-16,28.482
1979-10-17,27.369
1979-10-18,26.626
1979-10-19,25.328
1979-10-20,23.565
1979-10-21,22.266
1979-10-22,21.338
1979-10-23,20.411
1979-10-24,20.132
1979-10-25,19.854
1979-10-26,19.483
1979-10-27,20.411
1979-10-28,18.926
1979-10-29,18.648
1979-10-30,17.998
1979-10-31,17.442
1979-11-01,17.417
1979-11-02,17.714
1979-11-03,18.308
1979-11-04,17.417
1979-11-05,16.922
1979-11-06,16.328
1979-11-07,16.032
1979-11-08,16.032
1979-11-09,15.735
1979-11-10,15.240
1979-11-11,14.943
1979-11-12,14.745
1979-11-13,14.448
1979-11-14,14.151
1979-11-15,13.953
1979-11-16,13.656
1979-11-17,13.656
1979-11-18,13.459
1979-11-19,13.162
1979-11-20,13.162
1979-11-21,13.162
1979-11-22,12.964
1979-11-23,12.667
1979-11-24,12.667
1979-11-25,12.469
1979-11-26,12.172
1979-11-27,11.974
1979-11-28,12.172
1979-11-29,12.469
1979-11-30,28.105
1979-12-01,23.256
1979-12-02,22.142
1979-12-03,17.689
1979-12-04,16.452
1979-12-05,15.834
1979-12-06,15.215
1979-12-07,14.720
1979-12-08,14.349
1979-12-09,13.731
1979-12-10,13.483
1979-12-11,13.483
1979-12-12,13.236
1979-12-13,14.102
1979-12-14,12.989
1979-12-15,12.741
1979-12-16,12.494
1979-12-17,12.494
1979-12-18,12.184
1979-12-19,11.925
1979-12-20,11.665
1979-12-21,11.665
1979-12-22,11.405
1979-12-23,11.405
1979-12-24,11.145
1979-12-25,11.145
1979-12-26,10.886
1979-12-27,10.663
1979-12-28,10.663
1979-12-29,10.440
1979-12-30,10.218
1979-12-31,11.665
1980-01-01,10.886
1980-01-02,10.440
1980-01-03,10.218
1980-01-04,9.995
1980-01-05,9.995
1980-01-06,9.772
1980-01-07,9.772
1980-01-08,9.327
1980-01-09,9.550
1980-01-10,9.104
1980-01-11,8.882
1980-01-12,8.882
1980-01-13,8.882
1980-01-14,8.659
1980-01-15,8.659
1980-01-16,8.659
1980-01-17,8.449
1980-01-18,8.238
1980-01-19,8.238
1980-01-20,8.238
1980-01-21,8.028
1980-01-22,8.028
1980-01-23,8.028
1980-01-24,7.818
1980-01-25,7.818
1980-01-26,7.608
1980-01-27,7.608
1980-01-28,7.608
1980-01-29,7.397
1980-01-30,6.977
1980-01-31,6.977
1980-02-01,6.977
1980-02-02,6.977
1980-02-03,7.187
1980-02-04,6.766
1980-02-05,6.766
1980-02-06,6.766
1980-02-07,6.395
1980-02-08,6.395
1980-02-09,6.234
1980-02-10,6.234
1980-02-11,6.395
1980-02-12,6.234
1980-02-13,6.395
1980-02-14,6.395
1980-02-15,6.395
1980-02-16,6.556
1980-02-17,6.556
1980-02-18,6.766
1980-02-19,6.395
1980-02-20,6.234
1980-02-21,6.234
1980-02-22,6.234
1980-02-23,6.395
1980-02-24,7.608
1980-02-25,7.397
1980-02-26,7.187
1980-02-27,6.556
1980-02-28,6.395
1980-02-29,6.766
1980-03-01,7.608
1980-03-02,8.028
1980-03-03,7.608
1980-03-04,6.977
1980-03-05,7.818
1980-03-06,7.397
1980-03-07,8.238
1980-03-08,7.187
1980-03-09,6.977
1980-03-10,6.766
1980-03-11,6.234
1980-03-12,6.074
1980-03-13,6.074
1980-03-14,6.074
1980-03-15,6.074
1980-03-16,5.913
1980-03-17,6.977
1980-03-18,6.556
1980-03-19,6.234
1980-03-20,8.028
1980-03-21,6.977
1980-03-22,8.659
1980-03-23,15.59
1980-03-24,9.995
1980-03-25,9.995
1980-03-26,8.882
1980-03-27,8.238
1980-03-28,8.028
1980-03-29,8.659
1980-03-30,8.028
1980-03-31,10.44
1980-04-01,9.104
1980-04-02,8.028
1980-04-03,7.608
1980-04-04,7.608
1980-04-05,7.187
1980-04-06,7.187
1980-04-07,7.187
1980-04-08,7.818
1980-04-09,8.238
1980-04-10,11.145
1980-04-11,13.731
1980-04-12,9.995
1980-04-13,11.145
1980-04-14,10.886
1980-04-15,12.741
1980-04-16,10.440
1980-04-17,9.550
1980-04-18,10.886
1980-04-19,11.145
1980-04-20,11.925
1980-04-21,10.663
1980-04-22,13.236
1980-04-23,17.071
1980-04-24,20.411
1980-04-25,13.236
1980-04-26,12.184
1980-04-27,11.925
1980-04-28,15.215
1980-04-29,24.493
1980-04-30,25.235
1980-05-01,12.172
1980-05-02,12.469
1980-05-03,12.667
1980-05-04,10.985
1980-05-05,26.620
1980-05-06,26.620
1980-05-07,15.735
1980-05-08,17.417
1980-05-09,16.328
1980-05-10,15.735
1980-05-11,13.656
1980-05-12,13.953
1980-05-13,13.162
1980-05-14,12.469
1980-05-15,17.219
1980-05-16,14.943
1980-05-17,16.922
1980-05-18,16.032
1980-05-19,17.417
1980-05-20,14.943
1980-05-21,29.985
1980-05-22,21.771
1980-05-23,32.855
1980-05-24,31.667
1980-05-25,64.621
1980-05-26,32.855
1980-05-27,22.068
1980-05-28,23.157
1980-05-29,20.485
1980-05-30,21.474
1980-05-31,28.105
1980-06-01,19.854
1980-06-02,23.936
1980-06-03,19.854
1980-06-04,23.287
1980-06-05,23.565
1980-06-06,22.637
1980-06-07,32.378
1980-06-08,30.059
1980-06-09,33.956
1980-06-10,28.111
1980-06-11,25.977
1980-06-12,33.956
1980-06-13,42.213
1980-06-14,34.791
1980-06-15,66.984
1980-06-16,68.097
1980-06-17,38.223
1980-06-18,34.791
1980-06-19,50.006
1980-06-20,42.677
1980-06-21,41.378
1980-06-22,52.047
1980-06-23,57.799
1980-06-24,172.01
1980-06-25,65.128
1980-06-26,36.461
1980-06-27,46.944
1980-06-28,33.213
1980-06-29,29.688
1980-06-30,29.688
1980-07-01,48.892
1980-07-02,34.420
1980-07-03,41.749
1980-07-04,33.213
1980-07-05,34.420
1980-07-06,40.450
1980-07-07,44.532
1980-07-08,35.255
1980-07-09,52.511
1980-07-10,56.686
1980-07-11,46.016
1980-07-12,40.450
1980-07-13,49.449
1980-07-14,73.663
1980-07-15,68.746
1980-07-16,69.303
1980-07-17,104.836
1980-07-18,95.280
1980-07-19,186.292
1980-07-20,110.681
1980-07-21,110.681
1980-07-22,102.609
1980-07-23,120.700
1980-07-24,89.621
1980-07-25,61.695
1980-07-26,61.139
1980-07-27,57.242
1980-07-28,66.334
1980-07-29,79.415
1980-07-30,119.030
1980-07-31,116.525
1980-08-01,119.87
1980-08-02,71.158
1980-08-03,72.365
1980-08-04,76.818
1980-08-05,69.952
1980-08-06,65.777
1980-08-07,71.808
1980-08-08,86.188
1980-08-09,74.962
1980-08-10,69.952
1980-08-11,89.621
1980-08-12,76.168
1980-08-13,86.837
1980-08-14,71.808
1980-08-15,86.837
1980-08-16,67.540
1980-08-17,68.097
1980-08-18,66.984
1980-08-19,65.128
1980-08-20,84.796
1980-08-21,102.61
1980-08-22,83.405
1980-08-23,65.128
1980-08-24,59.933
1980-08-25,68.746
1980-08-26,55.108
1980-08-27,73.663
1980-08-28,86.837
1980-08-29,65.128
1980-08-30,54.088
1980-08-31,66.334
1980-09-01,57.242
1980-09-02,55.108
1980-09-03,55.108
1980-09-04,59.376
1980-09-05,127.38
1980-09-06,69.303
1980-09-07,58.819
1980-09-08,61.695
1980-09-09,61.695
1980-09-10,88.878
1980-09-11,68.746
1980-09-12,59.933
1980-09-13,72.365
1980-09-14,69.303
1980-09-15,106.51
1980-09-16,65.777
1980-09-17,62.252
1980-09-18,56.686
1980-09-19,56.686
1980-09-20,47.501
1980-09-21,53.067
1980-09-22,39.522
1980-09-23,43.604
1980-09-24,38.594
1980-09-25,40.450
1980-09-26,35.626
1980-09-27,32.378
1980-09-28,34.791
1980-09-29,46.016
1980-09-30,39.058
1980-10-01,33.956
1980-10-02,36.461
1980-10-03,30.059
1980-10-04,26.998
1980-10-05,28.482
1980-10-06,28.482
1980-10-07,39.058
1980-10-08,28.946
1980-10-09,25.328
1980-10-10,23.936
1980-10-11,22.915
1980-10-12,21.988
1980-10-13,26.626
1980-10-14,23.287
1980-10-15,22.266
1980-10-16,20.689
1980-10-17,20.132
1980-10-18,20.132
1980-10-19,18.926
1980-10-20,18.369
1980-10-21,18.926
1980-10-22,17.720
1980-10-23,17.442
1980-10-24,17.720
1980-10-25,17.442
1980-10-26,17.163
1980-10-27,17.163
1980-10-28,16.885
1980-10-29,16.328
1980-10-30,16.143
1980-10-31,15.865
1980-11-01,16.032
1980-11-02,15.735
1980-11-03,15.240
1980-11-04,14.943
1980-11-05,14.745
1980-11-06,14.745
1980-11-07,14.448
1980-11-08,14.448
1980-11-09,13.953
1980-11-10,13.656
1980-11-11,13.459
1980-11-12,13.162
1980-11-13,12.667
1980-11-14,12.469
1980-11-15,11.974
1980-11-16,12.172
1980-11-17,11.974
1980-11-18,11.974
1980-11-19,11.776
1980-11-20,12.172
1980-11-21,12.172
1980-11-22,12.469
1980-11-23,11.974
1980-11-24,11.281
1980-11-25,10.787
1980-11-26,10.787
1980-11-27,10.391
1980-11-28,10.589
1980-11-29,10.589
1980-11-30,10.787
1980-12-01,13.236
1980-12-02,12.494
1980-12-03,11.925
1980-12-04,11.925
1980-12-05,11.665
1980-12-06,11.665
1980-12-07,11.665
1980-12-08,11.405
1980-12-09,10.886
1980-12-10,10.886
1980-12-11,10.663
1980-12-12,10.218
1980-12-13,9.995
1980-12-14,9.772
1980-12-15,9.772
1980-12-16,9.772
1980-12-17,9.550
1980-12-18,9.550
1980-12-19,9.550
1980-12-20,9.550
1980-12-21,9.550
1980-12-22,9.327
1980-12-23,9.327
1980-12-24,9.327
1980-12-25,9.104
1980-12-26,9.104
1980-12-27,8.882
1980-12-28,8.882
1980-12-29,8.659
1980-12-30,8.659
1980-12-31,8.238
1981-01-01,8.238
1981-01-02,8.028
1981-01-03,8.028
1981-01-04,7.818
1981-01-05,8.238
1981-01-06,8.449
1981-01-07,8.449
1981-01-08,8.449
1981-01-09,8.238
1981-01-10,8.028
1981-01-11,7.818
1981-01-12,7.608
1981-01-13,7.608
1981-01-14,7.397
1981-01-15,7.397
1981-01-16,6.977
1981-01-17,6.977
1981-01-18,6.766
1981-01-19,6.556
1981-01-20,6.556
1981-01-21,6.977
1981-01-22,6.766
1981-01-23,6.977
1981-01-24,6.977
1981-01-25,6.977
1981-01-26,6.977
1981-01-27,6.766
1981-01-28,6.395
1981-01-29,6.395
1981-01-30,6.395
1981-01-31,6.556
1981-02-01,6.395
1981-02-02,6.234
1981-02-03,6.234
1981-02-04,6.074
1981-02-05,5.913
1981-02-06,6.074
1981-02-07,5.913
1981-02-08,5.752
1981-02-09,5.591
1981-02-10,5.430
1981-02-11,5.591
1981-02-12,5.430
1981-02-13,5.591
1981-02-14,5.430
1981-02-15,5.430
1981-02-16,5.430
1981-02-17,5.270
1981-02-18,5.270
1981-02-19,5.270
1981-02-20,5.270
1981-02-21,5.270
1981-02-22,5.270
1981-02-23,5.270
1981-02-24,5.109
1981-02-25,5.109
1981-02-26,5.109
1981-02-27,4.948
1981-02-28,4.948
1981-03-01,4.948
1981-03-02,4.948
1981-03-03,4.651
1981-03-04,4.651
1981-03-05,4.651
1981-03-06,4.651
1981-03-07,4.651
1981-03-08,4.651
1981-03-09,4.503
1981-03-10,4.503
1981-03-11,4.503
1981-03-12,4.354
1981-03-13,4.354
1981-03-14,4.354
1981-03-15,4.503
1981-03-16,4.800
1981-03-17,6.556
1981-03-18,5.109
1981-03-19,4.948
1981-03-20,4.948
1981-03-21,4.948
1981-03-22,6.074
1981-03-23,5.270
1981-03-24,4.651
1981-03-25,4.354
1981-03-26,7.818
1981-03-27,6.234
1981-03-28,5.752
1981-03-29,5.109
1981-03-30,4.948
1981-03-31,5.109
1981-04-01,7.397
1981-04-02,8.449
1981-04-03,6.234
1981-04-04,6.074
1981-04-05,7.818
1981-04-06,6.395
1981-04-07,5.591
1981-04-08,5.270
1981-04-09,5.109
1981-04-10,5.430
1981-04-11,5.752
1981-04-12,9.104
1981-04-13,6.556
1981-04-14,6.074
1981-04-15,9.327
1981-04-16,9.772
1981-04-17,14.102
1981-04-18,14.349
1981-04-19,12.184
1981-04-20,8.882
1981-04-21,7.608
1981-04-22,8.659
1981-04-23,12.184
1981-04-24,14.102
1981-04-25,10.886
1981-04-26,10.218
1981-04-27,10.218
1981-04-28,8.028
1981-04-29,7.818
1981-04-30,29.688
1981-05-01,11.776
1981-05-02,10.787
1981-05-03,10.391
1981-05-04,9.748
1981-05-05,9.124
1981-05-06,9.124
1981-05-07,21.177
1981-05-08,13.953
1981-05-09,11.479
1981-05-10,14.745
1981-05-11,15.240
1981-05-12,16.328
1981-05-13,12.172
1981-05-14,12.172
1981-05-15,16.922
1981-05-16,26.224
1981-05-17,19.594
1981-05-18,13.162
1981-05-19,11.974
1981-05-20,11.776
1981-05-21,14.943
1981-05-22,15.438
1981-05-23,15.438
1981-05-24,15.735
1981-05-25,16.328
1981-05-26,11.281
1981-05-27,17.714
1981-05-28,16.625
1981-05-29,15.240
1981-05-30,14.448
1981-05-31,12.172
1981-06-01,11.690
1981-06-02,13.545
1981-06-03,16.607
1981-06-04,19.204
1981-06-05,24.214
1981-06-06,21.338
1981-06-07,15.586
1981-06-08,15.586
1981-06-09,12.803
1981-06-10,14.751
1981-06-11,13.545
1981-06-12,15.586
1981-06-13,36.089
1981-06-14,32.007
1981-06-15,52.511
1981-06-16,30.059
1981-06-17,32.378
1981-06-18,30.801
1981-06-19,25.977
1981-06-20,32.378
1981-06-21,26.626
1981-06-22,28.482
1981-06-23,29.688
1981-06-24,43.604
1981-06-25,42.677
1981-06-26,57.799
1981-06-27,78.766
1981-06-28,66.984
1981-06-29,76.818
1981-06-30,61.139
1981-07-01,102.61
1981-07-02,97.414
1981-07-03,117.36
1981-07-04,98.156
1981-07-05,74.962
1981-07-06,61.139
1981-07-07,55.665
1981-07-08,52.047
1981-07-09,47.501
1981-07-10,43.604
1981-07-11,54.088
1981-07-12,82.755
1981-07-13,57.799
1981-07-14,51.026
1981-07-15,64.571
1981-07-16,90.270
1981-07-17,93.888
1981-07-18,64.015
1981-07-19,61.695
1981-07-20,57.799
1981-07-21,59.933
1981-07-22,86.837
1981-07-23,63.458
1981-07-24,55.665
1981-07-25,54.088
1981-07-26,93.146
1981-07-27,70.509
1981-07-28,87.487
1981-07-29,85.446
1981-07-30,101.87
1981-07-31,100.38
1981-08-01,86.837
1981-08-02,104.836
1981-08-03,86.837
1981-08-04,97.414
1981-08-05,78.117
1981-08-06,68.746
1981-08-07,76.168
1981-08-08,68.097
1981-08-09,67.540
1981-08-10,66.334
1981-08-11,135.452
1981-08-12,251.606
1981-08-13,123.205
1981-08-14,102.609
1981-08-15,99.640
1981-08-16,76.168
1981-08-17,93.146
1981-08-18,92.404
1981-08-19,98.898
1981-08-20,90.270
1981-08-21,86.837
1981-08-22,137.307
1981-08-23,111.516
1981-08-24,103.351
1981-08-25,96.022
1981-08-26,132.668
1981-08-27,111.516
1981-08-28,93.888
1981-08-29,87.487
1981-08-30,109.846
1981-08-31,101.125
1981-09-01,80.158
1981-09-02,73.663
1981-09-03,97.414
1981-09-04,64.015
1981-09-05,65.777
1981-09-06,59.376
1981-09-07,67.540
1981-09-08,63.458
1981-09-09,86.837
1981-09-10,64.571
1981-09-11,72.365
1981-09-12,64.015
1981-09-13,59.933
1981-09-14,62.809
1981-09-15,71.808
1981-09-16,62.252
1981-09-17,59.933
1981-09-18,48.429
1981-09-19,43.604
1981-09-20,40.914
1981-09-21,39.986
1981-09-22,36.461
1981-09-23,34.791
1981-09-24,33.213
1981-09-25,31.636
1981-09-26,30.801
1981-09-27,30.801
1981-09-28,31.636
1981-09-29,33.956
1981-09-30,42.213
1981-10-01,31.636
1981-10-02,28.946
1981-10-03,27.369
1981-10-04,26.348
1981-10-05,25.328
1981-10-06,24.956
1981-10-07,23.936
1981-10-08,23.565
1981-10-09,21.060
1981-10-10,23.287
1981-10-11,22.266
1981-10-12,21.338
1981-10-13,20.132
1981-10-14,19.483
1981-10-15,18.369
1981-10-16,17.720
1981-10-17,17.442
1981-10-18,17.442
1981-10-19,16.885
1981-10-20,16.885
1981-10-21,16.885
1981-10-22,16.328
1981-10-23,16.607
1981-10-24,16.143
1981-10-25,15.586
1981-10-26,15.586
1981-10-27,15.030
1981-10-28,14.287
1981-10-29,14.009
1981-10-30,13.823
1981-10-31,13.545
1981-11-01,14.151
1981-11-02,14.151
1981-11-03,14.151
1981-11-04,13.953
1981-11-05,13.953
1981-11-06,13.459
1981-11-07,13.162
1981-11-08,12.964
1981-11-09,12.667
1981-11-10,12.172
1981-11-11,11.974
1981-11-12,11.776
1981-11-13,11.776
1981-11-14,11.479
1981-11-15,11.479
1981-11-16,11.281
1981-11-17,10.787
1981-11-18,10.391
1981-11-19,10.193
1981-11-20,9.995
1981-11-21,9.748
1981-11-22,9.540
1981-11-23,9.332
1981-11-24,9.332
1981-11-25,9.124
1981-11-26,9.124
1981-11-27,8.916
1981-11-28,8.916
1981-11-29,8.530
1981-11-30,8.530
1981-12-01,10.218
1981-12-02,10.440
1981-12-03,10.218
1981-12-04,9.995
1981-12-05,9.995
1981-12-06,9.772
1981-12-07,9.550
1981-12-08,9.550
1981-12-09,9.327
1981-12-10,9.327
1981-12-11,9.104
1981-12-12,9.104
1981-12-13,8.882
1981-12-14,8.882
1981-12-15,8.659
1981-12-16,8.659
1981-12-17,8.449
1981-12-18,8.449
1981-12-19,8.449
1981-12-20,8.238
1981-12-21,8.238
1981-12-22,8.238
1981-12-23,8.028
1981-12-24,8.028
1981-12-25,7.818
1981-12-26,7.818
1981-12-27,7.608
1981-12-28,7.608
1981-12-29,7.608
1981-12-30,7.397
1981-12-31,7.397
1982-01-01,7.397
1982-01-02,7.187
1982-01-03,7.187
1982-01-04,7.187
1982-01-05,6.977
1982-01-06,6.977
1982-01-07,6.977
1982-01-08,6.766
1982-01-09,6.766
1982-01-10,6.556
1982-01-11,6.556
1982-01-12,6.556
1982-01-13,6.395
1982-01-14,6.234
1982-01-15,6.234
1982-01-16,6.234
1982-01-17,6.234
1982-01-18,6.074
1982-01-19,6.234
1982-01-20,6.074
1982-01-21,6.074
1982-01-22,5.913
1982-01-23,6.074
1982-01-24,5.913
1982-01-25,5.913
1982-01-26,5.913
1982-01-27,5.752
1982-01-28,5.752
1982-01-29,5.591
1982-01-30,5.591
1982-01-31,5.430
1982-02-01,5.430
1982-02-02,5.430
1982-02-03,5.430
1982-02-04,5.430
1982-02-05,5.270
1982-02-06,6.556
1982-02-07,5.913
1982-02-08,5.913
1982-02-09,6.234
1982-02-10,6.234
1982-02-11,6.074
1982-02-12,5.913
1982-02-13,5.913
1982-02-14,5.752
1982-02-15,5.752
1982-02-16,5.591
1982-02-17,6.074
1982-02-18,5.752
1982-02-19,5.591
1982-02-20,5.430
1982-02-21,5.270
1982-02-22,5.270
1982-02-23,5.109
1982-02-24,4.948
1982-02-25,4.948
1982-02-26,4.948
1982-02-27,5.109
1982-02-28,4.948
1982-03-01,5.109
1982-03-02,5.591
1982-03-03,5.430
1982-03-04,5.270
1982-03-05,5.109
1982-03-06,5.270
1982-03-07,5.913
1982-03-08,5.591
1982-03-09,5.270
1982-03-10,5.109
1982-03-11,4.948
1982-03-12,4.948
1982-03-13,4.651
1982-03-14,4.651
1982-03-15,4.800
1982-03-16,4.948
1982-03-17,5.109
1982-03-18,5.591
1982-03-19,5.430
1982-03-20,5.913
1982-03-21,5.913
1982-03-22,5.752
1982-03-23,5.752
1982-03-24,6.766
1982-03-25,6.074
1982-03-26,5.430
1982-03-27,5.913
1982-03-28,5.270
1982-03-29,5.270
1982-03-30,5.430
1982-03-31,7.608
1982-04-01,9.995
1982-04-02,9.104
1982-04-03,9.550
1982-04-04,8.449
1982-04-05,10.663
1982-04-06,12.741
1982-04-07,10.218
1982-04-08,9.104
1982-04-09,7.608
1982-04-10,8.028
1982-04-11,6.977
1982-04-12,6.234
1982-04-13,8.238
1982-04-14,9.772
1982-04-15,9.104
1982-04-16,9.550
1982-04-17,11.665
1982-04-18,14.349
1982-04-19,11.405
1982-04-20,9.995
1982-04-21,10.218
1982-04-22,8.449
1982-04-23,12.184
1982-04-24,19.297
1982-04-25,12.741
1982-04-26,12.989
1982-04-27,10.886
1982-04-28,14.349
1982-04-29,10.218
1982-04-30,9.104
1982-05-01,6.759
1982-05-02,7.283
1982-05-03,13.459
1982-05-04,15.240
1982-05-05,13.953
1982-05-06,10.589
1982-05-07,11.281
1982-05-08,17.219
1982-05-09,10.985
1982-05-10,14.448
1982-05-11,13.656
1982-05-12,11.974
1982-05-13,11.281
1982-05-14,14.448
1982-05-15,12.667
1982-05-16,9.540
1982-05-17,11.479
1982-05-18,9.748
1982-05-19,8.530
1982-05-20,7.996
1982-05-21,8.916
1982-05-22,10.193
1982-05-23,8.352
1982-05-24,8.352
1982-05-25,8.352
1982-05-26,8.174
1982-05-27,10.391
1982-05-28,17.219
1982-05-29,16.922
1982-05-30,23.157
1982-05-31,15.438
1982-06-01,16.607
1982-06-02,15.586
1982-06-03,14.473
1982-06-04,14.287
1982-06-05,17.442
1982-06-06,16.328
1982-06-07,15.586
1982-06-08,17.163
1982-06-09,31.172
1982-06-10,24.585
1982-06-11,34.420
1982-06-12,27.369
1982-06-13,22.637
1982-06-14,28.482
1982-06-15,24.956
1982-06-16,36.461
1982-06-17,24.956
1982-06-18,41.749
1982-06-19,42.213
1982-06-20,47.965
1982-06-21,56.686
1982-06-22,46.480
1982-06-23,46.016
1982-06-24,52.047
1982-06-25,48.429
1982-06-26,46.016
1982-06-27,36.461
1982-06-28,36.461
1982-06-29,38.223
1982-06-30,41.749
1982-07-01,36.461
1982-07-02,51.026
1982-07-03,58.263
1982-07-04,67.540
1982-07-05,96.022
1982-07-06,74.313
1982-07-07,56.129
1982-07-08,56.686
1982-07-09,64.571
1982-07-10,53.067
1982-07-11,51.026
1982-07-12,59.376
1982-07-13,68.097
1982-07-14,95.280
1982-07-15,66.984
1982-07-16,54.552
1982-07-17,63.458
1982-07-18,71.158
1982-07-19,123.205
1982-07-20,106.506
1982-07-21,72.365
1982-07-22,69.952
1982-07-23,107.341
1982-07-24,105.671
1982-07-25,83.405
1982-07-26,97.414
1982-07-27,83.405
1982-07-28,82.106
1982-07-29,78.117
1982-07-30,68.097
1982-07-31,60.582
1982-08-01,59.933
1982-08-02,52.511
1982-08-03,51.490
1982-08-04,54.088
1982-08-05,59.376
1982-08-06,49.449
1982-08-07,46.016
1982-08-08,56.686
1982-08-09,64.571
1982-08-10,50.470
1982-08-11,46.016
1982-08-12,51.026
1982-08-13,44.532
1982-08-14,52.511
1982-08-15,50.006
1982-08-16,46.016
1982-08-17,47.501
1982-08-18,53.531
1982-08-19,49.449
1982-08-20,47.965
1982-08-21,46.944
1982-08-22,46.944
1982-08-23,47.965
1982-08-24,52.047
1982-08-25,52.047
1982-08-26,59.376
1982-08-27,64.571
1982-08-28,82.755
1982-08-29,61.139
1982-08-30,54.552
1982-08-31,52.511
1982-09-01,43.604
1982-09-02,39.522
1982-09-03,37.388
1982-09-04,46.480
1982-09-05,36.461
1982-09-06,59.376
1982-09-07,40.914
1982-09-08,37.759
1982-09-09,37.759
1982-09-10,33.956
1982-09-11,34.420
1982-09-12,36.089
1982-09-13,34.791
1982-09-14,37.388
1982-09-15,38.594
1982-09-16,39.986
1982-09-17,39.058
1982-09-18,41.749
1982-09-19,37.388
1982-09-20,40.914
1982-09-21,37.388
1982-09-22,32.750
1982-09-23,32.007
1982-09-24,29.688
1982-09-25,29.688
1982-09-26,26.998
1982-09-27,24.585
1982-09-28,23.287
1982-09-29,22.915
1982-09-30,22.637
1982-10-01,21.338
1982-10-02,21.338
1982-10-03,20.132
1982-10-04,19.483
1982-10-05,19.204
1982-10-06,18.926
1982-10-07,18.369
1982-10-08,17.720
1982-10-09,16.885
1982-10-10,17.163
1982-10-11,16.328
1982-10-12,16.607
1982-10-13,15.308
1982-10-14,15.030
1982-10-15,14.287
1982-10-16,15.586
1982-10-17,15.308
1982-10-18,13.267
1982-10-19,13.267
1982-10-20,13.081
1982-10-21,12.339
1982-10-22,12.617
1982-10-23,22.266
1982-10-24,19.204
1982-10-25,15.308
1982-10-26,14.009
1982-10-27,13.545
1982-10-28,12.803
1982-10-29,12.339
1982-10-30,11.875
1982-10-31,11.875
1982-11-01,12.172
1982-11-02,11.974
1982-11-03,11.776
1982-11-04,11.281
1982-11-05,11.479
1982-11-06,11.974
1982-11-07,11.974
1982-11-08,12.172
1982-11-09,11.281
1982-11-10,13.953
1982-11-11,12.172
1982-11-12,11.776
1982-11-13,12.964
1982-11-14,11.776
1982-11-15,10.589
1982-11-16,10.787
1982-11-17,10.589
1982-11-18,10.391
1982-11-19,9.995
1982-11-20,9.995
1982-11-21,9.995
1982-11-22,9.748
1982-11-23,9.540
1982-11-24,9.332
1982-11-25,9.332
1982-11-26,9.124
1982-11-27,9.124
1982-11-28,8.916
1982-11-29,8.708
1982-11-30,8.530
1982-12-01,10.440
1982-12-02,10.440
1982-12-03,10.218
1982-12-04,9.995
1982-12-05,9.995
1982-12-06,9.772
1982-12-07,9.772
1982-12-08,9.550
1982-12-09,9.550
1982-12-10,9.327
1982-12-11,9.104
1982-12-12,8.882
1982-12-13,8.882
1982-12-14,8.882
1982-12-15,8.659
1982-12-16,8.659
1982-12-17,8.449
1982-12-18,8.449
1982-12-19,8.238
1982-12-20,8.028
1982-12-21,8.028
1982-12-22,8.028
1982-12-23,7.608
1982-12-24,7.818
1982-12-25,7.818
1982-12-26,7.818
1982-12-27,7.608
1982-12-28,7.397
1982-12-29,7.187
1982-12-30,7.187
1982-12-31,6.977
1983-01-01,7.187
1983-01-02,7.187
1983-01-03,7.397
1983-01-04,7.397
1983-01-05,7.187
1983-01-06,6.766
1983-01-07,6.556
1983-01-08,6.556
1983-01-09,6.556
1983-01-10,6.234
1983-01-11,6.234
1983-01-12,6.234
1983-01-13,6.395
1983-01-14,6.234
1983-01-15,6.234
1983-01-16,6.074
1983-01-17,6.074
1983-01-18,5.913
1983-01-19,5.913
1983-01-20,5.752
1983-01-21,5.913
1983-01-22,5.752
1983-01-23,5.430
1983-01-24,5.591
1983-01-25,5.430
1983-01-26,5.752
1983-01-27,5.591
1983-01-28,5.591
1983-01-29,6.395
1983-01-30,5.913
1983-01-31,5.591
1983-02-01,5.591
1983-02-02,5.430
1983-02-03,5.270
1983-02-04,5.270
1983-02-05,5.270
1983-02-06,5.270
1983-02-07,5.109
1983-02-08,5.109
1983-02-09,5.109
1983-02-10,4.948
1983-02-11,4.948
1983-02-12,4.948
1983-02-13,4.651
1983-02-14,4.800
1983-02-15,4.800
1983-02-16,4.651
1983-02-17,4.651
1983-02-18,4.503
1983-02-19,4.651
1983-02-20,4.503
1983-02-21,4.503
1983-02-22,4.503
1983-02-23,4.948
1983-02-24,4.800
1983-02-25,4.651
1983-02-26,4.651
1983-02-27,5.109
1983-02-28,5.270
1983-03-01,4.948
1983-03-02,4.948
1983-03-03,4.800
1983-03-04,4.948
1983-03-05,4.948
1983-03-06,4.948
1983-03-07,4.800
1983-03-08,4.948
1983-03-09,4.948
1983-03-10,5.430
1983-03-11,5.591
1983-03-12,5.913
1983-03-13,6.074
1983-03-14,5.752
1983-03-15,5.430
1983-03-16,5.109
1983-03-17,5.109
1983-03-18,5.109
1983-03-19,5.591
1983-03-20,6.234
1983-03-21,6.556
1983-03-22,5.752
1983-03-23,5.270
1983-03-24,4.948
1983-03-25,4.651
1983-03-26,4.651
1983-03-27,4.800
1983-03-28,4.948
1983-03-29,5.109
1983-03-30,5.109
1983-03-31,5.430
1983-04-01,5.591
1983-04-02,6.556
1983-04-03,6.766
1983-04-04,6.234
1983-04-05,5.752
1983-04-06,5.591
1983-04-07,5.913
1983-04-08,5.591
1983-04-09,5.430
1983-04-10,5.109
1983-04-11,5.109
1983-04-12,6.074
1983-04-13,5.270
1983-04-14,7.397
1983-04-15,5.270
1983-04-16,5.270
1983-04-17,5.109
1983-04-18,4.948
1983-04-19,6.234
1983-04-20,5.752
1983-04-21,5.270
1983-04-22,5.270
1983-04-23,6.234
1983-04-24,8.238
1983-04-25,6.234
1983-04-26,7.187
1983-04-27,7.608
1983-04-28,7.608
1983-04-29,20.782
1983-04-30,16.452
1983-05-01,12.667
1983-05-02,8.708
1983-05-03,8.530
1983-05-04,9.748
1983-05-05,10.589
1983-05-06,19.594
1983-05-07,21.771
1983-05-08,14.943
1983-05-09,11.281
1983-05-10,9.995
1983-05-11,12.667
1983-05-12,11.776
1983-05-13,18.604
1983-05-14,12.667
1983-05-15,15.240
1983-05-16,14.151
1983-05-17,11.974
1983-05-18,13.953
1983-05-19,12.469
1983-05-20,14.448
1983-05-21,12.964
1983-05-22,17.714
1983-05-23,11.776
1983-05-24,12.469
1983-05-25,12.469
1983-05-26,11.281
1983-05-27,11.479
1983-05-28,13.459
1983-05-29,12.469
1983-05-30,14.448
1983-05-31,16.328
1983-06-01,15.308
1983-06-02,20.411
1983-06-03,19.483
1983-06-04,32.378
1983-06-05,36.461
1983-06-06,31.636
1983-06-07,35.255
1983-06-08,27.369
1983-06-09,23.287
1983-06-10,21.338
1983-06-11,18.926
1983-06-12,16.885
1983-06-13,15.308
1983-06-14,17.442
1983-06-15,17.720
1983-06-16,16.885
1983-06-17,18.926
1983-06-18,36.461
1983-06-19,30.801
1983-06-20,42.677
1983-06-21,40.914
1983-06-22,51.490
1983-06-23,53.067
1983-06-24,61.695
1983-06-25,35.255
1983-06-26,29.688
1983-06-27,33.956
1983-06-28,42.677
1983-06-29,51.026
1983-06-30,40.450
1983-07-01,33.213
1983-07-02,68.746
1983-07-03,72.365
1983-07-04,132.668
1983-07-05,73.663
1983-07-06,95.280
1983-07-07,62.809
1983-07-08,66.334
1983-07-09,58.819
1983-07-10,47.501
1983-07-11,41.378
1983-07-12,39.986
1983-07-13,76.168
1983-07-14,66.984
1983-07-15,144.729
1983-07-16,101.867
1983-07-17,78.766
1983-07-18,58.819
1983-07-19,59.376
1983-07-20,70.509
1983-07-21,56.129
1983-07-22,67.540
1983-07-23,53.531
1983-07-24,115.690
1983-07-25,56.129
1983-07-26,78.766
1983-07-27,68.746
1983-07-28,92.404
1983-07-29,69.303
1983-07-30,69.952
1983-07-31,62.252
1983-08-01,54.552
1983-08-02,51.026
1983-08-03,51.026
1983-08-04,55.665
1983-08-05,55.108
1983-08-06,53.067
1983-08-07,47.501
1983-08-08,44.532
1983-08-09,50.470
1983-08-10,55.665
1983-08-11,59.933
1983-08-12,59.933
1983-08-13,56.129
1983-08-14,56.686
1983-08-15,55.108
1983-08-16,65.777
1983-08-17,62.252
1983-08-18,69.952
1983-08-19,54.552
1983-08-20,52.047
1983-08-21,50.470
1983-08-22,55.665
1983-08-23,59.933
1983-08-24,57.242
1983-08-25,59.376
1983-08-26,57.799
1983-08-27,51.490
1983-08-28,61.139
1983-08-29,71.158
1983-08-30,81.456
1983-08-31,62.809
1983-09-01,58.263
1983-09-02,54.552
1983-09-03,71.158
1983-09-04,70.509
1983-09-05,65.777
1983-09-06,57.242
1983-09-07,56.686
1983-09-08,58.819
1983-09-09,63.458
1983-09-10,75.519
1983-09-11,71.158
1983-09-12,71.158
1983-09-13,65.777
1983-09-14,91.012
1983-09-15,87.487
1983-09-16,67.540
1983-09-17,80.807
1983-09-18,69.952
1983-09-19,61.695
1983-09-20,58.263
1983-09-21,57.799
1983-09-22,80.807
1983-09-23,65.128
1983-09-24,70.509
1983-09-25,65.777
1983-09-26,66.334
1983-09-27,55.108
1983-09-28,48.892
1983-09-29,44.532
1983-09-30,40.914
1983-10-01,40.914
1983-10-02,37.388
1983-10-03,49.449
1983-10-04,39.522
1983-10-05,34.791
1983-10-06,32.007
1983-10-07,30.801
1983-10-08,30.059
1983-10-09,29.317
1983-10-10,28.482
1983-10-11,28.482
1983-10-12,35.626
1983-10-13,32.750
1983-10-14,28.946
1983-10-15,25.606
1983-10-16,24.956
1983-10-17,24.585
1983-10-18,22.915
1983-10-19,21.988
1983-10-20,21.709
1983-10-21,20.411
1983-10-22,19.483
1983-10-23,19.204
1983-10-24,21.060
1983-10-25,19.483
1983-10-26,18.369
1983-10-27,17.442
1983-10-28,16.885
1983-10-29,16.143
1983-10-30,15.865
1983-10-31,15.586
1983-11-01,15.735
1983-11-02,15.438
1983-11-03,15.438
1983-11-04,15.240
1983-11-05,14.943
1983-11-06,14.943
1983-11-07,14.151
1983-11-08,13.656
1983-11-09,13.656
1983-11-10,13.459
1983-11-11,13.162
1983-11-12,13.162
1983-11-13,12.667
1983-11-14,12.469
1983-11-15,12.172
1983-11-16,12.172
1983-11-17,11.974
1983-11-18,11.974
1983-11-19,11.776
1983-11-20,11.479
1983-11-21,11.281
1983-11-22,10.985
1983-11-23,10.787
1983-11-24,10.589
1983-11-25,10.391
1983-11-26,9.995
1983-11-27,9.995
1983-11-28,9.748
1983-11-29,9.540
1983-11-30,9.332
1983-12-01,11.665
1983-12-02,11.405
1983-12-03,11.145
1983-12-04,10.886
1983-12-05,10.663
1983-12-06,10.440
1983-12-07,10.440
1983-12-08,10.218
1983-12-09,9.995
1983-12-10,9.995
1983-12-11,9.772
1983-12-12,9.772
1983-12-13,9.550
1983-12-14,9.550
1983-12-15,9.327
1983-12-16,9.327
1983-12-17,9.104
1983-12-18,8.882
1983-12-19,8.659
1983-12-20,8.882
1983-12-21,8.659
1983-12-22,8.659
1983-12-23,8.449
1983-12-24,8.449
1983-12-25,8.238
1983-12-26,8.659
1983-12-27,9.772
1983-12-28,8.659
1983-12-29,8.449
1983-12-30,8.449
1983-12-31,8.238
1984-01-01,8.238
1984-01-02,8.028
1984-01-03,7.818
1984-01-04,7.608
1984-01-05,7.608
1984-01-06,7.397
1984-01-07,7.397
1984-01-08,6.977
1984-01-09,7.187
1984-01-10,7.187
1984-01-11,6.977
1984-01-12,6.766
1984-01-13,6.766
1984-01-14,6.766
1984-01-15,6.556
1984-01-16,6.766
1984-01-17,7.608
1984-01-18,7.397
1984-01-19,6.977
1984-01-20,6.977
1984-01-21,6.766
1984-01-22,6.766
1984-01-23,6.766
1984-01-24,6.556
1984-01-25,6.556
1984-01-26,6.395
1984-01-27,6.395
1984-01-28,6.234
1984-01-29,6.074
1984-01-30,6.074
1984-01-31,5.913
1984-02-01,5.913
1984-02-02,5.913
1984-02-03,5.752
1984-02-04,5.752
1984-02-05,5.591
1984-02-06,5.591
1984-02-07,5.591
1984-02-08,5.430
1984-02-09,5.591
1984-02-10,5.591
1984-02-11,5.430
1984-02-12,5.591
1984-02-13,5.270
1984-02-14,5.270
1984-02-15,5.270
1984-02-16,5.109
1984-02-17,5.109
1984-02-18,4.948
1984-02-19,4.948
1984-02-20,5.752
1984-02-21,6.074
1984-02-22,5.430
1984-02-23,5.109
1984-02-24,4.948
1984-02-25,4.948
1984-02-26,5.270
1984-02-27,4.800
1984-02-28,4.800
1984-02-29,4.800
1984-03-01,4.651
1984-03-02,4.651
1984-03-03,4.651
1984-03-04,4.651
1984-03-05,4.651
1984-03-06,4.651
1984-03-07,4.503
1984-03-08,4.503
1984-03-09,4.503
1984-03-10,4.503
1984-03-11,4.503
1984-03-12,4.354
1984-03-13,4.354
1984-03-14,4.354
1984-03-15,4.354
1984-03-16,4.354
1984-03-17,4.206
1984-03-18,4.206
1984-03-19,4.206
1984-03-20,4.206
1984-03-21,3.909
1984-03-22,3.760
1984-03-23,3.760
1984-03-24,3.760
1984-03-25,3.909
1984-03-26,3.909
1984-03-27,5.109
1984-03-28,4.503
1984-03-29,4.057
1984-03-30,4.206
1984-03-31,4.354
1984-04-01,5.430
1984-04-02,6.766
1984-04-03,5.752
1984-04-04,5.430
1984-04-05,4.651
1984-04-06,4.057
1984-04-07,3.909
1984-04-08,3.909
1984-04-09,3.612
1984-04-10,4.651
1984-04-11,5.752
1984-04-12,4.503
1984-04-13,4.206
1984-04-14,3.909
1984-04-15,3.909
1984-04-16,4.057
1984-04-17,8.238
1984-04-18,9.995
1984-04-19,9.327
1984-04-20,6.395
1984-04-21,6.556
1984-04-22,6.395
1984-04-23,5.591
1984-04-24,5.913
1984-04-25,5.752
1984-04-26,8.449
1984-04-27,7.187
1984-04-28,8.028
1984-04-29,7.187
1984-04-30,9.772
1984-05-01,7.640
1984-05-02,6.423
1984-05-03,5.581
1984-05-04,12.172
1984-05-05,18.604
1984-05-06,9.995
1984-05-07,17.417
1984-05-08,17.219
1984-05-09,26.224
1984-05-10,12.964
1984-05-11,9.995
1984-05-12,9.995
1984-05-13,15.438
1984-05-14,13.162
1984-05-15,17.417
1984-05-16,22.761
1984-05-17,20.485
1984-05-18,16.625
1984-05-19,17.219
1984-05-20,14.151
1984-05-21,10.589
1984-05-22,19.198
1984-05-23,21.474
1984-05-24,16.625
1984-05-25,18.011
1984-05-26,21.177
1984-05-27,18.901
1984-05-28,20.188
1984-05-29,24.146
1984-05-30,23.454
1984-05-31,22.068
1984-06-01,18.926
1984-06-02,16.143
1984-06-03,15.586
1984-06-04,17.998
1984-06-05,21.709
1984-06-06,19.483
1984-06-07,22.637
1984-06-08,29.317
1984-06-09,25.328
1984-06-10,36.924
1984-06-11,27.740
1984-06-12,27.369
1984-06-13,25.606
1984-06-14,37.759
1984-06-15,32.007
1984-06-16,30.801
1984-06-17,24.214
1984-06-18,27.369
1984-06-19,37.388
1984-06-20,33.956
1984-06-21,41.378
1984-06-22,119.03
1984-06-23,13.545
1984-06-24,19.019
1984-06-25,39.615
1984-06-26,21.245
1984-06-27,16.236
1984-06-28,14.380
1984-06-29,19.576
1984-06-30,21.245
1984-07-01,26.998
1984-07-02,21.245
1984-07-03,16.885
1984-07-04,23.379
1984-07-05,22.266
1984-07-06,27.461
1984-07-07,27.276
1984-07-08,65.685
1984-07-09,47.222
1984-07-10,32.657
1984-07-11,29.502
1984-07-12,37.203
1984-07-13,39.615
1984-07-14,33.492
1984-07-15,26.812
1984-07-16,27.276
1984-07-17,30.801
1984-07-18,34.327
1984-07-19,24.678
1984-07-20,24.029
1984-07-21,31.822
1984-07-22,23.565
1984-07-23,42.120
1984-07-24,37.203
1984-07-25,32.657
1984-07-26,57.521
1984-07-27,63.087
1984-07-28,46.851
1984-07-29,44.718
1984-07-30,47.872
1984-07-31,47.222
1984-08-01,45.460
1984-08-02,33.213
1984-08-03,28.204
1984-08-04,25.884
1984-08-05,22.452
1984-08-06,20.225
1984-08-07,17.071
1984-08-08,19.576
1984-08-09,19.204
1984-08-10,17.071
1984-08-11,18.462
1984-08-12,19.204
1984-08-13,21.617
1984-08-14,18.091
1984-08-15,19.390
1984-08-16,18.648
1984-08-17,20.596
1984-08-18,20.225
1984-08-19,20.782
1984-08-20,20.782
1984-08-21,26.534
1984-08-22,21.895
1984-08-23,35.997
1984-08-24,29.966
1984-08-25,28.760
1984-08-26,37.481
1984-08-27,32.378
1984-08-28,29.502
1984-08-29,23.565
1984-08-30,28.204
1984-08-31,31.544
1984-09-01,33.213
1984-09-02,30.801
1984-09-03,29.688
1984-09-04,29.966
1984-09-05,29.966
1984-09-06,48.243
1984-09-07,30.523
1984-09-08,29.502
1984-09-09,26.348
1984-09-10,28.946
1984-09-11,26.534
1984-09-12,37.481
1984-09-13,27.276
1984-09-14,29.688
1984-09-15,33.213
1984-09-16,43.140
1984-09-17,68.654
1984-09-18,48.985
1984-09-19,48.614
1984-09-20,34.048
1984-09-21,28.946
1984-09-22,23.565
1984-09-23,22.730
1984-09-24,20.411
1984-09-25,18.091
1984-09-26,17.256
1984-09-27,16.236
1984-09-28,15.122
1984-09-29,14.566
1984-09-30,13.731
1984-10-01,12.710
1984-10-02,12.803
1984-10-03,12.432
1984-10-04,12.154
1984-10-05,11.968
1984-10-06,11.504
1984-10-07,11.319
1984-10-08,11.040
1984-10-09,10.855
1984-10-10,10.669
1984-10-11,11.040
1984-10-12,10.298
1984-10-13,9.741
1984-10-14,9.927
1984-10-15,10.855
1984-10-16,10.391
1984-10-17,9.927
1984-10-18,9.649
1984-10-19,9.370
1984-10-20,9.370
1984-10-21,10.391
1984-10-22,9.046
1984-10-23,8.684
1984-10-24,8.563
1984-10-25,8.443
1984-10-26,8.340
1984-10-27,8.238
1984-10-28,8.034
1984-10-29,7.932
1984-10-30,7.830
1984-10-31,7.626
1984-11-01,8.026
1984-11-02,7.808
1984-11-03,7.699
1984-11-04,7.808
1984-11-05,7.699
1984-11-06,7.590
1984-11-07,7.481
1984-11-08,7.373
1984-11-09,7.155
1984-11-10,7.155
1984-11-11,7.046
1984-11-12,7.046
1984-11-13,6.937
1984-11-14,6.937
1984-11-15,6.828
1984-11-16,6.739
1984-11-17,6.650
1984-11-18,6.650
1984-11-19,6.561
1984-11-20,6.472
1984-11-21,6.383
1984-11-22,6.383
1984-11-23,6.294
1984-11-24,6.205
1984-11-25,6.116
1984-11-26,6.116
1984-11-27,6.027
1984-11-28,6.027
1984-11-29,5.938
1984-11-30,5.849
1984-12-01,7.199
1984-12-02,7.199
1984-12-03,7.088
1984-12-04,6.977
1984-12-05,6.977
1984-12-06,6.977
1984-12-07,6.865
1984-12-08,6.754
1984-12-09,6.754
1984-12-10,6.643
1984-12-11,6.754
1984-12-12,6.643
1984-12-13,6.643
1984-12-14,6.643
1984-12-15,6.531
1984-12-16,6.531
1984-12-17,6.531
1984-12-18,6.420
1984-12-19,6.420
1984-12-20,6.309
1984-12-21,6.309
1984-12-22,6.309
1984-12-23,6.222
1984-12-24,6.222
1984-12-25,6.222
1984-12-26,6.136
1984-12-27,6.136
1984-12-28,6.049
1984-12-29,5.962
1984-12-30,5.962
1984-12-31,5.789
1985-01-01,5.703
1985-01-02,5.703
1985-01-03,5.789
1985-01-04,5.789
1985-01-05,5.789
1985-01-06,5.876
1985-01-07,5.789
1985-01-08,5.789
1985-01-09,5.703
1985-01-10,5.703
1985-01-11,5.703
1985-01-12,5.616
1985-01-13,5.616
1985-01-14,5.616
1985-01-15,5.529
1985-01-16,5.529
1985-01-17,5.443
1985-01-18,5.356
1985-01-19,5.356
1985-01-20,5.356
1985-01-21,5.270
1985-01-22,5.270
1985-01-23,5.270
1985-01-24,5.270
1985-01-25,5.270
1985-01-26,5.183
1985-01-27,5.183
1985-01-28,5.183
1985-01-29,5.096
1985-01-30,5.183
1985-01-31,5.183
1985-02-01,5.183
1985-02-02,5.183
1985-02-03,5.183
1985-02-04,5.096
1985-02-05,5.096
1985-02-06,5.096
1985-02-07,5.356
1985-02-08,5.356
1985-02-09,5.356
1985-02-10,5.270
1985-02-11,5.270
1985-02-12,5.183
1985-02-13,5.096
1985-02-14,5.096
1985-02-15,5.096
1985-02-16,5.010
1985-02-17,5.010
1985-02-18,4.923
1985-02-19,4.923
1985-02-20,4.923
1985-02-21,4.923
1985-02-22,4.837
1985-02-23,4.923
1985-02-24,4.923
1985-02-25,4.923
1985-02-26,4.923
1985-02-27,4.923
1985-02-28,4.923
1985-03-01,4.923
1985-03-02,5.010
1985-03-03,4.923
1985-03-04,5.096
1985-03-05,5.096
1985-03-06,5.096
1985-03-07,5.183
1985-03-08,5.183
1985-03-09,5.270
1985-03-10,5.096
1985-03-11,5.096
1985-03-12,5.096
1985-03-13,5.096
1985-03-14,5.010
1985-03-15,5.010
1985-03-16,4.923
1985-03-17,4.923
1985-03-18,4.663
1985-03-19,4.577
1985-03-20,4.490
1985-03-21,4.490
1985-03-22,4.404
1985-03-23,4.490
1985-03-24,4.577
1985-03-25,4.663
1985-03-26,5.010
1985-03-27,5.356
1985-03-28,6.754
1985-03-29,8.671
1985-03-30,5.876
1985-03-31,5.529
1985-04-01,5.270
1985-04-02,4.837
1985-04-03,4.663
1985-04-04,4.923
1985-04-05,4.663
1985-04-06,4.577
1985-04-07,4.490
1985-04-08,4.923
1985-04-09,4.663
1985-04-10,5.876
1985-04-11,5.356
1985-04-12,5.183
1985-04-13,5.096
1985-04-14,5.096
1985-04-15,5.183
1985-04-16,5.010
1985-04-17,4.923
1985-04-18,4.837
1985-04-19,5.876
1985-04-20,5.529
1985-04-21,5.356
1985-04-22,5.616
1985-04-23,10.44
1985-04-24,6.531
1985-04-25,6.309
1985-04-26,5.789
1985-04-27,5.789
1985-04-28,5.703
1985-04-29,6.420
1985-04-30,6.643
1985-05-01,5.314
1985-05-02,5.314
1985-05-03,7.046
1985-05-04,5.403
1985-05-05,5.759
1985-05-06,5.314
1985-05-07,5.581
1985-05-08,5.047
1985-05-09,5.047
1985-05-10,5.225
1985-05-11,4.978
1985-05-12,6.739
1985-05-13,6.650
1985-05-14,6.294
1985-05-15,6.205
1985-05-16,5.759
1985-05-17,5.492
1985-05-18,5.403
1985-05-19,7.046
1985-05-20,5.849
1985-05-21,9.263
1985-05-22,7.590
1985-05-23,7.373
1985-05-24,6.383
1985-05-25,6.472
1985-05-26,9.134
1985-05-27,10.688
1985-05-28,10.688
1985-05-29,15.141
1985-05-30,10.985
1985-05-31,
1985-06-01,12.803
1985-06-02,25.884
1985-06-03,21.895
1985-06-04,13.731
1985-06-05,11.597
1985-06-06,10.391
1985-06-07,9.649
1985-06-08,9.741
1985-06-09,20.225
1985-06-10,15.030
1985-06-11,10.669
1985-06-12,10.020
1985-06-13,9.927
1985-06-14,15.679
1985-06-15,14.009
1985-06-16,15.030
1985-06-17,24.029
1985-06-18,31.358
1985-06-19,17.813
1985-06-20,16.236
1985-06-21,16.514
1985-06-22,25.884
1985-06-23,24.678
1985-06-24,20.596
1985-06-25,18.277
1985-06-26,17.813
1985-06-27,28.204
1985-06-28,22.915
1985-06-29,29.688
1985-06-30,18.462
1985-07-01,25.606
1985-07-02,20.967
1985-07-03,20.039
1985-07-04,31.822
1985-07-05,27.461
1985-07-06,23.843
1985-07-07,24.214
1985-07-08,24.956
1985-07-09,28.204
1985-07-10,26.812
1985-07-11,26.534
1985-07-12,40.821
1985-07-13,53.438
1985-07-14,57.149
1985-07-15,62.716
1985-07-16,48.614
1985-07-17,57.521
1985-07-18,43.140
1985-07-19,38.966
1985-07-20,46.480
1985-07-21,54.552
1985-07-22,45.738
1985-07-23,57.149
1985-07-24,59.747
1985-07-25,56.407
1985-07-26,50.099
1985-07-27,68.282
1985-07-28,107.06
1985-07-29,59.005
1985-07-30,40.543
1985-07-31,115.690
1985-08-01,28.760
1985-08-02,33.492
1985-08-03,27.461
1985-08-04,27.276
1985-08-05,24.956
1985-08-06,25.606
1985-08-07,22.452
1985-08-08,22.080
1985-08-09,21.895
1985-08-10,21.895
1985-08-11,25.420
1985-08-12,37.481
1985-08-13,25.606
1985-08-14,36.924
1985-08-15,34.327
1985-08-16,37.759
1985-08-17,26.998
1985-08-18,40.172
1985-08-19,60.860
1985-08-20,36.924
1985-08-21,85.446
1985-08-22,90.270
1985-08-23,77.467
1985-08-24,136.379
1985-08-25,204.291
1985-08-26,128.215
1985-08-27,96.672
1985-08-28,99.640
1985-08-29,90.270
1985-08-30,112.351
1985-08-31,
1985-09-01,177.107
1985-09-02,129.885
1985-09-03,159.759
1985-09-04,163.841
1985-09-05,152.151
1985-09-06,127.380
1985-09-07,101.867
1985-09-08,86.837
1985-09-09,80.158
1985-09-10,71.808
1985-09-11,71.158
1985-09-12,74.962
1985-09-13,67.540
1985-09-14,95.280
1985-09-15,80.158
1985-09-16,138.235
1985-09-17,73.014
1985-09-18,71.158
1985-09-19,68.746
1985-09-20,62.252
1985-09-21,59.933
1985-09-22,56.686
1985-09-23,63.458
1985-09-24,58.819
1985-09-25,67.540
1985-09-26,66.334
1985-09-27,62.252
1985-09-28,57.799
1985-09-29,57.799
1985-09-30,57.242
1985-10-01,55.108
1985-10-02,45.553
1985-10-03,41.378
1985-10-04,41.378
1985-10-05,37.759
1985-10-06,35.255
1985-10-07,34.420
1985-10-08,33.213
1985-10-09,32.750
1985-10-10,32.750
1985-10-11,32.007
1985-10-12,29.688
1985-10-13,28.111
1985-10-14,26.998
1985-10-15,26.998
1985-10-16,26.998
1985-10-17,35.626
1985-10-18,188.333
1985-10-19,66.334
1985-10-20,51.026
1985-10-21,39.522
1985-10-22,32.750
1985-10-23,32.378
1985-10-24,31.636
1985-10-25,28.111
1985-10-26,28.111
1985-10-27,26.998
1985-10-28,25.977
1985-10-29,24.956
1985-10-30,24.214
1985-10-31,
1985-11-01,25.136
1985-11-02,25.532
1985-11-03,25.136
1985-11-04,24.839
1985-11-05,22.761
1985-11-06,22.068
1985-11-07,21.474
1985-11-08,20.782
1985-11-09,20.188
1985-11-10,20.485
1985-11-11,20.188
1985-11-12,21.177
1985-11-13,22.068
1985-11-14,19.891
1985-11-15,19.594
1985-11-16,18.604
1985-11-17,18.308
1985-11-18,18.011
1985-11-19,17.714
1985-11-20,17.417
1985-11-21,17.417
1985-11-22,17.219
1985-11-23,16.625
1985-11-24,16.328
1985-11-25,16.032
1985-11-26,15.735
1985-11-27,15.438
1985-11-28,14.943
1985-11-29,14.745
1985-11-30,14.448
1985-12-01,18.060
1985-12-02,17.689
1985-12-03,17.689
1985-12-04,17.071
1985-12-05,17.071
1985-12-06,16.823
1985-12-07,16.452
1985-12-08,16.205
1985-12-09,15.834
1985-12-10,15.586
1985-12-11,15.586
1985-12-12,15.215
1985-12-13,15.215
1985-12-14,14.968
1985-12-15,14.968
1985-12-16,14.720
1985-12-17,14.720
1985-12-18,14.349
1985-12-19,14.102
1985-12-20,14.102
1985-12-21,13.731
1985-12-22,13.483
1985-12-23,13.236
1985-12-24,12.989
1985-12-25,12.989
1985-12-26,12.741
1985-12-27,12.989
1985-12-28,15.586
1985-12-29,14.968
1985-12-30,14.968
1985-12-31,Table
1987-01-01,11.405
1987-01-02,11.145
1987-01-03,11.145
1987-01-04,11.145
1987-01-05,11.145
1987-01-06,10.886
1987-01-07,10.886
1987-01-08,10.440
1987-01-09,10.218
1987-01-10,10.218
1987-01-11,9.995
1987-01-12,9.995
1987-01-13,9.921
1987-01-14,9.772
1987-01-15,9.772
1987-01-16,9.624
1987-01-17,9.550
1987-01-18,9.550
1987-01-19,9.550
1987-01-20,9.327
1987-01-21,9.327
1987-01-22,9.327
1987-01-23,9.253
1987-01-24,9.030
1987-01-25,8.659
1987-01-26,8.659
1987-01-27,8.449
1987-01-28,8.449
1987-01-29,8.449
1987-01-30,8.449
1987-01-31,8.449
1987-02-01,8.238
1987-02-02,8.238
1987-02-03,8.238
1987-02-04,8.238
1987-02-05,8.585
1987-02-06,8.238
1987-02-07,8.238
1987-02-08,8.238
1987-02-09,8.238
1987-02-10,8.164
1987-02-11,8.028
1987-02-12,8.028
1987-02-13,7.818
1987-02-14,7.818
1987-02-15,7.892
1987-02-16,7.892
1987-02-17,7.818
1987-02-18,7.818
1987-02-19,7.818
1987-02-20,7.818
1987-02-21,7.608
1987-02-22,7.608
1987-02-23,7.397
1987-02-24,7.323
1987-02-25,7.187
1987-02-26,7.187
1987-02-27,7.113
1987-02-28,9.030
1987-03-01,7.954
1987-03-02,8.028
1987-03-03,7.954
1987-03-04,7.608
1987-03-05,7.682
1987-03-06,7.608
1987-03-07,7.397
1987-03-08,7.397
1987-03-09,7.533
1987-03-10,8.807
1987-03-11,8.449
1987-03-12,8.585
1987-03-13,8.733
1987-03-14,8.238
1987-03-15,8.882
1987-03-16,8.523
1987-03-17,8.313
1987-03-18,8.238
1987-03-19,9.030
1987-03-20,8.523
1987-03-21,14.102
1987-03-22,10.143
1987-03-23,9.253
1987-03-24,8.585
1987-03-25,8.523
1987-03-26,9.030
1987-03-27,18.679
1987-03-28,12.011
1987-03-29,9.772
1987-03-30,8.807
1987-03-31,12.494
1987-04-01,16.823
1987-04-02,19.792
1987-04-03,11.319
1987-04-04,13.112
1987-04-05,12.011
1987-04-06,11.232
1987-04-07,10.811
1987-04-08,10.515
1987-04-09,21.029
1987-04-10,14.226
1987-04-11,14.226
1987-04-12,13.112
1987-04-13,11.492
1987-04-14,10.515
1987-04-15,9.921
1987-04-16,9.401
1987-04-17,9.030
1987-04-18,9.624
1987-04-19,15.957
1987-04-20,10.440
1987-04-21,10.589
1987-04-22,12.271
1987-04-23,17.689
1987-04-24,13.112
1987-04-25,13.360
1987-04-26,16.823
1987-04-27,18.431
1987-04-28,12.989
1987-04-29,12.098
1987-04-30,13.978
1987-05-01,12.865
1987-05-02,13.459
1987-05-03,15.636
1987-05-04,20.485
1987-05-05,14.052
1987-05-06,11.776
1987-05-07,10.292
1987-05-08,10.292
1987-05-09,16.328
1987-05-10,18.011
1987-05-11,15.735
1987-05-12,12.865
1987-05-13,12.568
1987-05-14,11.677
1987-05-15,12.568
1987-05-16,12.469
1987-05-17,12.964
1987-05-18,13.459
1987-05-19,12.766
1987-05-20,11.281
1987-05-21,11.578
1987-05-22,13.261
1987-05-23,15.339
1987-05-24,13.261
1987-05-25,14.745
1987-05-26,14.646
1987-05-27,13.558
1987-05-28,13.063
1987-05-29,13.854
1987-05-30,14.151
1987-05-31,19.891
1987-06-01,18.741
1987-06-02,19.761
1987-06-03,18.184
1987-06-04,17.720
1987-06-05,30.245
1987-06-06,24.956
1987-06-07,35.718
1987-06-08,25.977
1987-06-09,26.070
1987-06-10,32.007
1987-06-11,24.585
1987-06-12,49.264
1987-06-13,29.781
1987-06-14,29.781
1987-06-15,28.482
1987-06-16,46.944
1987-06-17,31.172
1987-06-18,29.688
1987-06-19,51.676
1987-06-20,53.067
1987-06-21,54.273
1987-06-22,51.861
1987-06-23,53.160
1987-06-24,46.016
1987-06-25,43.140
1987-06-26,47.222
1987-06-27,49.449
1987-06-28,50.377
1987-06-29,42.213
1987-06-30,53.253
1987-07-01,56.222
1987-07-02,169.129
1987-07-03,104.186
1987-07-04,66.149
1987-07-05,59.747
1987-07-06,60.211
1987-07-07,56.222
1987-07-08,62.530
1987-07-09,85.260
1987-07-10,82.384
1987-07-11,81.549
1987-07-12,65.592
1987-07-13,60.397
1987-07-14,53.902
1987-07-15,65.592
1987-07-16,60.768
1987-07-17,60.397
1987-07-18,62.623
1987-07-19,64.943
1987-07-20,61.695
1987-07-21,65.592
1987-07-22,63.273
1987-07-23,76.725
1987-07-24,160.037
1987-07-25,150.296
1987-07-26,139.163
1987-07-27,89.250
1987-07-28,119.494
1987-07-29,117.360
1987-07-30,76.261
1987-07-31,106.135
1987-08-01,117.917
1987-08-02,124.875
1987-08-03,114.577
1987-08-04,104.186
1987-08-05,98.898
1987-08-06,95.558
1987-08-07,109.475
1987-08-08,84.518
1987-08-09,110.681
1987-08-10,346.515
1987-08-11,474.730
1987-08-12,300.405
1987-08-13,350.226
1987-08-14,197.796
1987-08-15,139.348
1987-08-16,105.021
1987-08-17,109.011
1987-08-18,110.681
1987-08-19,102.609
1987-08-20,93.888
1987-08-21,98.898
1987-08-22,72.179
1987-08-23,67.355
1987-08-24,71.251
1987-08-25,67.355
1987-08-26,65.777
1987-08-27,73.478
1987-08-28,72.828
1987-08-29,69.488
1987-08-30,70.138
1987-08-31,70.695
1987-09-01,189.261
1987-09-02,294.839
1987-09-03,94.074
1987-09-04,122.185
1987-09-05,74.406
1987-09-06,71.158
1987-09-07,70.787
1987-09-08,126.638
1987-09-09,75.519
1987-09-10,78.488
1987-09-11,64.943
1987-09-12,71.715
1987-09-13,61.695
1987-09-14,63.829
1987-09-15,59.283
1987-09-16,56.871
1987-09-17,54.923
1987-09-18,54.923
1987-09-19,57.984
1987-09-20,152.151
1987-09-21,110.402
1987-09-22,71.344
1987-09-23,71.530
1987-09-24,70.787
1987-09-25,69.674
1987-09-26,84.796
1987-09-27,73.199
1987-09-28,70.973
1987-09-29,62.530
1987-09-30,66.241
1987-10-01,58.912
1987-10-02,58.541
1987-10-03,57.521
1987-10-04,55.851
1987-10-05,49.356
1987-10-06,43.604
1987-10-07,39.986
1987-10-08,38.223
1987-10-09,38.038
1987-10-10,35.997
1987-10-11,35.162
1987-10-12,33.863
1987-10-13,32.286
1987-10-14,32.471
1987-10-15,30.523
1987-10-16,29.874
1987-10-17,28.018
1987-10-18,26.812
1987-10-19,44.254
1987-10-20,143.337
1987-10-21,75.890
1987-10-22,33.492
1987-10-23,31.544
1987-10-24,29.410
1987-10-25,25.513
1987-10-26,24.585
1987-10-27,23.750
1987-10-28,23.008
1987-10-29,22.452
1987-10-30,22.173
1987-10-31,26.719
1987-11-01,25.433
1987-11-02,23.552
1987-11-03,21.969
1987-11-04,21.375
1987-11-05,20.782
1987-11-06,20.386
1987-11-07,20.287
1987-11-08,19.891
1987-11-09,19.396
1987-11-10,18.703
1987-11-11,18.506
1987-11-12,18.802
1987-11-13,18.703
1987-11-14,18.209
1987-11-15,18.011
1987-11-16,17.714
1987-11-17,17.219
1987-11-18,16.922
1987-11-19,16.625
1987-11-20,15.636
1987-11-21,15.339
1987-11-22,15.339
1987-11-23,15.141
1987-11-24,15.141
1987-11-25,14.844
1987-11-26,14.646
1987-11-27,14.646
1987-11-28,14.448
1987-11-29,14.151
1987-11-30,13.953
1987-12-01,17.071
1987-12-02,16.823
1987-12-03,16.823
1987-12-04,16.576
1987-12-05,16.328
1987-12-06,16.081
1987-12-07,15.834
1987-12-08,15.834
1987-12-09,15.586
1987-12-10,15.215
1987-12-11,14.968
1987-12-12,14.968
1987-12-13,14.720
1987-12-14,14.473
1987-12-15,14.473
1987-12-16,14.473
1987-12-17,14.473
1987-12-18,14.226
1987-12-19,14.226
1987-12-20,13.978
1987-12-21,13.731
1987-12-22,13.483
1987-12-23,13.483
1987-12-24,13.236
1987-12-25,13.112
1987-12-26,12.865
1987-12-27,12.865
1987-12-28,12.617
1987-12-29,12.110
1987-12-30,11.875
1987-12-31,11.875
1988-01-01,11.665
1988-01-02,11.455
1988-01-03,11.455
1988-01-04,11.455
1988-01-05,11.455
1988-01-06,11.455
1988-01-07,11.455
1988-01-08,11.455
1988-01-09,11.455
1988-01-10,11.244
1988-01-11,11.244
1988-01-12,11.244
1988-01-13,11.034
1988-01-14,10.824
1988-01-15,10.613
1988-01-16,10.613
1988-01-17,10.613
1988-01-18,10.613
1988-01-19,10.403
1988-01-20,10.403
1988-01-21,10.403
1988-01-22,10.193
1988-01-23,9.983
1988-01-24,9.772
1988-01-25,9.772
1988-01-26,9.587
1988-01-27,9.587
1988-01-28,9.401
1988-01-29,9.401
1988-01-30,9.216
1988-01-31,9.216
1988-02-01,9.030
1988-02-02,9.030
1988-02-03,8.845
1988-02-04,8.845
1988-02-05,8.845
1988-02-06,8.659
1988-02-07,8.473
1988-02-08,8.473
1988-02-09,8.288
1988-02-10,8.288
1988-02-11,8.288
1988-02-12,8.288
1988-02-13,8.102
1988-02-14,8.102
1988-02-15,8.102
1988-02-16,8.102
1988-02-17,8.102
1988-02-18,8.288
1988-02-19,8.288
1988-02-20,8.102
1988-02-21,8.102
1988-02-22,7.917
1988-02-23,7.917
1988-02-24,9.587
1988-02-25,9.216
1988-02-26,8.659
1988-02-27,9.030
1988-02-28,7.620
1988-02-29,8.102
1988-03-01,7.917
1988-03-02,7.768
1988-03-03,7.768
1988-03-04,7.768
1988-03-05,8.102
1988-03-06,8.659
1988-03-07,9.401
1988-03-08,7.768
1988-03-09,9.587
1988-03-10,11.455
1988-03-11,9.401
1988-03-12,10.193
1988-03-13,19.174
1988-03-14,16.823
1988-03-15,18.308
1988-03-16,13.978
1988-03-17,12.345
1988-03-18,8.288
1988-03-19,7.768
1988-03-20,9.216
1988-03-21,8.288
1988-03-22,8.288
1988-03-23,7.768
1988-03-24,8.102
1988-03-25,8.102
1988-03-26,7.620
1988-03-27,7.620
1988-03-28,7.768
1988-03-29,7.620
1988-03-30,7.323
1988-03-31,7.026
1988-04-01,6.878
1988-04-02,7.026
1988-04-03,6.729
1988-04-04,7.026
1988-04-05,7.026
1988-04-06,7.175
1988-04-07,7.471
1988-04-08,8.288
1988-04-09,7.917
1988-04-10,7.768
1988-04-11,7.917
1988-04-12,7.768
1988-04-13,7.768
1988-04-14,13.112
1988-04-15,12.345
1988-04-16,9.030
1988-04-17,12.865
1988-04-18,9.983
1988-04-19,9.216
1988-04-20,8.845
1988-04-21,9.401
1988-04-22,9.587
1988-04-23,11.665
1988-04-24,12.345
1988-04-25,9.216
1988-04-26,9.772
1988-04-27,11.665
1988-04-28,11.244
1988-04-29,11.034
1988-04-30,13.112
1988-05-01,9.332
1988-05-02,10.589
1988-05-03,12.865
1988-05-04,18.209
1988-05-05,13.261
1988-05-06,11.974
1988-05-07,10.292
1988-05-08,9.876
1988-05-09,9.688
1988-05-10,20.782
1988-05-11,11.974
1988-05-12,10.589
1988-05-13,10.985
1988-05-14,13.261
1988-05-15,10.589
1988-05-16,11.578
1988-05-17,10.787
1988-05-18,12.865
1988-05-19,17.417
1988-05-20,16.328
1988-05-21,17.219
1988-05-22,18.011
1988-05-23,19.396
1988-05-24,14.646
1988-05-25,13.063
1988-05-26,13.459
1988-05-27,13.063
1988-05-28,15.339
1988-05-29,49.480
1988-05-30,20.782
1988-05-31,18.011
1988-06-01,15.865
1988-06-02,15.308
1988-06-03,17.627
1988-06-04,14.844
1988-06-05,16.885
1988-06-06,14.195
1988-06-07,14.844
1988-06-08,16.328
1988-06-09,18.741
1988-06-10,21.524
1988-06-11,20.318
1988-06-12,21.895
1988-06-13,32.286
1988-06-14,26.719
1988-06-15,23.101
1988-06-16,29.966
1988-06-17,29.966
1988-06-18,26.070
1988-06-19,27.461
1988-06-20,32.657
1988-06-21,36.832
1988-06-22,43.883
1988-06-23,38.409
1988-06-24,40.543
1988-06-25,62.901
1988-06-26,44.346
1988-06-27,47.222
1988-06-28,27.090
1988-06-29,26.348
1988-06-30,25.699
1988-07-01,51.861
1988-07-02,37.203
1988-07-03,50.191
1988-07-04,61.695
1988-07-05,67.540
1988-07-06,75.519
1988-07-07,68.746
1988-07-08,131.741
1988-07-09,76.818
1988-07-10,73.014
1988-07-11,74.962
1988-07-12,71.158
1988-07-13,71.158
1988-07-14,68.097
1988-07-15,69.303
1988-07-16,71.158
1988-07-17,71.808
1988-07-18,99.640
1988-07-19,67.540
1988-07-20,61.139
1988-07-21,134.524
1988-07-22,119.865
1988-07-23,97.414
1988-07-24,71.158
1988-07-25,79.415
1988-07-26,88.229
1988-07-27,68.097
1988-07-28,72.365
1988-07-29,93.146
1988-07-30,71.808
1988-07-31,206.703
1988-08-01,209.115
1988-08-02,84.796
1988-08-03,68.097
1988-08-04,68.097
1988-08-05,70.509
1988-08-06,191.673
1988-08-07,186.292
1988-08-08,83.405
1988-08-09,153.079
1988-08-10,109.011
1988-08-11,124.875
1988-08-12,117.360
1988-08-13,119.865
1988-08-14,111.516
1988-08-15,223.588
1988-08-16,106.506
1988-08-17,110.681
1988-08-18,104.836
1988-08-19,128.215
1988-08-20,135.452
1988-08-21,145.657
1988-08-22,115.690
1988-08-23,154.934
1988-08-24,221.176
1988-08-25,201.878
1988-08-26,165.882
1988-08-27,154.934
1988-08-28,148.440
1988-08-29,166.902
1988-08-30,150.296
1988-08-31,106.506
1988-09-01,144.729
1988-09-02,104.836
1988-09-03,86.837
1988-09-04,90.270
1988-09-05,76.168
1988-09-06,141.946
1988-09-07,76.818
1988-09-08,78.766
1988-09-09,106.506
1988-09-10,119.030
1988-09-11,69.303
1988-09-12,69.303
1988-09-13,66.334
1988-09-14,58.912
1988-09-15,54.737
1988-09-16,50.933
1988-09-17,40.079
1988-09-18,37.203
1988-09-19,40.543
1988-09-20,33.863
1988-09-21,38.409
1988-09-22,40.079
1988-09-23,37.667
1988-09-24,37.203
1988-09-25,36.368
1988-09-26,48.521
1988-09-27,49.727
1988-09-28,53.902
1988-09-29,60.025
1988-09-30,50.562
1988-10-01,41.378
1988-10-02,47.222
1988-10-03,40.543
1988-10-04,38.409
1988-10-05,40.914
1988-10-06,35.162
1988-10-07,33.492
1988-10-08,31.915
1988-10-09,28.204
1988-10-10,27.090
1988-10-11,26.070
1988-10-12,25.699
1988-10-13,25.420
1988-10-14,24.122
1988-10-15,22.823
1988-10-16,22.452
1988-10-17,21.524
1988-10-18,21.524
1988-10-19,20.967
1988-10-20,20.318
1988-10-21,19.204
1988-10-22,18.741
1988-10-23,18.741
1988-10-24,18.741
1988-10-25,18.462
1988-10-26,17.906
1988-10-27,17.627
1988-10-28,17.349
1988-10-29,17.071
1988-10-30,16.607
1988-10-31,16.328
1988-11-01,17.219
1988-11-02,16.922
1988-11-03,16.922
1988-11-04,16.922
1988-11-05,16.625
1988-11-06,16.625
1988-11-07,16.328
1988-11-08,16.130
1988-11-09,15.834
1988-11-10,15.834
1988-11-11,15.834
1988-11-12,15.636
1988-11-13,15.636
1988-11-14,15.339
1988-11-15,15.141
1988-11-16,14.646
1988-11-17,14.646
1988-11-18,14.448
1988-11-19,13.656
1988-11-20,13.459
1988-11-21,13.063
1988-11-22,12.865
1988-11-23,12.667
1988-11-24,12.172
1988-11-25,11.974
1988-11-26,11.776
1988-11-27,11.776
1988-11-28,11.578
1988-11-29,11.380
1988-11-30,11.380
1988-12-01,13.978
1988-12-02,13.731
1988-12-03,13.483
1988-12-04,13.236
1988-12-05,13.236
1988-12-06,13.236
1988-12-07,13.236
1988-12-08,13.236
1988-12-09,13.112
1988-12-10,13.112
1988-12-11,13.112
1988-12-12,13.112
1988-12-13,13.112
1988-12-14,12.865
1988-12-15,12.865
1988-12-16,12.617
1988-12-17,12.345
1988-12-18,11.875
1988-12-19,11.875
1988-12-20,11.875
1988-12-21,11.665
1988-12-22,11.665
1988-12-23,11.665
1988-12-24,11.455
1988-12-25,11.455
1988-12-26,11.244
1988-12-27,11.455
1988-12-28,11.455
1988-12-29,11.455
1988-12-30,11.244
1988-12-31,11.034
1989-01-01,11.034
1989-01-02,11.034
1989-01-03,11.034
1989-01-04,10.824
1989-01-05,10.824
1989-01-06,10.824
1989-01-07,10.613
1989-01-08,10.613
1989-01-09,10.824
1989-01-10,10.613
1989-01-11,10.613
1989-01-12,10.613
1989-01-13,10.613
1989-01-14,10.613
1989-01-15,10.613
1989-01-16,10.613
1989-01-17,10.403
1989-01-18,10.403
1989-01-19,10.193
1989-01-20,10.193
1989-01-21,9.983
1989-01-22,9.983
1989-01-23,9.772
1989-01-24,9.772
1989-01-25,9.587
1989-01-26,9.587
1989-01-27,9.587
1989-01-28,9.587
1989-01-29,9.587
1989-01-30,9.587
1989-01-31,9.401
1989-02-01,9.401
1989-02-02,9.401
1989-02-03,9.401
1989-02-04,9.401
1989-02-05,9.401
1989-02-06,9.401
1989-02-07,9.030
1989-02-08,9.030
1989-02-09,8.845
1989-02-10,8.659
1989-02-11,8.473
1989-02-12,8.473
1989-02-13,8.288
1989-02-14,8.288
1989-02-15,8.102
1989-02-16,8.102
1989-02-17,7.917
1989-02-18,7.917
1989-02-19,9.587
1989-02-20,11.244
1989-02-21,9.587
1989-02-22,9.030
1989-02-23,8.473
1989-02-24,8.288
1989-02-25,8.288
1989-02-26,8.659
1989-02-27,8.845
1989-02-28,9.030
1989-03-01,9.401
1989-03-02,9.587
1989-03-03,9.030
1989-03-04,8.659
1989-03-05,8.473
1989-03-06,8.473
1989-03-07,8.473
1989-03-08,8.473
1989-03-09,8.473
1989-03-10,8.473
1989-03-11,8.473
1989-03-12,11.034
1989-03-13,9.401
1989-03-14,8.845
1989-03-15,10.613
1989-03-16,9.401
1989-03-17,9.030
1989-03-18,8.845
1989-03-19,14.720
1989-03-20,11.665
1989-03-21,11.034
1989-03-22,10.193
1989-03-23,9.772
1989-03-24,10.824
1989-03-25,11.244
1989-03-26,11.034
1989-03-27,10.824
1989-03-28,10.613
1989-03-29,9.772
1989-03-30,9.587
1989-03-31,9.401
1989-04-01,9.401
1989-04-02,9.587
1989-04-03,9.587
1989-04-04,10.403
1989-04-05,10.403
1989-04-06,10.403
1989-04-07,10.824
1989-04-08,10.193
1989-04-09,11.034
1989-04-10,10.824
1989-04-11,11.665
1989-04-12,11.455
1989-04-13,9.983
1989-04-14,9.401
1989-04-15,10.403
1989-04-16,9.983
1989-04-17,10.824
1989-04-18,10.193
1989-04-19,11.034
1989-04-20,11.244
1989-04-21,10.403
1989-04-22,11.034
1989-04-23,12.865
1989-04-24,11.455
1989-04-25,11.875
1989-04-26,12.110
1989-04-27,12.617
1989-04-28,11.034
1989-04-29,10.613
1989-04-30,10.824
1989-05-01,8.491
1989-05-02,8.491
1989-05-03,10.490
1989-05-04,12.865
1989-05-05,20.782
1989-05-06,22.959
1989-05-07,16.130
1989-05-08,15.636
1989-05-09,15.339
1989-05-10,15.339
1989-05-11,15.339
1989-05-12,13.953
1989-05-13,19.099
1989-05-14,15.141
1989-05-15,13.063
1989-05-16,12.865
1989-05-17,12.667
1989-05-18,12.865
1989-05-19,12.667
1989-05-20,18.209
1989-05-21,18.506
1989-05-22,21.672
1989-05-23,17.714
1989-05-24,18.209
1989-05-25,27.808
1989-05-26,34.834
1989-05-27,44.136
1989-05-28,104.70
1989-05-29,21.078
1989-05-30,35.329
1989-05-31,27.115
1989-06-01,28.204
1989-06-02,23.472
1989-06-03,21.895
1989-06-04,22.452
1989-06-05,20.689
1989-06-06,21.245
1989-06-07,19.761
1989-06-08,27.090
1989-06-09,26.348
1989-06-10,25.049
1989-06-11,26.070
1989-06-12,23.472
1989-06-13,29.966
1989-06-14,40.079
1989-06-15,141.018
1989-06-16,102.609
1989-06-17,106.506
1989-06-18,67.540
1989-06-19,49.356
1989-06-20,49.356
1989-06-21,47.686
1989-06-22,48.057
1989-06-23,47.686
1989-06-24,46.388
1989-06-25,46.016
1989-06-26,46.388
1989-06-27,81.456
1989-06-28,132.668
1989-06-29,77.467
1989-06-30,75.519
1989-07-01,125.710
1989-07-02,110.681
1989-07-03,97.414
1989-07-04,72.365
1989-07-05,69.952
1989-07-06,104.836
1989-07-07,105.671
1989-07-08,100.383
1989-07-09,70.509
1989-07-10,69.952
1989-07-11,76.818
1989-07-12,77.467
1989-07-13,71.808
1989-07-14,151.223
1989-07-15,141.018
1989-07-16,118.195
1989-07-17,104.836
1989-07-18,103.351
1989-07-19,90.270
1989-07-20,71.158
1989-07-21,68.746
1989-07-22,66.334
1989-07-23,78.766
1989-07-24,74.962
1989-07-25,66.334
1989-07-26,64.571
1989-07-27,125.710
1989-07-28,98.156
1989-07-29,97.414
1989-07-30,115.690
1989-07-31,97.414
1989-08-01,90.270
1989-08-02,83.405
1989-08-03,78.117
1989-08-04,64.571
1989-08-05,62.345
1989-08-06,63.458
1989-08-07,62.901
1989-08-08,173.025
1989-08-09,120.700
1989-08-10,106.506
1989-08-11,119.865
1989-08-12,119.030
1989-08-13,116.525
1989-08-14,75.519
1989-08-15,71.808
1989-08-16,69.303
1989-08-17,68.097
1989-08-18,78.766
1989-08-19,81.456
1989-08-20,99.640
1989-08-21,106.506
1989-08-22,103.351
1989-08-23,93.888
1989-08-24,88.229
1989-08-25,84.796
1989-08-26,82.755
1989-08-27,87.487
1989-08-28,89.621
1989-08-29,85.446
1989-08-30,83.405
1989-08-31,151.223
1989-09-01,90.270
1989-09-02,96.672
1989-09-03,86.837
1989-09-04,86.837
1989-09-05,96.672
1989-09-06,89.621
1989-09-07,96.672
1989-09-08,88.229
1989-09-09,82.106
1989-09-10,68.097
1989-09-11,67.540
1989-09-12,83.405
1989-09-13,69.303
1989-09-14,78.117
1989-09-15,78.117
1989-09-16,76.818
1989-09-17,81.456
1989-09-18,114.020
1989-09-19,136.379
1989-09-20,114.855
1989-09-21,106.506
1989-09-22,115.690
1989-09-23,108.176
1989-09-24,93.888
1989-09-25,80.807
1989-09-26,82.755
1989-09-27,75.519
1989-09-28,98.898
1989-09-29,109.011
1989-09-30,82.755
1989-10-01,67.540
1989-10-02,59.469
1989-10-03,51.861
1989-10-04,48.057
1989-10-05,47.686
1989-10-06,47.686
1989-10-07,43.048
1989-10-08,42.677
1989-10-09,39.244
1989-10-10,35.997
1989-10-11,34.327
1989-10-12,32.657
1989-10-13,31.172
1989-10-14,30.709
1989-10-15,30.337
1989-10-16,29.595
1989-10-17,29.595
1989-10-18,27.090
1989-10-19,26.070
1989-10-20,23.750
1989-10-21,24.771
1989-10-22,22.823
1989-10-23,22.452
1989-10-24,21.245
1989-10-25,20.689
1989-10-26,20.318
1989-10-27,20.318
1989-10-28,19.483
1989-10-29,18.926
1989-10-30,18.184
1989-10-31,17.627
1989-11-01,20.485
1989-11-02,19.990
1989-11-03,19.099
1989-11-04,18.506
1989-11-05,18.209
1989-11-06,18.209
1989-11-07,17.219
1989-11-08,16.625
1989-11-09,16.328
1989-11-10,15.834
1989-11-11,15.636
1989-11-12,15.339
1989-11-13,15.141
1989-11-14,15.141
1989-11-15,14.844
1989-11-16,14.448
1989-11-17,14.151
1989-11-18,13.656
1989-11-19,13.459
1989-11-20,13.656
1989-11-21,15.834
1989-11-22,15.636
1989-11-23,13.459
1989-11-24,13.261
1989-11-25,12.667
1989-11-26,12.865
1989-11-27,12.469
1989-11-28,12.469
1989-11-29,12.172
1989-11-30,12.469
1989-12-01,14.968
1989-12-02,14.720
1989-12-03,14.226
1989-12-04,13.978
1989-12-05,13.483
1989-12-06,13.236
1989-12-07,13.112
1989-12-08,12.865
1989-12-09,12.617
1989-12-10,12.345
1989-12-11,12.110
1989-12-12,12.110
1989-12-13,11.665
1989-12-14,11.875
1989-12-15,11.665
1989-12-16,11.665
1989-12-17,11.455
1989-12-18,11.455
1989-12-19,11.455
1989-12-20,11.244
1989-12-21,11.034
1989-12-22,11.034
1989-12-23,10.824
1989-12-24,10.824
1989-12-25,10.613
1989-12-26,10.613
1989-12-27,10.824
1989-12-28,10.824
1989-12-29,10.613
1989-12-30,10.403
1989-12-31,10.193
1990-01-01,9.983
1990-01-02,9.772
1990-01-03,9.772
1990-01-04,9.587
1990-01-05,9.401
1990-01-06,9.401
1990-01-07,9.216
1990-01-08,8.845
1990-01-09,8.845
1990-01-10,8.659
1990-01-11,8.659
1990-01-12,8.288
1990-01-13,8.102
1990-01-14,8.659
1990-01-15,8.659
1990-01-16,8.659
1990-01-17,8.473
1990-01-18,8.288
1990-01-19,8.288
1990-01-20,8.288
1990-01-21,8.102
1990-01-22,8.102
1990-01-23,8.102
1990-01-24,8.102
1990-01-25,8.102
1990-01-26,7.917
1990-01-27,7.917
1990-01-28,7.917
1990-01-29,7.768
1990-01-30,7.768
1990-01-31,7.620
1990-02-01,7.620
1990-02-02,7.471
1990-02-03,7.323
1990-02-04,7.175
1990-02-05,7.323
1990-02-06,7.323
1990-02-07,7.323
1990-02-08,7.323
1990-02-09,7.323
1990-02-10,7.323
1990-02-11,7.471
1990-02-12,8.473
1990-02-13,7.471
1990-02-14,7.620
1990-02-15,7.768
1990-02-16,8.288
1990-02-17,7.917
1990-02-18,7.768
1990-02-19,7.620
1990-02-20,7.768
1990-02-21,7.620
1990-02-22,7.471
1990-02-23,8.288
1990-02-24,9.030
1990-02-25,7.917
1990-02-26,8.659
1990-02-27,8.473
1990-02-28,8.473
1990-03-01,8.102
1990-03-02,7.917
1990-03-03,7.768
1990-03-04,7.768
1990-03-05,7.917
1990-03-06,7.917
1990-03-07,7.917
1990-03-08,7.917
1990-03-09,8.288
1990-03-10,8.102
1990-03-11,9.216
1990-03-12,9.216
1990-03-13,9.401
1990-03-14,9.030
1990-03-15,8.473
1990-03-16,7.768
1990-03-17,7.620
1990-03-18,7.620
1990-03-19,7.471
1990-03-20,7.471
1990-03-21,9.587
1990-03-22,9.587
1990-03-23,10.61
1990-03-24,8.288
1990-03-25,8.288
1990-03-26,7.917
1990-03-27,7.917
1990-03-28,7.768
1990-03-29,7.917
1990-03-30,7.620
1990-03-31,7.323
1990-04-01,7.471
1990-04-02,7.917
1990-04-03,8.102
1990-04-04,8.473
1990-04-05,7.323
1990-04-06,7.175
1990-04-07,7.323
1990-04-08,7.768
1990-04-09,14.473
1990-04-10,11.665
1990-04-11,9.772
1990-04-12,9.983
1990-04-13,9.587
1990-04-14,9.401
1990-04-15,9.772
1990-04-16,10.403
1990-04-17,10.403
1990-04-18,11.665
1990-04-19,21.771
1990-04-20,11.875
1990-04-21,10.824
1990-04-22,12.865
1990-04-23,14.720
1990-04-24,14.473
1990-04-25,16.576
1990-04-26,14.226
1990-04-27,13.112
1990-04-28,16.823
1990-04-29,15.215
1990-04-30,15.834
1990-05-01,18.802
1990-05-02,10.985
1990-05-03,11.380
1990-05-04,11.380
1990-05-05,9.500
1990-05-06,10.490
1990-05-07,15.636
1990-05-08,11.974
1990-05-09,10.985
1990-05-10,13.063
1990-05-11,17.219
1990-05-12,15.636
1990-05-13,12.172
1990-05-14,21.672
1990-05-15,14.844
1990-05-16,18.209
1990-05-17,16.922
1990-05-18,23.651
1990-05-19,18.209
1990-05-20,15.339
1990-05-21,23.651
1990-05-22,23.948
1990-05-23,15.339
1990-05-24,17.219
1990-05-25,16.328
1990-05-26,16.328
1990-05-27,16.922
1990-05-28,18.209
1990-05-29,26.026
1990-05-30,20.485
1990-05-31,21.078
1990-06-01,20.967
1990-06-02,25.699
1990-06-03,24.122
1990-06-04,30.337
1990-06-05,31.544
1990-06-06,46.851
1990-06-07,25.049
1990-06-08,32.286
1990-06-09,29.595
1990-06-10,82.755
1990-06-11,39.708
1990-06-12,35.162
1990-06-13,36.832
1990-06-14,36.368
1990-06-15,34.327
1990-06-16,31.915
1990-06-17,50.933
1990-06-18,54.737
1990-06-19,62.345
1990-06-20,52.232
1990-06-21,50.191
1990-06-22,55.572
1990-06-23,62.901
1990-06-24,48.521
1990-06-25,46.851
1990-06-26,50.933
1990-06-27,49.727
1990-06-28,46.388
1990-06-29,53.067
1990-06-30,53.531
1990-07-01,75.519
1990-07-02,49.356
1990-07-03,50.933
1990-07-04,64.571
1990-07-05,151.223
1990-07-06,136.379
1990-07-07,173.025
1990-07-08,169.964
1990-07-09,83.405
1990-07-10,61.695
1990-07-11,44.346
1990-07-12,162.820
1990-07-13,133.596
1990-07-14,189.447
1990-07-15,241.679
1990-07-16,46.851
1990-07-17,90.270
1990-07-18,108.176
1990-07-19,157.718
1990-07-20,102.609
1990-07-21,85.446
1990-07-22,87.487
1990-07-23,95.280
1990-07-24,84.054
1990-07-25,84.054
1990-07-26,103.351
1990-07-27,62.345
1990-07-28,66.984
1990-07-29,86.188
1990-07-30,58.077
1990-07-31,58.077
1990-08-01,122.370
1990-08-02,66.984
1990-08-03,57.706
1990-08-04,52.696
1990-08-05,134.524
1990-08-06,52.696
1990-08-07,46.016
1990-08-08,65.777
1990-08-09,143.801
1990-08-10,141.018
1990-08-11,76.818
1990-08-12,260.698
1990-08-13,81.456
1990-08-14,83.405
1990-08-15,78.766
1990-08-16,93.888
1990-08-17,78.117
1990-08-18,66.334
1990-08-19,78.117
1990-08-20,60.582
1990-08-21,63.458
1990-08-22,56.871
1990-08-23,53.067
1990-08-24,52.232
1990-08-25,60.025
1990-08-26,143.801
1990-08-27,54.737
1990-08-28,45.553
1990-08-29,44.346
1990-08-30,38.873
1990-08-31,37.667
1990-09-01,42.213
1990-09-02,39.708
1990-09-03,40.079
1990-09-04,37.203
1990-09-05,37.203
1990-09-06,40.543
1990-09-07,46.388
1990-09-08,43.511
1990-09-09,40.543
1990-09-10,226.00
1990-09-11,55.201
1990-09-12,56.871
1990-09-13,54.366
1990-09-14,52.232
1990-09-15,54.737
1990-09-16,96.022
1990-09-17,96.672
1990-09-18,74.962
1990-09-19,62.901
1990-09-20,49.727
1990-09-21,35.997
1990-09-22,48.892
1990-09-23,46.851
1990-09-24,50.562
1990-09-25,68.746
1990-09-26,63.458
1990-09-27,40.079
1990-09-28,73.663
1990-09-29,56.407
1990-09-30,66.984
1990-10-01,41.378
1990-10-02,50.933
1990-10-03,46.016
1990-10-04,43.048
1990-10-05,40.543
1990-10-06,39.708
1990-10-07,39.244
1990-10-08,39.244
1990-10-09,38.409
1990-10-10,49.356
1990-10-11,39.708
1990-10-12,36.368
1990-10-13,32.657
1990-10-14,30.709
1990-10-15,30.337
1990-10-16,30.337
1990-10-17,29.224
1990-10-18,27.461
1990-10-19,26.719
1990-10-20,26.070
1990-10-21,25.420
1990-10-22,23.750
1990-10-23,23.101
1990-10-24,22.452
1990-10-25,21.524
1990-10-26,20.039
1990-10-27,19.483
1990-10-28,18.926
1990-10-29,18.741
1990-10-30,18.462
1990-10-31,18.462
1990-11-01,19.099
1990-11-02,18.802
1990-11-03,18.011
1990-11-04,18.011
1990-11-05,17.714
1990-11-06,17.417
1990-11-07,17.219
1990-11-08,16.922
1990-11-09,16.328
1990-11-10,16.130
1990-11-11,15.834
1990-11-12,15.636
1990-11-13,15.339
1990-11-14,15.141
1990-11-15,14.844
1990-11-16,14.448
1990-11-17,14.151
1990-11-18,13.953
1990-11-19,13.656
1990-11-20,13.459
1990-11-21,13.261
1990-11-22,13.063
1990-11-23,12.865
1990-11-24,12.667
1990-11-25,12.469
1990-11-26,12.172
1990-11-27,11.974
1990-11-28,11.776
1990-11-29,11.776
1990-11-30,11.578
1990-12-01,14.226
1990-12-02,13.978
1990-12-03,13.731
1990-12-04,13.731
1990-12-05,13.483
1990-12-06,13.483
1990-12-07,13.236
1990-12-08,13.112
1990-12-09,12.865
1990-12-10,12.617
1990-12-11,12.617
1990-12-12,12.345
1990-12-13,12.345
1990-12-14,12.110
1990-12-15,11.875
1990-12-16,11.665
1990-12-17,11.665
1990-12-18,11.455
1990-12-19,11.244
1990-12-20,11.034
1990-12-21,11.034
1990-12-22,10.824
1990-12-23,10.613
1990-12-24,10.403
1990-12-25,10.403
1990-12-26,10.403
1990-12-27,10.193
1990-12-28,10.193
1990-12-29,9.983
1990-12-30,9.983
1990-12-31,9.772
1991-01-01,10.193
1991-01-02,11.244
1991-01-03,14.720
1991-01-04,11.665
1991-01-05,11.034
1991-01-06,10.824
1991-01-07,10.613
1991-01-08,10.824
1991-01-09,9.983
1991-01-10,9.983
1991-01-11,9.983
1991-01-12,9.983
1991-01-13,9.772
1991-01-14,9.772
1991-01-15,9.772
1991-01-16,9.587
1991-01-17,9.587
1991-01-18,9.401
1991-01-19,9.401
1991-01-20,9.030
1991-01-21,9.030
1991-01-22,9.030
1991-01-23,8.845
1991-01-24,7.917
1991-01-25,8.845
1991-01-26,8.659
1991-01-27,8.659
1991-01-28,8.473
1991-01-29,8.473
1991-01-30,8.288
1991-01-31,8.288
1991-02-01,8.288
1991-02-02,8.102
1991-02-03,8.102
1991-02-04,8.102
1991-02-05,7.917
1991-02-06,7.768
1991-02-07,7.768
1991-02-08,7.620
1991-02-09,7.620
1991-02-10,7.471
1991-02-11,7.471
1991-02-12,7.323
1991-02-13,7.323
1991-02-14,7.323
1991-02-15,7.323
1991-02-16,7.026
1991-02-17,7.026
1991-02-18,7.026
1991-02-19,6.878
1991-02-20,6.729
1991-02-21,6.878
1991-02-22,6.878
1991-02-23,6.878
1991-02-24,6.729
1991-02-25,6.878
1991-02-26,6.729
1991-02-27,7.471
1991-02-28,7.175
1991-03-01,7.175
1991-03-02,7.026
1991-03-03,7.026
1991-03-04,7.026
1991-03-05,7.026
1991-03-06,7.026
1991-03-07,7.175
1991-03-08,7.175
1991-03-09,7.026
1991-03-10,6.878
1991-03-11,6.878
1991-03-12,6.878
1991-03-13,6.878
1991-03-14,7.175
1991-03-15,7.026
1991-03-16,7.323
1991-03-17,7.026
1991-03-18,7.026
1991-03-19,6.729
1991-03-20,6.878
1991-03-21,7.026
1991-03-22,7.471
1991-03-23,7.917
1991-03-24,7.620
1991-03-25,7.768
1991-03-26,7.175
1991-03-27,6.878
1991-03-28,7.026
1991-03-29,7.026
1991-03-30,7.323
1991-03-31,10.61
1991-04-01,14.473
1991-04-02,12.345
1991-04-03,9.216
1991-04-04,10.193
1991-04-05,8.845
1991-04-06,8.102
1991-04-07,7.768
1991-04-08,11.665
1991-04-09,9.983
1991-04-10,8.102
1991-04-11,8.473
1991-04-12,8.102
1991-04-13,7.471
1991-04-14,7.175
1991-04-15,7.175
1991-04-16,7.323
1991-04-17,7.917
1991-04-18,8.659
1991-04-19,8.659
1991-04-20,7.620
1991-04-21,7.323
1991-04-22,7.026
1991-04-23,7.026
1991-04-24,8.102
1991-04-25,8.659
1991-04-26,7.768
1991-04-27,16.081
1991-04-28,11.034
1991-04-29,12.110
1991-04-30,11.034
1991-05-01,9.500
1991-05-02,18.209
1991-05-03,10.094
1991-05-04,8.491
1991-05-05,8.323
1991-05-06,11.380
1991-05-07,12.667
1991-05-08,11.776
1991-05-09,12.469
1991-05-10,13.656
1991-05-11,12.469
1991-05-12,11.182
1991-05-13,11.380
1991-05-14,9.500
1991-05-15,9.332
1991-05-16,11.776
1991-05-17,10.094
1991-05-18,14.151
1991-05-19,10.094
1991-05-20,10.490
1991-05-21,14.448
1991-05-22,13.459
1991-05-23,14.151
1991-05-24,15.339
1991-05-25,13.063
1991-05-26,14.646
1991-05-27,15.141
1991-05-28,20.782
1991-05-29,23.355
1991-05-30,50.865
1991-05-31,52.647
1991-06-01,24.771
1991-06-02,24.122
1991-06-03,12.432
1991-06-04,16.607
1991-06-05,19.204
1991-06-06,28.204
1991-06-07,46.016
1991-06-08,35.997
1991-06-09,50.191
1991-06-10,68.097
1991-06-11,43.511
1991-06-12,38.038
1991-06-13,53.067
1991-06-14,61.695
1991-06-15,57.706
1991-06-16,69.952
1991-06-17,58.077
1991-06-18,43.511
1991-06-19,61.695
1991-06-20,64.571
1991-06-21,44.718
1991-06-22,58.912
1991-06-23,91.662
1991-06-24,95.280
1991-06-25,53.902
1991-06-26,58.912
1991-06-27,54.737
1991-06-28,57.242
1991-06-29,65.128
1991-06-30,91.662
1991-07-01,62.901
1991-07-02,78.117
1991-07-03,78.766
1991-07-04,71.158
1991-07-05,52.232
1991-07-06,78.766
1991-07-07,93.146
1991-07-08,68.097
1991-07-09,96.672
1991-07-10,112.351
1991-07-11,108.176
1991-07-12,84.796
1991-07-13,101.125
1991-07-14,93.146
1991-07-15,124.875
1991-07-16,85.446
1991-07-17,79.415
1991-07-18,80.158
1991-07-19,77.467
1991-07-20,55.201
1991-07-21,64.015
1991-07-22,61.695
1991-07-23,65.128
1991-07-24,59.469
1991-07-25,60.025
1991-07-26,58.077
1991-07-27,65.777
1991-07-28,124.040
1991-07-29,88.229
1991-07-30,69.303
1991-07-31,61.695
1991-08-01,119.030
1991-08-02,117.360
1991-08-03,108.176
1991-08-04,123.205
1991-08-05,106.506
1991-08-06,113.186
1991-08-07,162.820
1991-08-08,226.000
1991-08-09,153.079
1991-08-10,142.874
1991-08-11,141.018
1991-08-12,131.741
1991-08-13,119.865
1991-08-14,105.671
1991-08-15,74.313
1991-08-16,169.964
1991-08-17,215.145
1991-08-18,124.040
1991-08-19,115.690
1991-08-20,129.885
1991-08-21,154.934
1991-08-22,87.487
1991-08-23,64.015
1991-08-24,58.912
1991-08-25,74.962
1991-08-26,89.621
1991-08-27,115.690
1991-08-28,153.079
1991-08-29,103.351
1991-08-30,93.146
1991-08-31,121.535
1991-09-01,120.700
1991-09-02,157.718
1991-09-03,154.007
1991-09-04,159.759
1991-09-05,119.865
1991-09-06,99.640
1991-09-07,93.146
1991-09-08,111.516
1991-09-09,108.176
1991-09-10,139.163
1991-09-11,100.383
1991-09-12,77.467
1991-09-13,76.818
1991-09-14,89.621
1991-09-15,81.456
1991-09-16,80.158
1991-09-17,69.952
1991-09-18,67.540
1991-09-19,64.015
1991-09-20,59.469
1991-09-21,58.077
1991-09-22,56.036
1991-09-23,53.902
1991-09-24,69.303
1991-09-25,73.663
1991-09-26,64.015
1991-09-27,51.397
1991-09-28,48.521
1991-09-29,45.181
1991-09-30,42.677
1991-10-01,43.048
1991-10-02,42.213
1991-10-03,37.667
1991-10-04,35.162
1991-10-05,33.863
1991-10-06,34.698
1991-10-07,33.492
1991-10-08,35.997
1991-10-09,34.698
1991-10-10,34.327
1991-10-11,28.853
1991-10-12,26.348
1991-10-13,25.699
1991-10-14,25.420
1991-10-15,23.472
1991-10-16,22.173
1991-10-17,20.967
1991-10-18,20.318
1991-10-19,19.761
1991-10-20,18.926
1991-10-21,19.204
1991-10-22,18.926
1991-10-23,18.741
1991-10-24,18.462
1991-10-25,18.184
1991-10-26,18.184
1991-10-27,18.184
1991-10-28,17.906
1991-10-29,17.349
1991-10-30,16.328
1991-10-31,15.308
1991-11-01,16.130
1991-11-02,15.339
1991-11-03,15.141
1991-11-04,14.844
1991-11-05,14.448
1991-11-06,14.448
1991-11-07,14.448
1991-11-08,14.151
1991-11-09,14.151
1991-11-10,13.953
1991-11-11,13.656
1991-11-12,13.261
1991-11-13,12.865
1991-11-14,12.667
1991-11-15,12.667
1991-11-16,12.469
1991-11-17,12.469
1991-11-18,12.172
1991-11-19,11.974
1991-11-20,11.776
1991-11-21,11.380
1991-11-22,11.182
1991-11-23,10.985
1991-11-24,10.787
1991-11-25,10.589
1991-11-26,10.490
1991-11-27,10.292
1991-11-28,10.094
1991-11-29,9.876
1991-11-30,9.688
1991-12-01,11.875
1991-12-02,11.665
1991-12-03,11.455
1991-12-04,11.244
1991-12-05,11.034
1991-12-06,11.034
1991-12-07,10.824
1991-12-08,10.824
1991-12-09,10.824
1991-12-10,10.824
1991-12-11,10.613
1991-12-12,10.613
1991-12-13,10.403
1991-12-14,10.403
1991-12-15,10.193
1991-12-16,10.193
1991-12-17,9.983
1991-12-18,9.772
1991-12-19,9.587
1991-12-20,9.587
1991-12-21,9.587
1991-12-22,9.587
1991-12-23,9.587
1991-12-24,9.772
1991-12-25,9.772
1991-12-26,9.983
1991-12-27,9.772
1991-12-28,9.772
1991-12-29,9.587
1991-12-30,9.587
1991-12-31,9.401
1992-01-01,9.401
1992-01-02,9.216
1992-01-03,9.216
1992-01-04,9.216
1992-01-05,9.030
1992-01-06,9.030
1992-01-07,9.030
1992-01-08,8.845
1992-01-09,8.659
1992-01-10,8.659
1992-01-11,8.473
1992-01-12,8.473
1992-01-13,8.288
1992-01-14,8.102
1992-01-15,8.102
1992-01-16,8.102
1992-01-17,7.917
1992-01-18,7.979
1992-01-19,7.917
1992-01-20,7.917
1992-01-21,7.917
1992-01-22,7.768
1992-01-23,7.768
1992-01-24,7.768
1992-01-25,7.768
1992-01-26,7.620
1992-01-27,7.620
1992-01-28,7.620
1992-01-29,7.471
1992-01-30,7.471
1992-01-31,7.471
1992-02-01,7.323
1992-02-02,7.323
1992-02-03,7.323
1992-02-04,7.323
1992-02-05,7.175
1992-02-06,7.175
1992-02-07,7.979
1992-02-08,8.238
1992-02-09,7.422
1992-02-10,7.323
1992-02-11,7.175
1992-02-12,7.175
1992-02-13,7.274
1992-02-14,7.175
1992-02-15,7.175
1992-02-16,7.026
1992-02-17,6.878
1992-02-18,6.729
1992-02-19,6.729
1992-02-20,6.729
1992-02-21,6.581
1992-02-22,6.581
1992-02-23,6.581
1992-02-24,6.581
1992-02-25,6.432
1992-02-26,6.432
1992-02-27,6.296
1992-02-28,6.160
1992-02-29,6.482
1992-03-01,6.247
1992-03-02,6.160
1992-03-03,6.160
1992-03-04,6.630
1992-03-05,6.482
1992-03-06,6.680
1992-03-07,6.927
1992-03-08,6.878
1992-03-09,6.729
1992-03-10,6.729
1992-03-11,6.729
1992-03-12,6.828
1992-03-13,6.531
1992-03-14,6.296
1992-03-15,6.296
1992-03-16,6.247
1992-03-17,6.024
1992-03-18,5.888
1992-03-19,6.210
1992-03-20,6.111
1992-03-21,6.247
1992-03-22,6.482
1992-03-23,6.581
1992-03-24,6.729
1992-03-25,6.878
1992-03-26,7.076
1992-03-27,8.498
1992-03-28,6.828
1992-03-29,6.878
1992-03-30,6.779
1992-03-31,7.224
1992-04-01,6.296
1992-04-02,6.296
1992-04-03,6.296
1992-04-04,6.160
1992-04-05,5.888
1992-04-06,5.802
1992-04-07,7.274
1992-04-08,7.076
1992-04-09,6.296
1992-04-10,6.346
1992-04-11,7.323
1992-04-12,7.719
1992-04-13,7.224
1992-04-14,7.719
1992-04-15,7.768
1992-04-16,7.521
1992-04-17,6.878
1992-04-18,7.026
1992-04-19,7.026
1992-04-20,6.927
1992-04-21,7.125
1992-04-22,6.927
1992-04-23,7.224
1992-04-24,7.274
1992-04-25,6.729
1992-04-26,6.828
1992-04-27,7.830
1992-04-28,9.414
1992-04-29,8.597
1992-04-30,7.867
1992-05-01,8.273
1992-05-02,9.461
1992-05-03,9.253
1992-05-04,8.610
1992-05-05,10.193
1992-05-06,7.927
1992-05-07,9.134
1992-05-08,8.887
1992-05-09,7.946
1992-05-10,14.349
1992-05-11,12.568
1992-05-12,9.817
1992-05-13,8.827
1992-05-14,8.045
1992-05-15,15.735
1992-05-16,10.292
1992-05-17,13.063
1992-05-18,10.391
1992-05-19,9.995
1992-05-20,10.391
1992-05-21,10.589
1992-05-22,10.292
1992-05-23,10.490
1992-05-24,10.589
1992-05-25,11.974
1992-05-26,10.391
1992-05-27,10.589
1992-05-28,10.886
1992-05-29,10.094
1992-05-30,9.629
1992-05-31,9.995
1992-06-01,9.834
1992-06-02,9.370
1992-06-03,9.213
1992-06-04,8.906
1992-06-05,9.027
1992-06-06,8.693
1992-06-07,8.591
1992-06-08,14.380
1992-06-09,11.319
1992-06-10,10.855
1992-06-11,13.545
1992-06-12,10.205
1992-06-13,12.617
1992-06-14,12.432
1992-06-15,11.133
1992-06-16,10.669
1992-06-17,10.391
1992-06-18,17.442
1992-06-19,18.184
1992-06-20,26.719
1992-06-21,42.305
1992-06-22,47.779
1992-06-23,38.594
1992-06-24,36.924
1992-06-25,37.203
1992-06-26,30.245
1992-06-27,30.152
1992-06-28,29.502
1992-06-29,27.276
1992-06-30,42.955
1992-07-01,39.615
1992-07-02,40.264
1992-07-03,55.294
1992-07-04,43.511
1992-07-05,51.305
1992-07-06,51.026
1992-07-07,47.408
1992-07-08,103.53
1992-07-09,65.870
1992-07-10,68.746
1992-07-11,66.241
1992-07-12,71.808
1992-07-13,60.397
1992-07-14,46.573
1992-07-15,91.847
1992-07-16,61.232
1992-07-17,66.334
1992-07-18,64.015
1992-07-19,69.025
1992-07-20,61.788
1992-07-21,63.087
1992-07-22,69.488
1992-07-23,68.561
1992-07-24,92.682
1992-07-25,58.634
1992-07-26,57.149
1992-07-27,74.127
1992-07-28,67.447
1992-07-29,51.861
1992-07-30,61.046
1992-07-31,68.932
1992-08-01,73.663
1992-08-02,65.777
1992-08-03,109.846
1992-08-04,129.699
1992-08-05,92.218
1992-08-06,86.837
1992-08-07,83.869
1992-08-08,91.662
1992-08-09,87.487
1992-08-10,82.106
1992-08-11,96.208
1992-08-12,99.919
1992-08-13,78.024
1992-08-14,74.498
1992-08-15,89.250
1992-08-16,83.405
1992-08-17,69.952
1992-08-18,67.169
1992-08-19,64.386
1992-08-20,65.592
1992-08-21,56.314
1992-08-22,65.963
1992-08-23,68.097
1992-08-24,90.734
1992-08-25,132.947
1992-08-26,125.246
1992-08-27,120.608
1992-08-28,79.044
1992-08-29,67.169
1992-08-30,64.757
1992-08-31,65.221
1992-09-01,48.800
1992-09-02,50.655
1992-09-03,40.543
1992-09-04,39.244
1992-09-05,39.986
1992-09-06,74.406
1992-09-07,51.305
1992-09-08,67.355
1992-09-09,103.07
1992-09-10,66.705
1992-09-11,63.922
1992-09-12,81.642
1992-09-13,69.303
1992-09-14,72.828
1992-09-15,68.097
1992-09-16,65.777
1992-09-17,71.530
1992-09-18,68.375
1992-09-19,55.851
1992-09-20,51.676
1992-09-21,39.708
1992-09-22,36.739
1992-09-23,35.347
1992-09-24,33.863
1992-09-25,32.007
1992-09-26,28.760
1992-09-27,27.461
1992-09-28,26.812
1992-09-29,35.347
1992-09-30,29.131
1992-10-01,28.389
1992-10-02,26.905
1992-10-03,26.163
1992-10-04,25.884
1992-10-05,25.513
1992-10-06,24.864
1992-10-07,24.122
1992-10-08,23.565
1992-10-09,23.287
1992-10-10,21.709
1992-10-11,20.225
1992-10-12,20.132
1992-10-13,19.112
1992-10-14,24.400
1992-10-15,24.400
1992-10-16,69.674
1992-10-17,37.017
1992-10-18,41.934
1992-10-19,25.606
1992-10-20,24.400
1992-10-21,23.936
1992-10-22,23.750
1992-10-23,23.565
1992-10-24,21.988
1992-10-25,20.318
1992-10-26,19.390
1992-10-27,19.112
1992-10-28,17.813
1992-10-29,16.236
1992-10-30,15.772
1992-10-31,15.215
1992-11-01,15.636
1992-11-02,15.438
1992-11-03,14.844
1992-11-04,14.646
1992-11-05,14.151
1992-11-06,13.854
1992-11-07,13.360
1992-11-08,13.063
1992-11-09,12.964
1992-11-10,12.568
1992-11-11,12.370
1992-11-12,12.172
1992-11-13,11.875
1992-11-14,11.677
1992-11-15,11.380
1992-11-16,10.985
1992-11-17,10.589
1992-11-18,10.391
1992-11-19,10.292
1992-11-20,10.094
1992-11-21,9.995
1992-11-22,9.748
1992-11-23,9.540
1992-11-24,9.332
1992-11-25,9.332
1992-11-26,9.124
1992-11-27,9.055
1992-11-28,8.847
1992-11-29,8.649
1992-11-30,8.530
1992-12-01,10.589
1992-12-02,10.440
1992-12-03,10.737
1992-12-04,10.663
1992-12-05,10.515
1992-12-06,10.143
1992-12-07,9.847
1992-12-08,9.550
1992-12-09,9.327
1992-12-10,9.327
1992-12-11,9.104
1992-12-12,9.104
1992-12-13,8.882
1992-12-14,8.585
1992-12-15,8.374
1992-12-16,8.238
1992-12-17,8.164
1992-12-18,8.028
1992-12-19,7.954
1992-12-20,7.818
1992-12-21,7.608
1992-12-22,7.608
1992-12-23,7.533
1992-12-24,7.397
1992-12-25,7.397
1992-12-26,7.187
1992-12-27,7.113
1992-12-28,6.902
1992-12-29,6.692
1992-12-30,6.556
1992-12-31,6.395
1993-01-01,6.395
1993-01-02,6.234
1993-01-03,6.234
1993-01-04,6.074
1993-01-05,6.123
1993-01-06,6.024
1993-01-07,7.608
1993-01-08,7.397
1993-01-09,6.902
1993-01-10,6.507
1993-01-11,6.395
1993-01-12,6.556
1993-01-13,6.556
1993-01-14,6.395
1993-01-15,6.234
1993-01-16,6.234
1993-01-17,6.074
1993-01-18,6.185
1993-01-19,5.913
1993-01-20,6.024
1993-01-21,5.752
1993-01-22,5.752
1993-01-23,5.591
1993-01-24,5.591
1993-01-25,5.542
1993-01-26,5.430
1993-01-27,5.430
1993-01-28,5.381
1993-01-29,5.270
1993-01-30,5.270
1993-01-31,5.270
1993-02-01,5.270
1993-02-02,5.109
1993-02-03,5.109
1993-02-04,5.059
1993-02-05,4.750
1993-02-06,4.503
1993-02-07,4.305
1993-02-08,4.206
1993-02-09,4.255
1993-02-10,4.602
1993-02-11,4.602
1993-02-12,4.701
1993-02-13,4.800
1993-02-14,4.651
1993-02-15,4.651
1993-02-16,5.789
1993-02-17,10.75
1993-02-18,5.962
1993-02-19,4.948
1993-02-20,4.800
1993-02-21,4.602
1993-02-22,4.354
1993-02-23,4.132
1993-02-24,3.909
1993-02-25,4.107
1993-02-26,4.057
1993-02-27,3.958
1993-02-28,4.255
1993-03-01,4.206
1993-03-02,4.206
1993-03-03,3.760
1993-03-04,3.760
1993-03-05,3.760
1993-03-06,3.760
1993-03-07,3.760
1993-03-08,3.711
1993-03-09,3.612
1993-03-10,3.464
1993-03-11,3.464
1993-03-12,3.760
1993-03-13,3.662
1993-03-14,3.352
1993-03-15,3.773
1993-03-16,4.057
1993-03-17,3.711
1993-03-18,3.352
1993-03-19,3.563
1993-03-20,3.513
1993-03-21,3.204
1993-03-22,3.130
1993-03-23,3.464
1993-03-24,3.426
1993-03-25,3.389
1993-03-26,4.404
1993-03-27,3.958
1993-03-28,3.612
1993-03-29,3.464
1993-03-30,3.241
1993-03-31,3.130
1993-04-01,3.093
1993-04-02,3.278
1993-04-03,3.389
1993-04-04,3.204
1993-04-05,3.130
1993-04-06,3.241
1993-04-07,3.167
1993-04-08,3.241
1993-04-09,3.389
1993-04-10,3.859
1993-04-11,3.464
1993-04-12,4.552
1993-04-13,5.294
1993-04-14,6.977
1993-04-15,6.185
1993-04-16,4.874
1993-04-17,4.602
1993-04-18,7.608
1993-04-19,8.313
1993-04-20,6.247
1993-04-21,9.488
1993-04-22,6.284
1993-04-23,14.349
1993-04-24,11.269
1993-04-25,9.624
1993-04-26,8.733
1993-04-27,8.523
1993-04-28,8.882
1993-04-29,11.578
1993-04-30,10.737
1993-05-01,8.174
1993-05-02,8.055
1993-05-03,25.136
1993-05-04,24.938
1993-05-05,23.157
1993-05-06,18.604
1993-05-07,17.120
1993-05-08,12.766
1993-05-09,11.578
1993-05-10,16.328
1993-05-11,12.865
1993-05-12,15.735
1993-05-13,15.438
1993-05-14,24.146
1993-05-15,21.276
1993-05-16,19.792
1993-05-17,15.834
1993-05-18,14.547
1993-05-19,17.813
1993-05-20,17.219
1993-05-21,17.021
1993-05-22,15.141
1993-05-23,14.745
1993-05-24,13.063
1993-05-25,12.766
1993-05-26,12.370
1993-05-27,12.766
1993-05-28,19.000
1993-05-29,15.537
1993-05-30,14.151
1993-05-31,14.745
1993-06-01,14.287
1993-06-02,16.792
1993-06-03,23.008
1993-06-04,18.926
1993-06-05,23.750
1993-06-06,22.544
1993-06-07,23.472
1993-06-08,22.080
1993-06-09,44.625
1993-06-10,28.296
1993-06-11,22.730
1993-06-12,21.988
1993-06-13,22.080
1993-06-14,21.431
1993-06-15,21.895
1993-06-16,23.472
1993-06-17,24.493
1993-06-18,24.493
1993-06-19,23.287
1993-06-20,31.636
1993-06-21,53.624
1993-06-22,64.850
1993-06-23,59.190
1993-06-24,30.245
1993-06-25,40.264
1993-06-26,37.296
1993-06-27,34.791
1993-06-28,35.904
1993-06-29,30.987
1993-06-30,35.162
1993-07-01,77.374
1993-07-02,105.856
1993-07-03,92.126
1993-07-04,96.022
1993-07-05,90.456
1993-07-06,55.851
1993-07-07,38.687
1993-07-08,36.924
1993-07-09,34.420
1993-07-10,38.687
1993-07-11,38.873
1993-07-12,38.223
1993-07-13,39.522
1993-07-14,75.426
1993-07-15,61.139
1993-07-16,63.829
1993-07-17,61.510
1993-07-18,65.221
1993-07-19,135.452
1993-07-20,142.595
1993-07-21,103.166
1993-07-22,154.563
1993-07-23,73.014
1993-07-24,84.518
1993-07-25,85.260
1993-07-26,77.931
1993-07-27,85.260
1993-07-28,78.395
1993-07-29,84.611
1993-07-30,136.658
1993-07-31,145.657
1993-08-01,122.649
1993-08-02,103.815
1993-08-03,102.887
1993-08-04,104.279
1993-08-05,85.724
1993-08-06,130.813
1993-08-07,121.535
1993-08-08,141.946
1993-08-09,151.965
1993-08-10,147.791
1993-08-11,167.830
1993-08-12,148.718
1993-08-13,146.399
1993-08-14,156.790
1993-08-15,137.585
1993-08-16,125.988
1993-08-17,124.319
1993-08-18,112.072
1993-08-19,110.681
1993-08-20,107.619
1993-08-21,118.845
1993-08-22,149.089
1993-08-23,154.656
1993-08-24,149.646
1993-08-25,97.692
1993-08-26,101.125
1993-08-27,79.972
1993-08-28,120.144
1993-08-29,96.579
1993-08-30,81.178
1993-08-31,78.209
1993-09-01,66.705
1993-09-02,68.097
1993-09-03,72.828
1993-09-04,65.963
1993-09-05,65.035
1993-09-06,57.613
1993-09-07,55.294
1993-09-08,52.882
1993-09-09,52.047
1993-09-10,51.026
1993-09-11,48.892
1993-09-12,47.965
1993-09-13,47.779
1993-09-14,46.016
1993-09-15,42.862
1993-09-16,41.470
1993-09-17,32.100
1993-09-18,28.482
1993-09-19,26.998
1993-09-20,26.626
1993-09-21,31.544
1993-09-22,43.419
1993-09-23,44.625
1993-09-24,59.840
1993-09-25,68.561
1993-09-26,78.395
1993-09-27,77.096
1993-09-28,70.509
1993-09-29,75.055
1993-09-30,86.930
1993-10-01,54.923
1993-10-02,46.202
1993-10-03,45.181
1993-10-04,43.604
1993-10-05,38.316
1993-10-06,38.316
1993-10-07,34.791
1993-10-08,36.924
1993-10-09,34.791
1993-10-10,29.502
1993-10-11,30.801
1993-10-12,34.420
1993-10-13,39.615
1993-10-14,38.502
1993-10-15,35.347
1993-10-16,33.770
1993-10-17,35.997
1993-10-18,24.493
1993-10-19,24.122
1993-10-20,23.936
1993-10-21,23.379
1993-10-22,23.101
1993-10-23,22.544
1993-10-24,21.524
1993-10-25,20.132
1993-10-26,17.998
1993-10-27,17.627
1993-10-28,16.885
1993-10-29,16.607
1993-10-30,16.143
1993-10-31,15.493
1993-11-01,15.636
1993-11-02,15.438
1993-11-03,14.844
1993-11-04,14.745
1993-11-05,14.547
1993-11-06,14.349
1993-11-07,14.151
1993-11-08,13.755
1993-11-09,13.162
1993-11-10,13.162
1993-11-11,13.162
1993-11-12,13.162
1993-11-13,12.964
1993-11-14,12.964
1993-11-15,10.391
1993-11-16,10.391
1993-11-17,10.193
1993-11-18,10.391
1993-11-19,10.391
1993-11-20,10.490
1993-11-21,10.391
1993-11-22,10.193
1993-11-23,10.193
1993-11-24,10.193
1993-11-25,10.193
1993-11-26,9.995
1993-11-27,9.995
1993-11-28,9.817
1993-11-29,9.263
1993-11-30,8.847
1993-12-01,10.663
1993-12-02,10.663
1993-12-03,10.440
1993-12-04,10.440
1993-12-05,10.143
1993-12-06,9.772
1993-12-07,9.550
1993-12-08,9.327
1993-12-09,9.104
1993-12-10,8.882
1993-12-11,8.659
1993-12-12,8.659
1993-12-13,8.449
1993-12-14,8.238
1993-12-15,8.028
1993-12-16,8.028
1993-12-17,8.028
1993-12-18,7.818
1993-12-19,7.818
1993-12-20,7.608
1993-12-21,7.608
1993-12-22,7.608
1993-12-23,6.977
1993-12-24,6.977
1993-12-25,6.977
1993-12-26,6.977
1993-12-27,6.977
1993-12-28,6.766
1993-12-29,6.766
1993-12-30,6.692
1993-12-31,6.556
1994-01-01,6.507
1994-01-02,6.395
1994-01-03,6.395
1994-01-04,6.395
1994-01-05,6.234
1994-01-06,6.234
1994-01-07,6.234
1994-01-08,6.185
1994-01-09,6.074
1994-01-10,6.074
1994-01-11,6.074
1994-01-12,6.395
1994-01-13,6.024
1994-01-14,5.913
1994-01-15,5.752
1994-01-16,10.45
1994-01-17,8.313
1994-01-18,7.187
1994-01-19,6.556
1994-01-20,6.395
1994-01-21,6.234
1994-01-22,6.074
1994-01-23,6.074
1994-01-24,5.913
1994-01-25,5.752
1994-01-26,5.752
1994-01-27,5.752
1994-01-28,5.591
1994-01-29,5.591
1994-01-30,5.430
1994-01-31,5.430
1994-02-01,5.270
1994-02-02,5.270
1994-02-03,5.270
1994-02-04,5.270
1994-02-05,5.220
1994-02-06,5.109
1994-02-07,4.948
1994-02-08,4.948
1994-02-09,5.913
1994-02-10,7.261
1994-02-11,6.185
1994-02-12,5.752
1994-02-13,5.480
1994-02-14,5.591
1994-02-15,5.430
1994-02-16,5.319
1994-02-17,5.319
1994-02-18,5.220
1994-02-19,5.220
1994-02-20,5.059
1994-02-21,5.059
1994-02-22,4.948
1994-02-23,4.899
1994-02-24,4.849
1994-02-25,4.602
1994-02-26,4.602
1994-02-27,4.453
1994-02-28,4.453
1994-03-01,4.305
1994-03-02,4.305
1994-03-03,4.156
1994-03-04,4.156
1994-03-05,4.057
1994-03-06,4.057
1994-03-07,4.206
1994-03-08,4.305
1994-03-09,4.354
1994-03-10,4.354
1994-03-11,4.255
1994-03-12,4.057
1994-03-13,4.107
1994-03-14,6.346
1994-03-15,5.480
1994-03-16,5.542
1994-03-17,5.270
1994-03-18,5.641
1994-03-19,5.641
1994-03-20,6.346
1994-03-21,13.11
1994-03-22,8.807
1994-03-23,6.902
1994-03-24,5.542
1994-03-25,6.841
1994-03-26,8.325
1994-03-27,6.655
1994-03-28,6.346
1994-03-29,5.802
1994-03-30,6.024
1994-03-31,6.445
1994-04-01,7.397
1994-04-02,7.744
1994-04-03,10.44
1994-04-04,7.187
1994-04-05,6.841
1994-04-06,9.550
1994-04-07,9.042
1994-04-08,8.164
1994-04-09,8.028
1994-04-10,6.284
1994-04-11,4.552
1994-04-12,5.913
1994-04-13,5.542
1994-04-14,5.542
1994-04-15,5.381
1994-04-16,5.319
1994-04-17,5.270
1994-04-18,5.220
1994-04-19,5.542
1994-04-20,5.641
1994-04-21,6.346
1994-04-22,6.841
1994-04-23,7.051
1994-04-24,8.387
1994-04-25,7.744
1994-04-26,6.024
1994-04-27,6.804
1994-04-28,6.284
1994-04-29,6.074
1994-04-30,6.346
1994-05-01,6.027
1994-05-02,5.354
1994-05-03,6.700
1994-05-04,8.986
1994-05-05,8.669
1994-05-06,8.798
1994-05-07,7.283
1994-05-08,8.817
1994-05-09,9.470
1994-05-10,15.537
1994-05-11,12.667
1994-05-12,8.471
1994-05-13,8.055
1994-05-14,7.402
1994-05-15,9.124
1994-05-16,8.055
1994-05-17,8.600
1994-05-18,7.818
1994-05-19,7.462
1994-05-20,6.818
1994-05-21,5.690
1994-05-22,9.470
1994-05-23,21.474
1994-05-24,21.771
1994-05-25,17.219
1994-05-26,17.219
1994-05-27,17.219
1994-05-28,21.771
1994-05-29,18.604
1994-05-30,19.297
1994-05-31,16.130
1994-06-01,41.007
1994-06-02,41.842
1994-06-03,23.379
1994-06-04,22.544
1994-06-05,23.379
1994-06-06,19.297
1994-06-07,17.349
1994-06-08,17.349
1994-06-09,38.594
1994-06-10,27.183
1994-06-11,24.029
1994-06-12,25.884
1994-06-13,27.925
1994-06-14,28.667
1994-06-15,25.977
1994-06-16,26.348
1994-06-17,26.626
1994-06-18,49.078
1994-06-19,82.848
1994-06-20,39.151
1994-06-21,36.553
1994-06-22,69.488
1994-06-23,57.892
1994-06-24,38.780
1994-06-25,62.530
1994-06-26,33.492
1994-06-27,35.533
1994-06-28,23.287
1994-06-29,47.222
1994-06-30,39.244
1994-07-01,39.151
1994-07-02,70.509
1994-07-03,43.326
1994-07-04,40.450
1994-07-05,37.481
1994-07-06,44.346
1994-07-07,38.038
1994-07-08,37.945
1994-07-09,44.903
1994-07-10,40.450
1994-07-11,37.667
1994-07-12,37.667
1994-07-13,42.955
1994-07-14,38.502
1994-07-15,35.533
1994-07-16,41.749
1994-07-17,29.502
1994-07-18,38.131
1994-07-19,49.542
1994-07-20,52.418
1994-07-21,54.366
1994-07-22,44.625
1994-07-23,46.295
1994-07-24,53.067
1994-07-25,87.116
1994-07-26,91.383
1994-07-27,82.570
1994-07-28,111.05
1994-07-29,110.68
1994-07-30,97.135
1994-07-31,78.488
1994-08-01,50.562
1994-08-02,44.532
1994-08-03,51.676
1994-08-04,47.686
1994-08-05,48.429
1994-08-06,53.067
1994-08-07,63.365
1994-08-08,56.871
1994-08-09,84.332
1994-08-10,76.725
1994-08-11,65.777
1994-08-12,66.798
1994-08-13,62.345
1994-08-14,95.837
1994-08-15,123.020
1994-08-16,75.890
1994-08-17,58.912
1994-08-18,58.541
1994-08-19,53.624
1994-08-20,53.810
1994-08-21,119.123
1994-08-22,89.806
1994-08-23,75.704
1994-08-24,76.261
1994-08-25,73.663
1994-08-26,76.910
1994-08-27,70.416
1994-08-28,83.405
1994-08-29,73.478
1994-08-30,63.551
1994-08-31,67.819
1994-09-01,64.015
1994-09-02,65.592
1994-09-03,89.342
1994-09-04,58.170
1994-09-05,49.913
1994-09-06,49.449
1994-09-07,43.048
1994-09-08,42.398
1994-09-09,77.745
1994-09-10,49.449
1994-09-11,48.614
1994-09-12,51.490
1994-09-13,56.407
1994-09-14,56.686
1994-09-15,54.273
1994-09-16,51.119
1994-09-17,47.594
1994-09-18,46.295
1994-09-19,43.048
1994-09-20,41.656
1994-09-21,42.862
1994-09-22,50.841
1994-09-23,58.912
1994-09-24,51.861
1994-09-25,47.686
1994-09-26,42.213
1994-09-27,38.687
1994-09-28,38.038
1994-09-29,37.110
1994-09-30,34.512
1994-10-01,34.698
1994-10-02,34.420
1994-10-03,33.213
1994-10-04,31.636
1994-10-05,29.502
1994-10-06,26.998
1994-10-07,25.699
1994-10-08,24.122
1994-10-09,23.472
1994-10-10,23.101
1994-10-11,22.915
1994-10-12,23.101
1994-10-13,22.730
1994-10-14,21.895
1994-10-15,21.338
1994-10-16,20.225
1994-10-17,19.483
1994-10-18,18.369
1994-10-19,17.627
1994-10-20,17.442
1994-10-21,17.071
1994-10-22,16.885
1994-10-23,16.607
1994-10-24,16.050
1994-10-25,15.493
1994-10-26,15.215
1994-10-27,14.751
1994-10-28,15.122
1994-10-29,13.916
1994-10-30,13.823
1994-10-31,16.143
1994-11-01,16.922
1994-11-02,15.438
1994-11-03,13.755
1994-11-04,13.360
1994-11-05,12.667
1994-11-06,12.370
1994-11-07,11.875
1994-11-08,11.479
1994-11-09,11.281
1994-11-10,11.182
1994-11-11,10.985
1994-11-12,10.688
1994-11-13,10.490
1994-11-14,10.292
1994-11-15,10.094
1994-11-16,9.995
1994-11-17,9.886
1994-11-18,9.748
1994-11-19,9.678
1994-11-20,9.470
1994-11-21,9.263
1994-11-22,9.055
1994-11-23,8.916
1994-11-24,8.649
1994-11-25,8.471
1994-11-26,8.352
1994-11-27,8.352
1994-11-28,8.798
1994-11-29,8.916
1994-11-30,8.708
1994-12-01,10.663
1994-12-02,10.440
1994-12-03,10.440
1994-12-04,10.143
1994-12-05,9.921
1994-12-06,9.698
1994-12-07,9.253
1994-12-08,9.030
1994-12-09,8.882
1994-12-10,8.807
1994-12-11,8.659
1994-12-12,8.659
1994-12-13,8.659
1994-12-14,8.659
1994-12-15,
1994-12-16,
1994-12-17,
1994-12-18,
1994-12-19,
1994-12-20,
1994-12-21,
1994-12-22,
1994-12-23,
1994-12-24,
1994-12-25,
1994-12-26,
1994-12-27,
1994-12-28,
1994-12-29,
1994-12-30,
1994-12-31,
1995-01-01,6.902
1995-01-02,6.766
1995-01-03,6.766
1995-01-04,6.766
1995-01-05,6.556
1995-01-06,6.556
1995-01-07,6.556
1995-01-08,6.556
1995-01-09,6.556
1995-01-10,6.556
1995-01-11,6.556
1995-01-12,6.395
1995-01-13,6.395
1995-01-14,6.395
1995-01-15,6.445
1995-01-16,6.395
1995-01-17,6.395
1995-01-18,6.902
1995-01-19,6.507
1995-01-20,6.234
1995-01-21,6.234
1995-01-22,6.074
1995-01-23,6.074
1995-01-24,5.913
1995-01-25,5.913
1995-01-26,5.752
1995-01-27,5.752
1995-01-28,5.752
1995-01-29,5.591
1995-01-30,5.591
1995-01-31,5.591
1995-02-01,5.430
1995-02-02,5.430
1995-02-03,5.430
1995-02-04,5.270
1995-02-05,5.270
1995-02-06,5.752
1995-02-07,5.752
1995-02-08,5.430
1995-02-09,5.270
1995-02-10,5.270
1995-02-11,5.270
1995-02-12,5.109
1995-02-13,5.430
1995-02-14,5.270
1995-02-15,5.703
1995-02-16,5.591
1995-02-17,5.752
1995-02-18,5.703
1995-02-19,5.542
1995-02-20,5.430
1995-02-21,5.220
1995-02-22,5.109
1995-02-23,4.948
1995-02-24,4.948
1995-02-25,4.800
1995-02-26,4.800
1995-02-27,4.800
1995-02-28,4.800
1995-03-01,4.800
1995-03-02,4.800
1995-03-03,4.948
1995-03-04,4.948
1995-03-05,5.158
1995-03-06,5.381
1995-03-07,5.059
1995-03-08,5.059
1995-03-09,4.948
1995-03-10,4.800
1995-03-11,4.800
1995-03-12,4.948
1995-03-13,4.948
1995-03-14,4.750
1995-03-15,4.602
1995-03-16,4.354
1995-03-17,4.354
1995-03-18,4.305
1995-03-19,4.453
1995-03-20,5.158
1995-03-21,5.319
1995-03-22,5.430
1995-03-23,5.641
1995-03-24,6.630
1995-03-25,6.977
1995-03-26,6.655
1995-03-27,6.643
1995-03-28,7.533
1995-03-29,6.766
1995-03-30,7.892
1995-03-31,8.164
1995-04-01,7.323
1995-04-02,5.381
1995-04-03,5.059
1995-04-04,4.948
1995-04-05,5.109
1995-04-06,5.109
1995-04-07,4.948
1995-04-08,4.701
1995-04-09,4.453
1995-04-10,4.960
1995-04-11,6.284
1995-04-12,6.185
1995-04-13,5.802
1995-04-14,5.591
1995-04-15,4.948
1995-04-16,5.109
1995-04-17,5.220
1995-04-18,8.535
1995-04-19,12.494
1995-04-20,9.253
1995-04-21,8.956
1995-04-22,7.471
1995-04-23,6.766
1995-04-24,8.313
1995-04-25,8.585
1995-04-26,8.671
1995-04-27,14.102
1995-04-28,10.861
1995-04-29,10.453
1995-04-30,14.597
1995-05-01,16.229
1995-05-02,11.776
1995-05-03,12.469
1995-05-04,13.459
1995-05-05,11.578
1995-05-06,8.174
1995-05-07,10.292
1995-05-08,8.718
1995-05-09,10.886
1995-05-10,16.229
1995-05-11,22.563
1995-05-12,15.438
1995-05-13,20.188
1995-05-14,24.344
1995-05-15,29.490
1995-05-16,22.662
1995-05-17,32.360
1995-05-18,66.402
1995-05-19,83.126
1995-05-20,88.173
1995-05-21,36.714
1995-05-22,30.381
1995-05-23,28.599
1995-05-24,28.599
1995-05-25,28.995
1995-05-26,28.204
1995-05-27,27.709
1995-05-28,27.214
1995-05-29,30.183
1995-05-30,32.063
1995-05-31,32.360
1995-06-01,47.408
1995-06-02,45.831
1995-06-03,41.842
1995-06-04,33.028
1995-06-05,43.048
1995-06-06,43.790
1995-06-07,43.140
1995-06-08,42.398
1995-06-09,42.584
1995-06-10,72.643
1995-06-11,61.695
1995-06-12,51.861
1995-06-13,53.531
1995-06-14,58.819
1995-06-15,71.808
1995-06-16,88.229
1995-06-17,76.632
1995-06-18,151.22
1995-06-19,95.373
1995-06-20,68.839
1995-06-21,55.851
1995-06-22,51.861
1995-06-23,48.150
1995-06-24,49.820
1995-06-25,49.171
1995-06-26,37.388
1995-06-27,36.182
1995-06-28,36.739
1995-06-29,68.654
1995-06-30,55.851
1995-07-01,159.851
1995-07-02,106.691
1995-07-03,121.906
1995-07-04,88.229
1995-07-05,93.888
1995-07-06,146.863
1995-07-07,173.025
1995-07-08,129.143
1995-07-09,90.641
1995-07-10,75.612
1995-07-11,106.506
1995-07-12,74.127
1995-07-13,128.957
1995-07-14,106.970
1995-07-15,105.856
1995-07-16,88.507
1995-07-17,96.208
1995-07-18,113.928
1995-07-19,85.724
1995-07-20,82.848
1995-07-21,76.447
1995-07-22,69.117
1995-07-23,67.726
1995-07-24,66.705
1995-07-25,64.386
1995-07-26,62.994
1995-07-27,68.561
1995-07-28,64.850
1995-07-29,57.242
1995-07-30,69.025
1995-07-31,87.487
1995-08-01,70.138
1995-08-02,74.127
1995-08-03,72.828
1995-08-04,66.705
1995-08-05,63.087
1995-08-06,57.428
1995-08-07,117.917
1995-08-08,96.579
1995-08-09,82.013
1995-08-10,76.168
1995-08-11,76.168
1995-08-12,89.992
1995-08-13,84.796
1995-08-14,110.031
1995-08-15,169.964
1995-08-16,130.442
1995-08-17,82.291
1995-08-18,69.952
1995-08-19,68.097
1995-08-20,92.961
1995-08-21,85.353
1995-08-22,70.231
1995-08-23,67.540
1995-08-24,71.715
1995-08-25,127.287
1995-08-26,105.300
1995-08-27,118.010
1995-08-28,111.979
1995-08-29,132.204
1995-08-30,211.805
1995-08-31,98.434
1995-09-01,75.426
1995-09-02,68.097
1995-09-03,60.397
1995-09-04,70.416
1995-09-05,91.291
1995-09-06,77.374
1995-09-07,63.644
1995-09-08,57.057
1995-09-09,47.872
1995-09-10,73.756
1995-09-11,60.489
1995-09-12,46.851
1995-09-13,45.181
1995-09-14,41.656
1995-09-15,41.192
1995-09-16,39.986
1995-09-17,38.223
1995-09-18,42.120
1995-09-19,42.955
1995-09-20,41.934
1995-09-21,40.635
1995-09-22,39.708
1995-09-23,46.480
1995-09-24,75.055
1995-09-25,61.046
1995-09-26,53.902
1995-09-27,55.294
1995-09-28,54.737
1995-09-29,51.119
1995-09-30,50.655
1995-10-01,46.480
1995-10-02,42.584
1995-10-03,54.737
1995-10-04,50.933
1995-10-05,50.470
1995-10-06,41.934
1995-10-07,37.388
1995-10-08,31.729
1995-10-09,29.874
1995-10-10,28.018
1995-10-11,27.647
1995-10-12,27.090
1995-10-13,36.182
1995-10-14,36.461
1995-10-15,31.080
1995-10-16,26.905
1995-10-17,36.461
1995-10-18,27.461
1995-10-19,25.420
1995-10-20,23.936
1995-10-21,22.544
1995-10-22,22.544
1995-10-23,21.895
1995-10-24,20.225
1995-10-25,18.833
1995-10-26,18.555
1995-10-27,17.998
1995-10-28,17.442
1995-10-29,16.143
1995-10-30,16.236
1995-10-31,16.050
1995-11-01,16.625
1995-11-02,16.229
1995-11-03,15.933
1995-11-04,15.537
1995-11-05,14.943
1995-11-06,14.745
1995-11-07,14.448
1995-11-08,14.151
1995-11-09,13.755
1995-11-10,158.33
1995-11-11,110.93
1995-11-12,29.985
1995-11-13,23.256
1995-11-14,20.782
1995-11-15,18.209
1995-11-16,17.615
1995-11-17,16.526
1995-11-18,15.438
1995-11-19,14.448
1995-11-20,14.349
1995-11-21,14.052
1995-11-22,13.459
1995-11-23,12.964
1995-11-24,12.667
1995-11-25,12.964
1995-11-26,12.667
1995-11-27,12.667
1995-11-28,12.469
1995-11-29,12.073
1995-11-30,11.677
1995-12-01,13.483
1995-12-02,13.112
1995-12-03,12.989
1995-12-04,12.741
1995-12-05,12.741
1995-12-06,12.494
1995-12-07,12.358
1995-12-08,12.184
1995-12-09,11.925
1995-12-10,11.578
1995-12-11,11.405
1995-12-12,11.145
1995-12-13,11.059
1995-12-14,10.811
1995-12-15,10.663
1995-12-16,10.440
1995-12-17,10.440
1995-12-18,10.440
1995-12-19,10.589
1995-12-20,10.218
1995-12-21,10.218
1995-12-22,10.143
1995-12-23,9.995
1995-12-24,9.847
1995-12-25,10.143
1995-12-26,10.143
1995-12-27,8.585
1995-12-28,7.608
1995-12-29,7.608
1995-12-30,7.397
1995-12-31,7.818
1996-01-01,14.968
1996-01-02,14.968
1996-01-03,14.844
1996-01-04,14.720
1996-01-05,14.349
1996-01-06,14.102
1996-01-07,13.731
1996-01-08,13.483
1996-01-09,13.607
1996-01-10,13.236
1996-01-11,13.236
1996-01-12,12.989
1996-01-13,12.989
1996-01-14,12.989
1996-01-15,12.989
1996-01-16,12.989
1996-01-17,18.060
1996-01-18,14.720
1996-01-19,14.102
1996-01-20,13.978
1996-01-21,13.731
1996-01-22,13.731
1996-01-23,13.483
1996-01-24,13.112
1996-01-25,12.989
1996-01-26,12.741
1996-01-27,12.494
1996-01-28,12.494
1996-01-29,12.184
1996-01-30,12.184
1996-01-31,12.184
1996-02-01,11.925
1996-02-02,11.752
1996-02-03,11.665
1996-02-04,11.405
1996-02-05,11.405
1996-02-06,10.886
1996-02-07,10.886
1996-02-08,11.059
1996-02-09,11.145
1996-02-10,10.972
1996-02-11,11.059
1996-02-12,11.578
1996-02-13,11.145
1996-02-14,10.737
1996-02-15,10.737
1996-02-16,10.440
1996-02-17,10.440
1996-02-18,10.218
1996-02-19,10.366
1996-02-20,11.145
1996-02-21,10.737
1996-02-22,10.675
1996-02-23,10.292
1996-02-24,10.069
1996-02-25,9.995
1996-02-26,10.069
1996-02-27,10.910
1996-02-28,10.589
1996-02-29,9.995
1996-03-01,9.995
1996-03-02,9.847
1996-03-03,9.772
1996-03-04,9.847
1996-03-05,9.772
1996-03-06,9.698
1996-03-07,9.550
1996-03-08,12.011
1996-03-09,14.226
1996-03-10,12.209
1996-03-11,11.145
1996-03-12,11.343
1996-03-13,12.989
1996-03-14,11.752
1996-03-15,12.741
1996-03-16,12.741
1996-03-17,13.607
1996-03-18,12.617
1996-03-19,12.271
1996-03-20,11.665
1996-03-21,10.886
1996-03-22,10.440
1996-03-23,10.440
1996-03-24,10.218
1996-03-25,10.515
1996-03-26,10.663
1996-03-27,11.319
1996-03-28,10.848
1996-03-29,11.257
1996-03-30,12.370
1996-03-31,14.473
1996-04-01,12.358
1996-04-02,11.145
1996-04-03,10.515
1996-04-04,10.515
1996-04-05,10.218
1996-04-06,9.995
1996-04-07,10.218
1996-04-08,11.442
1996-04-09,11.752
1996-04-10,12.011
1996-04-11,11.022
1996-04-12,11.158
1996-04-13,11.331
1996-04-14,10.886
1996-04-15,10.972
1996-04-16,12.865
1996-04-17,12.741
1996-04-18,12.358
1996-04-19,11.752
1996-04-20,12.271
1996-04-21,16.328
1996-04-22,15.215
1996-04-23,13.607
1996-04-24,13.854
1996-04-25,13.607
1996-04-26,13.483
1996-04-27,12.494
1996-04-28,12.617
1996-04-29,16.328
1996-04-30,16.576
1996-05-01,20.287
1996-05-02,15.537
1996-05-03,15.438
1996-05-04,14.745
1996-05-05,23.454
1996-05-06,20.485
1996-05-07,21.177
1996-05-08,21.771
1996-05-09,27.412
1996-05-10,21.870
1996-05-11,20.584
1996-05-12,20.584
1996-05-13,18.407
1996-05-14,28.204
1996-05-15,22.464
1996-05-16,24.839
1996-05-17,34.042
1996-05-18,29.292
1996-05-19,21.771
1996-05-20,21.177
1996-05-21,20.287
1996-05-22,18.604
1996-05-23,19.297
1996-05-24,19.594
1996-05-25,26.323
1996-05-26,49.777
1996-05-27,29.391
1996-05-28,42.652
1996-05-29,45.720
1996-05-30,36.912
1996-05-31,47.996
1996-06-01,40.543
1996-06-02,40.635
1996-06-03,33.956
1996-06-04,35.440
1996-06-05,31.544
1996-06-06,28.389
1996-06-07,23.565
1996-06-08,23.101
1996-06-09,20.874
1996-06-10,18.926
1996-06-11,29.688
1996-06-12,23.750
1996-06-13,28.018
1996-06-14,34.141
1996-06-15,49.820
1996-06-16,106.78
1996-06-17,42.491
1996-06-18,50.099
1996-06-19,39.244
1996-06-20,53.810
1996-06-21,55.851
1996-06-22,82.106
1996-06-23,62.066
1996-06-24,67.540
1996-06-25,63.644
1996-06-26,72.736
1996-06-27,123.39
1996-06-28,102.61
1996-06-29,89.528
1996-06-30,111.79
1996-07-01,92.311
1996-07-02,110.495
1996-07-03,90.270
1996-07-04,85.539
1996-07-05,83.312
1996-07-06,80.065
1996-07-07,118.103
1996-07-08,69.952
1996-07-09,83.590
1996-07-10,97.970
1996-07-11,137.585
1996-07-12,134.245
1996-07-13,252.162
1996-07-14,227.577
1996-07-15,181.097
1996-07-16,143.801
1996-07-17,222.011
1996-07-18,159.759
1996-07-19,142.874
1996-07-20,278.511
1996-07-21,166.160
1996-07-22,146.213
1996-07-23,124.504
1996-07-24,97.692
1996-07-25,122.463
1996-07-26,109.289
1996-07-27,131.369
1996-07-28,113.464
1996-07-29,114.299
1996-07-30,116.525
1996-07-31,106.784
1996-08-01,114.948
1996-08-02,106.691
1996-08-03,90.085
1996-08-04,92.589
1996-08-05,86.002
1996-08-06,144.451
1996-08-07,100.011
1996-08-08,93.239
1996-08-09,93.981
1996-08-10,93.146
1996-08-11,147.605
1996-08-12,95.187
1996-08-13,95.280
1996-08-14,119.865
1996-08-15,123.298
1996-08-16,194.828
1996-08-17,141.667
1996-08-18,176.273
1996-08-19,198.260
1996-08-20,142.688
1996-08-21,145.564
1996-08-22,138.977
1996-08-23,108.083
1996-08-24,90.363
1996-08-25,80.993
1996-08-26,78.580
1996-08-27,99.455
1996-08-28,81.364
1996-08-29,99.084
1996-08-30,116.804
1996-08-31,111.794
1996-09-01,93.517
1996-09-02,96.022
1996-09-03,111.237
1996-09-04,134.431
1996-09-05,122.370
1996-09-06,103.537
1996-09-07,129.143
1996-09-08,126.174
1996-09-09,113.186
1996-09-10,124.597
1996-09-11,94.352
1996-09-12,85.724
1996-09-13,81.642
1996-09-14,80.529
1996-09-15,80.807
1996-09-16,72.643
1996-09-17,66.334
1996-09-18,63.736
1996-09-19,63.644
1996-09-20,54.552
1996-09-21,51.676
1996-09-22,49.264
1996-09-23,49.078
1996-09-24,70.231
1996-09-25,54.273
1996-09-26,60.489
1996-09-27,95.837
1996-09-28,92.961
1996-09-29,66.984
1996-09-30,57.892
1996-10-01,52.047
1996-10-02,52.882
1996-10-03,66.520
1996-10-04,50.284
1996-10-05,63.458
1996-10-06,51.861
1996-10-07,45.553
1996-10-08,43.419
1996-10-09,40.079
1996-10-10,40.543
1996-10-11,38.502
1996-10-12,37.945
1996-10-13,35.533
1996-10-14,33.863
1996-10-15,31.729
1996-10-16,35.347
1996-10-17,30.337
1996-10-18,30.709
1996-10-19,26.626
1996-10-20,24.864
1996-10-21,26.070
1996-10-22,25.328
1996-10-23,25.606
1996-10-24,24.585
1996-10-25,23.565
1996-10-26,23.287
1996-10-27,22.544
1996-10-28,21.988
1996-10-29,22.080
1996-10-30,21.245
1996-10-31,23.008
1996-11-01,21.672
1996-11-02,21.375
1996-11-03,21.078
1996-11-04,20.584
1996-11-05,20.089
1996-11-06,19.990
1996-11-07,19.495
1996-11-08,19.198
1996-11-09,19.000
1996-11-10,18.901
1996-11-11,18.604
1996-11-12,18.604
1996-11-13,17.417
1996-11-14,18.209
1996-11-15,18.011
1996-11-16,17.714
1996-11-17,17.417
1996-11-18,17.120
1996-11-19,16.427
1996-11-20,16.032
1996-11-21,15.636
1996-11-22,15.438
1996-11-23,15.240
1996-11-24,15.240
1996-11-25,14.943
1996-11-26,14.745
1996-11-27,14.448
1996-11-28,14.151
1996-11-29,13.953
1996-11-30,13.755
1996-12-01,17.071
1996-12-02,16.823
1996-12-03,16.452
1996-12-04,16.205
1996-12-05,16.081
1996-12-06,15.710
1996-12-07,15.215
1996-12-08,14.968
1996-12-09,14.844
1996-12-10,14.720
1996-12-11,14.349
1996-12-12,14.102
1996-12-13,13.731
1996-12-14,13.483
1996-12-15,13.236
1996-12-16,12.989
1996-12-17,12.494
1996-12-18,13.483
1996-12-19,13.483
1996-12-20,13.483
1996-12-21,13.607
1996-12-22,13.360
1996-12-23,13.236
1996-12-24,13.236
1996-12-25,12.989
1996-12-26,12.741
1996-12-27,12.494
1996-12-28,12.271
1996-12-29,12.184
1996-12-30,11.925
1996-12-31,11.665
1997-01-01,11.665
1997-01-02,11.665
1997-01-03,11.492
1997-01-04,11.405
1997-01-05,11.145
1997-01-06,11.145
1997-01-07,10.886
1997-01-08,10.886
1997-01-09,10.663
1997-01-10,10.663
1997-01-11,10.589
1997-01-12,10.440
1997-01-13,10.366
1997-01-14,10.218
1997-01-15,10.218
1997-01-16,9.995
1997-01-17,10.292
1997-01-18,18
1997-01-19,19
1997-01-20,20
1997-01-21,21
1997-01-22,22
1997-01-23,23
1997-01-24,24
1997-01-25,25
1997-01-26,26
1997-01-27,27
1997-01-28,28
1997-01-29,29
1997-01-30,30
1997-01-31,31
1997-02-01,10.589
1997-02-02,10.440
1997-02-03,10.218
1997-02-04,9.995
1997-02-05,9.847
1997-02-06,9.624
1997-02-07,9.401
1997-02-08,9.401
1997-02-09,9.104
1997-02-10,8.956
1997-02-11,8.956
1997-02-12,8.733
1997-02-13,8.659
1997-02-14,8.523
1997-02-15,8.449
1997-02-16,8.238
1997-02-17,8.238
1997-02-18,10.218
1997-02-19,10.069
1997-02-20,9.921
1997-02-21,9.698
1997-02-22,9.550
1997-02-23,9.698
1997-02-24,11.232
1997-02-25,10.886
1997-02-26,10.663
1997-02-27,10.663
1997-02-28,10.366
1997-03-01,8.585
1997-03-02,8.659
1997-03-03,8.733
1997-03-04,8.807
1997-03-05,8.659
1997-03-06,8.733
1997-03-07,8.659
1997-03-08,8.807
1997-03-09,8.956
1997-03-10,8.807
1997-03-11,8.807
1997-03-12,8.659
1997-03-13,8.659
1997-03-14,8.659
1997-03-15,8.449
1997-03-16,8.585
1997-03-17,8.659
1997-03-18,8.374
1997-03-19,8.523
1997-03-20,8.585
1997-03-21,8.659
1997-03-22,8.659
1997-03-23,8.585
1997-03-24,8.585
1997-03-25,8.659
1997-03-26,8.659
1997-03-27,8.523
1997-03-28,8.585
1997-03-29,
1997-03-30,8.585
1997-03-31,
1997-04-01,13.483
1997-04-02,10.490
1997-04-03,10.811
1997-04-04,10.440
1997-04-05,10.218
1997-04-06,9.698
1997-04-07,9.327
1997-04-08,8.882
1997-04-09,10.440
1997-04-10,12.098
1997-04-11,11.059
1997-04-12,11.232
1997-04-13,10.515
1997-04-14,10.218
1997-04-15,20.287
1997-04-16,14.720
1997-04-17,14.102
1997-04-18,8.733
1997-04-19,8.733
1997-04-20,8.659
1997-04-21,8.659
1997-04-22,8.659
1997-04-23,8.585
1997-04-24,8.585
1997-04-25,8.659
1997-04-26,8.523
1997-04-27,8.523
1997-04-28,8.523
1997-04-29,8.585
1997-04-30,8.733
1997-05-01,15.438
1997-05-02,13.261
1997-05-03,11.380
1997-05-04,13.656
1997-05-05,14.448
1997-05-06,14.943
1997-05-07,14.646
1997-05-08,14.943
1997-05-09,14.943
1997-05-10,14.745
1997-05-11,14.745
1997-05-12,14.151
1997-05-13,15.636
1997-05-14,16.130
1997-05-15,15.933
1997-05-16,14.547
1997-05-17,13.459
1997-05-18,11.752
1997-05-19,11.319
1997-05-20,11.405
1997-05-21,10.972
1997-05-22,10.366
1997-05-23,10.143
1997-05-24,10.069
1997-05-25,11.925
1997-05-26,11.232
1997-05-27,10.972
1997-05-28,10.811
1997-05-29,
1997-05-30,
1997-05-31,
1997-06-01,16.236
1997-06-02,16.050
1997-06-03,16.328
1997-06-04,18.369
1997-06-05,16.700
1997-06-06,40.264
1997-06-07,34.698
1997-06-08,31.080
1997-06-09,32.564
1997-06-10,33.585
1997-06-11,65.685
1997-06-12,44.718
1997-06-13,44.439
1997-06-14,56.314
1997-06-15,43.326
1997-06-16,43.326
1997-06-17,Â
1997-06-18,14.844
1997-06-19,15.735
1997-06-20,14.052
1997-06-21,16.328
1997-06-22,18.506
1997-06-23,21.375
1997-06-24,20.287
1997-06-25,19.792
1997-06-26,19.297
1997-06-27,18.703
1997-06-28,18.802
1997-06-29,18.308
1997-06-30,17.813
1997-07-01,117.082
1997-07-02,75.704
1997-07-03,60.025
1997-07-04,126.081
1997-07-05,123.576
1997-07-06,111.701
1997-07-07,156.975
1997-07-08,131.833
1997-07-09,100.104
1997-07-10,104.743
1997-07-11,107.341
1997-07-12,89.435
1997-07-13,74.313
1997-07-14,64.850
1997-07-15,72.828
1997-07-16,98.156
1997-07-17,
1997-07-18,42.769
1997-07-19,35.904
1997-07-20,43.975
1997-07-21,41.656
1997-07-22,70.880
1997-07-23,65.314
1997-07-24,67.447
1997-07-25,75.148
1997-07-26,83.590
1997-07-27,63.922
1997-07-28,65.777
1997-07-29,111.05
1997-07-30,
1997-07-31,
1997-08-01,69.488
1997-08-02,72.457
1997-08-03,74.591
1997-08-04,90.270
1997-08-05,101.403
1997-08-06,90.920
1997-08-07,88.229
1997-08-08,71.901
1997-08-09,451.072
1997-08-10,199.281
1997-08-11,246.596
1997-08-12,241.957
1997-08-13,240.751
1997-08-14,223.588
1997-08-15,232.401
1997-08-16,309.776
1997-08-17,82.477
1997-08-18,66.984
1997-08-19,60.025
1997-08-20,62.345
1997-08-21,53.253
1997-08-22,50.841
1997-08-23,48.800
1997-08-24,66.984
1997-08-25,120.144
1997-08-26,132.483
1997-08-27,97.970
1997-08-28,125.803
1997-08-29,80.900
1997-08-30,71.808
1997-08-31,
1997-09-01,77.096
1997-09-02,78.766
1997-09-03,80.900
1997-09-04,66.798
1997-09-05,93.517
1997-09-06,92.033
1997-09-07,75.983
1997-09-08,72.086
1997-09-09,77.096
1997-09-10,69.860
1997-09-11,83.219
1997-09-12,109.382
1997-09-13,97.692
1997-09-14,114.670
1997-09-15,113.742
1997-09-16,153.450
1997-09-17,340.299
1997-09-18,329.815
1997-09-19,173.582
1997-09-20,118.752
1997-09-21,105.671
1997-09-22,91.754
1997-09-23,88.693
1997-09-24,75.333
1997-09-25,80.714
1997-09-26,76.632
1997-09-27,66.520
1997-09-28,64.757
1997-09-29,65.406
1997-09-30,64.571
1997-10-01,65.592
1997-10-02,58.819
1997-10-03,57.613
1997-10-04,51.119
1997-10-05,47.130
1997-10-06,45.553
1997-10-07,42.955
1997-10-08,40.079
1997-10-09,37.759
1997-10-10,37.110
1997-10-11,36.646
1997-10-12,35.811
1997-10-13,34.512
1997-10-14,34.791
1997-10-15,33.770
1997-10-16,31.822
1997-10-17,117.917
1997-10-18,139.348
1997-10-19,144.265
1997-10-20,110.402
1997-10-21,102.331
1997-10-22,85.260
1997-10-23,91.476
1997-10-24,84.611
1997-10-25,89.250
1997-10-26,75.890
1997-10-27,247.245
1997-10-28,104.650
1997-10-29,85.539
1997-10-30,
1997-10-31,
1997-11-01,23.750
1997-11-02,23.552
1997-11-03,23.355
1997-11-04,22.761
1997-11-05,22.464
1997-11-06,21.969
1997-11-07,20.485
1997-11-08,21.177
1997-11-09,20.782
1997-11-10,20.485
1997-11-11,20.188
1997-11-12,19.891
1997-11-13,19.891
1997-11-14,19.594
1997-11-15,19.198
1997-11-16,18.901
1997-11-17,31.172
1997-11-18,29.874
1997-11-19,28.296
1997-11-20,26.905
1997-11-21,25.884
1997-11-22,25.142
1997-11-23,25.328
1997-11-24,26.626
1997-11-25,25.328
1997-11-26,24.585
1997-11-27,24.214
1997-11-28,23.472
1997-11-29,22.915
1997-11-30,22.915
1997-12-01,13.978
1997-12-02,13.483
1997-12-03,13.236
1997-12-04,12.989
1997-12-05,12.741
1997-12-06,12.494
1997-12-07,12.494
1997-12-08,12.358
1997-12-09,21.771
1997-12-10,16.205
1997-12-11,14.720
1997-12-12,13.854
1997-12-13,16.823
1997-12-14,15.834
1997-12-15,12.741
1997-12-16,12.741
1997-12-17,18.604
1997-12-18,18.308
1997-12-19,17.813
1997-12-20,17.120
1997-12-21,16.130
1997-12-22,15.438
1997-12-23,14.646
1997-12-24,13.854
1997-12-25,13.656
1997-12-26,13.360
1997-12-27,12.865
1997-12-28,12.469
1997-12-29,12.073
1997-12-30,
1997-12-31,
1998-01-01,11.145
1998-01-02,11.145
1998-01-03,10.886
1998-01-04,9.401
1998-01-05,10.589
1998-01-06,10.440
1998-01-07,10.218
1998-01-08,9.995
1998-01-09,9.772
1998-01-10,9.550
1998-01-11,9.475
1998-01-12,9.179
1998-01-13,9.104
1998-01-14,8.882
1998-01-15,8.659
1998-01-16,8.449
1998-01-17,8.238
1998-01-18,8.164
1998-01-19,8.028
1998-01-20,7.818
1998-01-21,7.608
1998-01-22,8.028
1998-01-23,8.028
1998-01-24,7.892
1998-01-25,7.818
1998-01-26,7.608
1998-01-27,7.608
1998-01-28,7.397
1998-01-29,7.397
1998-01-30,7.187
1998-01-31,7.187
1998-02-01,7.187
1998-02-02,6.977
1998-02-03,6.766
1998-02-04,6.766
1998-02-05,6.556
1998-02-06,6.556
1998-02-07,6.395
1998-02-08,6.643
1998-02-09,6.346
1998-02-10,6.234
1998-02-11,6.234
1998-02-12,6.074
1998-02-13,6.074
1998-02-14,6.074
1998-02-15,5.913
1998-02-16,6.074
1998-02-17,6.074
1998-02-18,6.185
1998-02-19,6.123
1998-02-20,6.234
1998-02-21,6.234
1998-02-22,6.507
1998-02-23,6.123
1998-02-24,6.024
1998-02-25,6.234
1998-02-26,6.655
1998-02-27,5.641
1998-02-28,6.074
1998-03-01,6.074
1998-03-02,5.913
1998-03-03,5.913
1998-03-04,5.802
1998-03-05,5.863
1998-03-06,6.123
1998-03-07,6.185
1998-03-08,6.185
1998-03-09,5.962
1998-03-10,6.074
1998-03-11,6.123
1998-03-12,5.962
1998-03-13,6.123
1998-03-14,5.641
1998-03-15,5.480
1998-03-16,5.319
1998-03-17,5.480
1998-03-18,5.480
1998-03-19,5.703
1998-03-20,5.542
1998-03-21,5.480
1998-03-22,5.641
1998-03-23,12.62
1998-03-24,10.14
1998-03-25,9.179
1998-03-26,9.995
1998-03-27,7.892
1998-03-28,7.397
1998-03-29,8.857
1998-03-30,18.93
1998-03-31,13.98
1998-04-01,10.366
1998-04-02,9.475
1998-04-03,9.191
1998-04-04,9.772
1998-04-05,8.449
1998-04-06,9.475
1998-04-07,11.319
1998-04-08,10.403
1998-04-09,11.430
1998-04-10,12.184
1998-04-11,10.143
1998-04-12,10.403
1998-04-13,10.824
1998-04-14,10.069
1998-04-15,10.069
1998-04-16,9.179
1998-04-17,10.539
1998-04-18,8.882
1998-04-19,8.968
1998-04-20,21.648
1998-04-21,27.461
1998-04-22,14.597
1998-04-23,13.731
1998-04-24,11.838
1998-04-25,13.360
1998-04-26,16.823
1998-04-27,19.792
1998-04-28,19.174
1998-04-29,36.368
1998-04-30,35.997
1998-05-01,26.917
1998-05-02,26.224
1998-05-03,20.485
1998-05-04,24.443
1998-05-05,22.266
1998-05-06,30.381
1998-05-07,29.886
1998-05-08,47.402
1998-05-09,34.537
1998-05-10,25.235
1998-05-11,23.552
1998-05-12,25.928
1998-05-13,21.672
1998-05-14,21.474
1998-05-15,28.896
1998-05-16,22.662
1998-05-17,21.672
1998-05-18,23.355
1998-05-19,23.552
1998-05-20,22.860
1998-05-21,23.157
1998-05-22,42.652
1998-05-23,59.277
1998-05-24,37.407
1998-05-25,37.209
1998-05-26,40.969
1998-05-27,48.095
1998-05-28,44.928
1998-05-29,40.178
1998-05-30,49.678
1998-05-31,39.089
1998-06-01,38.502
1998-06-02,59.005
1998-06-03,63.458
1998-06-04,84.054
1998-06-05,43.511
1998-06-06,44.718
1998-06-07,37.852
1998-06-08,39.893
1998-06-09,37.110
1998-06-10,40.264
1998-06-11,66.798
1998-06-12,75.983
1998-06-13,186.20
1998-06-14,61.232
1998-06-15,56.129
1998-06-16,51.583
1998-06-17,112.44
1998-06-18,107.71
1998-06-19,170.43
1998-06-20,103.26
1998-06-21,131.46
1998-06-22,84.982
1998-06-23,80.714
1998-06-24,116.43
1998-06-25,167.09
1998-06-26,134.34
1998-06-27,212.08
1998-06-28,127.01
1998-06-29,132.95
1998-06-30,189.26
1998-07-01,205.218
1998-07-02,162.356
1998-07-03,152.151
1998-07-04,110.588
1998-07-05,100.290
1998-07-06,115.412
1998-07-07,122.927
1998-07-08,141.667
1998-07-09,146.213
1998-07-10,121.535
1998-07-11,125.246
1998-07-12,128.215
1998-07-13,99.455
1998-07-14,108.361
1998-07-15,94.909
1998-07-16,78.859
1998-07-17,93.239
1998-07-18,123.112
1998-07-19,117.082
1998-07-20,155.120
1998-07-21,156.511
1998-07-22,131.555
1998-07-23,143.801
1998-07-24,169.129
1998-07-25,134.524
1998-07-26,121.257
1998-07-27,164.305
1998-07-28,139.812
1998-07-29,208.929
1998-07-30,159.944
1998-07-31,136.843
1998-08-01,132.204
1998-08-02,127.102
1998-08-03,127.102
1998-08-04,150.574
1998-08-05,287.695
1998-08-06,159.480
1998-08-07,164.768
1998-08-08,175.159
1998-08-09,164.397
1998-08-10,147.605
1998-08-11,195.291
1998-08-12,216.630
1998-08-13,211.156
1998-08-14,187.313
1998-08-15,178.128
1998-08-16,142.874
1998-08-17,287.231
1998-08-18,186.107
1998-08-19,176.087
1998-08-20,229.618
1998-08-21,285.376
1998-08-22,198.724
1998-08-23,175.066
1998-08-24,180.818
1998-08-25,150.017
1998-08-26,274.150
1998-08-27,172.005
1998-08-28,177.942
1998-08-29,164.490
1998-08-30,208.187
1998-08-31,275.078
1998-09-01,224.330
1998-09-02,250.771
1998-09-03,185.457
1998-09-04,157.346
1998-09-05,177.942
1998-09-06,236.855
1998-09-07,125.061
1998-09-08,115.412
1998-09-09,96.022
1998-09-10,88.415
1998-09-11,82.755
1998-09-12,75.333
1998-09-13,70.973
1998-09-14,67.540
1998-09-15,66.798
1998-09-16,63.644
1998-09-17,56.036
1998-09-18,59.469
1998-09-19,57.892
1998-09-20,62.252
1998-09-21,147.976
1998-09-22,71.622
1998-09-23,74.962
1998-09-24,61.695
1998-09-25,70.973
1998-09-26,59.190
1998-09-27,59.376
1998-09-28,64.200
1998-09-29,60.582
1998-09-30,52.325
1998-10-01,53.253
1998-10-02,49.635
1998-10-03,50.006
1998-10-04,50.006
1998-10-05,50.655
1998-10-06,46.295
1998-10-07,43.604
1998-10-08,41.749
1998-10-09,43.326
1998-10-10,39.986
1998-10-11,44.161
1998-10-12,46.759
1998-10-13,42.584
1998-10-14,37.667
1998-10-15,35.811
1998-10-16,34.698
1998-10-17,34.512
1998-10-18,36.275
1998-10-19,37.667
1998-10-20,33.956
1998-10-21,35.904
1998-10-22,33.770
1998-10-23,33.028
1998-10-24,33.028
1998-10-25,32.007
1998-10-26,32.286
1998-10-27,31.080
1998-10-28,29.410
1998-10-29,27.647
1998-10-30,26.348
1998-10-31,24.122
1998-11-01,25.136
1998-11-02,24.443
1998-11-03,24.146
1998-11-04,24.047
1998-11-05,23.552
1998-11-06,23.552
1998-11-07,22.959
1998-11-08,22.860
1998-11-09,22.761
1998-11-10,22.464
1998-11-11,22.464
1998-11-12,22.266
1998-11-13,21.870
1998-11-14,21.474
1998-11-15,21.177
1998-11-16,20.782
1998-11-17,19.594
1998-11-18,18.802
1998-11-19,18.209
1998-11-20,17.219
1998-11-21,16.427
1998-11-22,15.438
1998-11-23,14.745
1998-11-24,14.151
1998-11-25,13.656
1998-11-26,13.558
1998-11-27,13.261
1998-11-28,12.865
1998-11-29,12.271
1998-11-30,12.073
1998-12-01,14.720
1998-12-02,14.597
1998-12-03,14.349
1998-12-04,14.226
1998-12-05,14.102
1998-12-06,13.731
1998-12-07,13.483
1998-12-08,13.360
1998-12-09,13.236
1998-12-10,12.989
1998-12-11,12.741
1998-12-12,12.494
1998-12-13,12.358
1998-12-14,12.098
1998-12-15,11.925
1998-12-16,11.665
1998-12-17,11.665
1998-12-18,11.578
1998-12-19,11.405
1998-12-20,11.059
1998-12-21,10.972
1998-12-22,10.663
1998-12-23,10.663
1998-12-24,10.440
1998-12-25,10.218
1998-12-26,10.069
1998-12-27,9.772
1998-12-28,10.663
1998-12-29,10.663
1998-12-30,10.515
1998-12-31,10.515
1999-01-01,10.292
1999-01-02,10.218
1999-01-03,10.143
1999-01-04,9.847
1999-01-05,9.772
1999-01-06,9.550
1999-01-07,9.401
1999-01-08,9.475
1999-01-09,9.179
1999-01-10,9.253
1999-01-11,9.475
1999-01-12,9.104
1999-01-13,9.401
1999-01-14,9.030
1999-01-15,8.882
1999-01-16,8.659
1999-01-17,8.659
1999-01-18,8.374
1999-01-19,8.313
1999-01-20,7.818
1999-01-21,7.608
1999-01-22,7.397
1999-01-23,7.187
1999-01-24,6.977
1999-01-25,6.766
1999-01-26,6.977
1999-01-27,6.766
1999-01-28,6.766
1999-01-29,6.766
1999-01-30,6.692
1999-01-31,6.556
1999-02-01,6.630
1999-02-02,6.556
1999-02-03,6.556
1999-02-04,6.556
1999-02-05,6.556
1999-02-06,6.556
1999-02-07,6.445
1999-02-08,6.395
1999-02-09,6.234
1999-02-10,6.074
1999-02-11,6.074
1999-02-12,5.962
1999-02-13,5.913
1999-02-14,5.752
1999-02-15,5.752
1999-02-16,5.591
1999-02-17,5.703
1999-02-18,5.591
1999-02-19,5.480
1999-02-20,5.430
1999-02-21,5.270
1999-02-22,5.270
1999-02-23,5.270
1999-02-24,5.158
1999-02-25,5.109
1999-02-26,4.948
1999-02-27,4.800
1999-02-28,4.651
1999-03-01,4.453
1999-03-02,4.305
1999-03-03,4.354
1999-03-04,4.206
1999-03-05,4.206
1999-03-06,4.057
1999-03-07,4.156
1999-03-08,4.206
1999-03-09,4.206
1999-03-10,4.206
1999-03-11,4.206
1999-03-12,4.057
1999-03-13,4.057
1999-03-14,4.057
1999-03-15,3.859
1999-03-16,3.711
1999-03-17,3.859
1999-03-18,4.057
1999-03-19,4.057
1999-03-20,3.909
1999-03-21,3.909
1999-03-22,3.760
1999-03-23,3.810
1999-03-24,4.008
1999-03-25,4.206
1999-03-26,4.206
1999-03-27,4.107
1999-03-28,4.156
1999-03-29,4.057
1999-03-30,4.206
1999-03-31,4.552
1999-04-01,4.453
1999-04-02,4.602
1999-04-03,4.800
1999-04-04,6.841
1999-04-05,5.752
1999-04-06,5.542
1999-04-07,4.948
1999-04-08,5.072
1999-04-09,4.651
1999-04-10,5.059
1999-04-11,4.503
1999-04-12,4.552
1999-04-13,5.270
1999-04-14,10.304
1999-04-15,11.752
1999-04-16,7.892
1999-04-17,12.011
1999-04-18,5.863
1999-04-19,5.270
1999-04-20,5.109
1999-04-21,5.542
1999-04-22,6.915
1999-04-23,8.177
1999-04-24,23.998
1999-04-25,11.925
1999-04-26,13.236
1999-04-27,11.838
1999-04-28,11.578
1999-04-29,11.578
1999-04-30,12.494
1999-05-01,17.021
1999-05-02,15.735
1999-05-03,10.490
1999-05-04,9.817
1999-05-05,13.360
1999-05-06,17.318
1999-05-07,16.922
1999-05-08,13.162
1999-05-09,20.584
1999-05-10,17.516
1999-05-11,13.755
1999-05-12,12.568
1999-05-13,10.985
1999-05-14,17.813
1999-05-15,16.229
1999-05-16,12.271
1999-05-17,10.886
1999-05-18,9.401
1999-05-19,13.162
1999-05-20,10.688
1999-05-21,10.886
1999-05-22,17.615
1999-05-23,13.360
1999-05-24,32.162
1999-05-25,55.813
1999-05-26,78.673
1999-05-27,68.282
1999-05-28,55.418
1999-05-29,54.329
1999-05-30,114.89
1999-05-31,75.210
1999-06-01,44.346
1999-06-02,36.646
1999-06-03,33.492
1999-06-04,32.286
1999-06-05,23.379
1999-06-06,21.524
1999-06-07,22.266
1999-06-08,25.513
1999-06-09,33.956
1999-06-10,43.140
1999-06-11,40.079
1999-06-12,40.821
1999-06-13,54.366
1999-06-14,34.605
1999-06-15,51.026
1999-06-16,65.035
1999-06-17,55.479
1999-06-18,56.407
1999-06-19,58.819
1999-06-20,64.757
1999-06-21,82.384
1999-06-22,113.93
1999-06-23,147.05
1999-06-24,100.94
1999-06-25,113.56
1999-06-26,130.07
1999-06-27,140.65
1999-06-28,346.33
1999-06-29,131.09
1999-06-30,126.55
1999-07-01,220.062
1999-07-02,223.959
1999-07-03,377.780
1999-07-04,206.981
1999-07-05,136.936
1999-07-06,105.949
1999-07-07,156.883
1999-07-08,122.092
1999-07-09,143.987
1999-07-10,191.859
1999-07-11,113.186
1999-07-12,150.296
1999-07-13,111.516
1999-07-14,105.207
1999-07-15,87.487
1999-07-16,119.587
1999-07-17,160.037
1999-07-18,174.881
1999-07-19,141.111
1999-07-20,137.121
1999-07-21,115.783
1999-07-22,103.722
1999-07-23,149.461
1999-07-24,163.562
1999-07-25,146.863
1999-07-26,143.152
1999-07-27,126.545
1999-07-28,129.143
1999-07-29,121.814
1999-07-30,97.507
1999-07-31,107.155
1999-08-01,80.529
1999-08-02,117.731
1999-08-03,83.961
1999-08-04,74.127
1999-08-05,73.942
1999-08-06,90.548
1999-08-07,79.044
1999-08-08,80.993
1999-08-09,85.817
1999-08-10,78.024
1999-08-11,99.826
1999-08-12,128.586
1999-08-13,161.985
1999-08-14,203.641
1999-08-15,141.946
1999-08-16,144.265
1999-08-17,120.422
1999-08-18,139.997
1999-08-19,144.080
1999-08-20,119.865
1999-08-21,141.018
1999-08-22,142.595
1999-08-23,175.252
1999-08-24,190.838
1999-08-25,191.580
1999-08-26,315.713
1999-08-27,235.834
1999-08-28,182.117
1999-08-29,143.152
1999-08-30,131.926
1999-08-31,115.690
1999-09-01,123.298
1999-09-02,116.247
1999-09-03,112.722
1999-09-04,112.722
1999-09-05,97.228
1999-09-06,119.309
1999-09-07,93.888
1999-09-08,111.330
1999-09-09,158.645
1999-09-10,212.733
1999-09-11,123.762
1999-09-12,110.681
1999-09-13,110.959
1999-09-14,102.980
1999-09-15,91.754
1999-09-16,89.342
1999-09-17,99.640
1999-09-18,87.023
1999-09-19,76.168
1999-09-20,69.303
1999-09-21,70.138
1999-09-22,80.807
1999-09-23,68.561
1999-09-24,64.571
1999-09-25,70.045
1999-09-26,105.114
1999-09-27,70.787
1999-09-28,66.984
1999-09-29,71.158
1999-09-30,107.155
1999-10-01,73.199
1999-10-02,81.178
1999-10-03,92.682
1999-10-04,95.837
1999-10-05,78.580
1999-10-06,83.498
1999-10-07,102.33
1999-10-08,91.476
1999-10-09,71.622
1999-10-10,61.695
1999-10-11,57.242
1999-10-12,54.088
1999-10-13,49.449
1999-10-14,46.666
1999-10-15,43.790
1999-10-16,41.192
1999-10-17,46.016
1999-10-18,39.244
1999-10-19,158.65
1999-10-20,107.81
1999-10-21,61.324
1999-10-22,51.861
1999-10-23,44.718
1999-10-24,43.883
1999-10-25,41.470
1999-10-26,36.182
1999-10-27,35.904
1999-10-28,34.420
1999-10-29,34.141
1999-10-30,32.657
1999-10-31,33.770
1999-11-01,34.735
1999-11-02,34.735
1999-11-03,31.469
1999-11-04,29.094
1999-11-05,26.818
1999-11-06,26.818
1999-11-07,32.162
1999-11-08,30.183
1999-11-09,28.402
1999-11-10,26.125
1999-11-11,24.443
1999-11-12,23.651
1999-11-13,22.860
1999-11-14,22.662
1999-11-15,21.177
1999-11-16,17.318
1999-11-17,16.328
1999-11-18,15.735
1999-11-19,15.339
1999-11-20,14.250
1999-11-21,12.964
1999-11-22,11.974
1999-11-23,11.479
1999-11-24,11.281
1999-11-25,10.490
1999-11-26,10.391
1999-11-27,9.995
1999-11-28,9.470
1999-11-29,9.332
1999-11-30,8.916
1999-12-01,10.737
1999-12-02,10.515
1999-12-03,10.972
1999-12-04,11.492
1999-12-05,11.145
1999-12-06,11.405
1999-12-07,10.972
1999-12-08,10.366
1999-12-09,9.995
1999-12-10,9.550
1999-12-11,9.104
1999-12-12,9.179
1999-12-13,9.104
1999-12-14,8.807
1999-12-15,8.585
1999-12-16,8.449
1999-12-17,8.238
1999-12-18,8.028
1999-12-19,7.744
1999-12-20,7.533
1999-12-21,7.187
1999-12-22,6.977
1999-12-23,6.766
1999-12-24,6.556
1999-12-25,6.556
1999-12-26,6.692
1999-12-27,6.556
1999-12-28,6.556
1999-12-29,6.395
1999-12-30,6.395
1999-12-31,6.123
2000-01-01,5.863
2000-01-02,5.913
2000-01-03,5.220
2000-01-04,5.109
2000-01-05,4.948
2000-01-06,4.800
2000-01-07,4.651
2000-01-08,4.651
2000-01-09,4.651
2000-01-10,4.503
2000-01-11,4.503
2000-01-12,4.503
2000-01-13,4.453
2000-01-14,4.503
2000-01-15,4.354
2000-01-16,4.354
2000-01-17,4.354
2000-01-18,4.503
2000-01-19,4.503
2000-01-20,4.354
2000-01-21,4.354
2000-01-22,4.354
2000-01-23,4.354
2000-01-24,4.206
2000-01-25,4.305
2000-01-26,3.909
2000-01-27,3.760
2000-01-28,3.612
2000-01-29,3.464
2000-01-30,3.352
2000-01-31,3.352
2000-02-01,3.352
2000-02-02,3.315
2000-02-03,4.156
2000-02-04,3.760
2000-02-05,3.612
2000-02-06,3.464
2000-02-07,3.464
2000-02-08,3.426
2000-02-09,3.241
2000-02-10,3.130
2000-02-11,3.018
2000-02-12,2.981
2000-02-13,2.981
2000-02-14,2.907
2000-02-15,2.981
2000-02-16,2.796
2000-02-17,2.684
2000-02-18,2.462
2000-02-19,2.251
2000-02-20,2.251
2000-02-21,2.251
2000-02-22,2.152
2000-02-23,2.152
2000-02-24,2.152
2000-02-25,2.152
2000-02-26,2.152
2000-02-27,2.152
2000-02-28,2.115
2000-02-29,2.053
2000-03-01,2.053
2000-03-02,2.189
2000-03-03,2.313
2000-03-04,2.251
2000-03-05,2.152
2000-03-06,2.152
2000-03-07,2.152
2000-03-08,2.251
2000-03-09,2.251
2000-03-10,2.115
2000-03-11,2.053
2000-03-12,1.954
2000-03-13,1.954
2000-03-14,1.856
2000-03-15,1.620
2000-03-16,1.596
2000-03-17,1.658
2000-03-18,1.559
2000-03-19,2.016
2000-03-20,1.893
2000-03-21,1.856
2000-03-22,1.757
2000-03-23,1.794
2000-03-24,2.016
2000-03-25,1.992
2000-03-26,1.818
2000-03-27,2.239
2000-03-28,2.870
2000-03-29,2.053
2000-03-30,2.115
2000-03-31,2.016
2000-04-01,2.165
2000-04-02,5.134
2000-04-03,6.234
2000-04-04,3.958
2000-04-05,3.612
2000-04-06,3.204
2000-04-07,3.093
2000-04-08,3.303
2000-04-09,3.315
2000-04-10,3.018
2000-04-11,4.466
2000-04-12,2.759
2000-04-13,2.326
2000-04-14,2.796
2000-04-15,2.907
2000-04-16,3.389
2000-04-17,3.167
2000-04-18,3.600
2000-04-19,4.255
2000-04-20,4.082
2000-04-21,5.802
2000-04-22,6.742
2000-04-23,5.962
2000-04-24,26.967
2000-04-25,12.741
2000-04-26,9.104
2000-04-27,9.253
2000-04-28,9.995
2000-04-29,26.596
2000-04-30,9.995
2000-05-01,8.897
2000-05-02,11.281
2000-05-03,6.531
2000-05-04,5.284
2000-05-05,5.176
2000-05-06,5.690
2000-05-07,9.183
2000-05-08,5.750
2000-05-09,5.166
2000-05-10,6.650
2000-05-11,6.759
2000-05-12,6.145
2000-05-13,5.947
2000-05-14,6.719
2000-05-15,7.996
2000-05-16,12.073
2000-05-17,14.547
2000-05-18,16.328
2000-05-19,21.078
2000-05-20,23.157
2000-05-21,47.996
2000-05-22,28.006
2000-05-23,35.527
2000-05-24,29.886
2000-05-25,50.766
2000-05-26,50.272
2000-05-27,43.147
2000-05-28,65.907
2000-05-29,53.240
2000-05-30,38.495
2000-05-31,36.219
2000-06-01,33.306
2000-06-02,34.420
2000-06-03,31.265
2000-06-04,26.719
2000-06-05,37.110
2000-06-06,33.863
2000-06-07,48.429
2000-06-08,42.491
2000-06-09,39.708
2000-06-10,38.223
2000-06-11,43.419
2000-06-12,44.625
2000-06-13,41.749
2000-06-14,61.603
2000-06-15,50.191
2000-06-16,40.914
2000-06-17,50.377
2000-06-18,63.736
2000-06-19,80.900
2000-06-20,57.521
2000-06-21,87.394
2000-06-22,70.973
2000-06-23,80.436
2000-06-24,66.241
2000-06-25,79.694
2000-06-26,80.343
2000-06-27,81.364
2000-06-28,78.673
2000-06-29,143.62
2000-06-30,120.14
2000-07-01,206.610
2000-07-02,147.234
2000-07-03,112.629
2000-07-04,104.279
2000-07-05,109.846
2000-07-06,235.834
2000-07-07,121.257
2000-07-08,95.744
2000-07-09,123.484
2000-07-10,127.473
2000-07-11,116.154
2000-07-12,84.796
2000-07-13,77.931
2000-07-14,80.065
2000-07-15,85.631
2000-07-16,92.589
2000-07-17,115.319
2000-07-18,97.970
2000-07-19,103.166
2000-07-20,82.570
2000-07-21,122.463
2000-07-22,98.249
2000-07-23,87.858
2000-07-24,85.724
2000-07-25,224.237
2000-07-26,213.383
2000-07-27,128.122
2000-07-28,109.196
2000-07-29,126.267
2000-07-30,102.516
2000-07-31,133.318
2000-08-01,376.017
2000-08-02,328.238
2000-08-03,296.509
2000-08-04,275.635
2000-08-05,191.302
2000-08-06,150.388
2000-08-07,196.034
2000-08-08,211.156
2000-08-09,214.310
2000-08-10,213.475
2000-08-11,169.593
2000-08-12,177.664
2000-08-13,144.451
2000-08-14,166.902
2000-08-15,251.606
2000-08-16,126.267
2000-08-17,113.186
2000-08-18,112.072
2000-08-19,109.753
2000-08-20,131.555
2000-08-21,179.984
2000-08-22,142.874
2000-08-23,198.910
2000-08-24,168.387
2000-08-25,125.803
2000-08-26,133.318
2000-08-27,175.716
2000-08-28,235.741
2000-08-29,152.244
2000-08-30,219.877
2000-08-31,143.801
2000-09-01,168.479
2000-09-02,159.016
2000-09-03,130.813
2000-09-04,131.369
2000-09-05,135.080
2000-09-06,144.265
2000-09-07,136.843
2000-09-08,129.421
2000-09-09,132.297
2000-09-10,122.185
2000-09-11,110.959
2000-09-12,91.662
2000-09-13,82.106
2000-09-14,75.333
2000-09-15,75.612
2000-09-16,72.457
2000-09-17,83.498
2000-09-18,89.528
2000-09-19,75.797
2000-09-20,74.127
2000-09-21,74.313
2000-09-22,69.581
2000-09-23,62.623
2000-09-24,57.984
2000-09-25,58.541
2000-09-26,54.923
2000-09-27,49.078
2000-09-28,47.501
2000-09-29,47.130
2000-09-30,41.934
2000-10-01,38.873
2000-10-02,41.192
2000-10-03,36.368
2000-10-04,36.182
2000-10-05,34.420
2000-10-06,33.956
2000-10-07,33.585
2000-10-08,32.935
2000-10-09,32.007
2000-10-10,30.523
2000-10-11,30.152
2000-10-12,29.131
2000-10-13,27.276
2000-10-14,26.998
2000-10-15,24.956
2000-10-16,23.936
2000-10-17,23.658
2000-10-18,21.338
2000-10-19,21.153
2000-10-20,21.060
2000-10-21,20.967
2000-10-22,20.039
2000-10-23,21.709
2000-10-24,20.967
2000-10-25,21.524
2000-10-26,21.245
2000-10-27,18.091
2000-10-28,16.236
2000-10-29,16.143
2000-10-30,15.586
2000-10-31,14.473
2000-11-01,14.349
2000-11-02,13.953
2000-11-03,12.865
2000-11-04,12.469
2000-11-05,12.271
2000-11-06,11.974
2000-11-07,11.677
2000-11-08,11.479
2000-11-09,11.281
2000-11-10,11.281
2000-11-11,11.281
2000-11-12,10.985
2000-11-13,10.985
2000-11-14,10.787
2000-11-15,10.787
2000-11-16,10.787
2000-11-17,10.787
2000-11-18,10.886
2000-11-19,10.589
2000-11-20,10.688
2000-11-21,11.380
2000-11-22,10.985
2000-11-23,10.688
2000-11-24,10.391
2000-11-25,10.292
2000-11-26,10.193
2000-11-27,9.995
2000-11-28,9.748
2000-11-29,9.540
2000-11-30,9.332
2000-12-01,11.405
2000-12-02,11.145
2000-12-03,10.886
2000-12-04,10.663
2000-12-05,10.440
2000-12-06,10.218
2000-12-07,10.218
2000-12-08,9.995
2000-12-09,9.995
2000-12-10,9.847
2000-12-11,9.772
2000-12-12,9.772
2000-12-13,9.772
2000-12-14,9.772
2000-12-15,9.624
2000-12-16,9.624
2000-12-17,9.550
2000-12-18,9.624
2000-12-19,9.550
2000-12-20,9.475
2000-12-21,9.327
2000-12-22,9.327
2000-12-23,9.401
2000-12-24,9.401
2000-12-25,9.327
2000-12-26,9.104
2000-12-27,9.104
2000-12-28,9.104
2000-12-29,8.882
2000-12-30,8.882
2000-12-31,8.659
2001-01-01,8.659
2001-01-02,8.659
2001-01-03,8.449
2001-01-04,8.449
2001-01-05,8.238
2001-01-06,8.313
2001-01-07,8.238
2001-01-08,8.238
2001-01-09,8.238
2001-01-10,8.028
2001-01-11,8.028
2001-01-12,8.028
2001-01-13,7.818
2001-01-14,7.818
2001-01-15,7.818
2001-01-16,7.818
2001-01-17,7.608
2001-01-18,7.608
2001-01-19,7.608
2001-01-20,7.608
2001-01-21,7.397
2001-01-22,7.397
2001-01-23,7.323
2001-01-24,7.187
2001-01-25,7.261
2001-01-26,7.187
2001-01-27,7.187
2001-01-28,7.051
2001-01-29,7.051
2001-01-30,6.977
2001-01-31,7.261
2001-02-01,6.977
2001-02-02,6.977
2001-02-03,6.766
2001-02-04,6.766
2001-02-05,6.556
2001-02-06,6.556
2001-02-07,6.556
2001-02-08,6.445
2001-02-09,6.507
2001-02-10,6.284
2001-02-11,6.234
2001-02-12,6.346
2001-02-13,6.445
2001-02-14,6.395
2001-02-15,6.346
2001-02-16,6.346
2001-02-17,6.234
2001-02-18,6.234
2001-02-19,6.185
2001-02-20,6.185
2001-02-21,6.123
2001-02-22,6.074
2001-02-23,6.074
2001-02-24,6.346
2001-02-25,7.744
2001-02-26,7.471
2001-02-27,6.766
2001-02-28,6.445
2001-03-01,6.284
2001-03-02,6.234
2001-03-03,6.234
2001-03-04,6.074
2001-03-05,6.074
2001-03-06,6.074
2001-03-07,6.074
2001-03-08,6.074
2001-03-09,5.913
2001-03-10,5.913
2001-03-11,5.913
2001-03-12,5.863
2001-03-13,5.752
2001-03-14,5.962
2001-03-15,6.024
2001-03-16,5.962
2001-03-17,5.913
2001-03-18,5.802
2001-03-19,5.802
2001-03-20,5.802
2001-03-21,5.913
2001-03-22,5.913
2001-03-23,5.802
2001-03-24,5.802
2001-03-25,5.802
2001-03-26,5.913
2001-03-27,5.802
2001-03-28,5.802
2001-03-29,5.802
2001-03-30,6.371
2001-03-31,7.150
2001-04-01,6.804
2001-04-02,6.655
2001-04-03,6.408
2001-04-04,6.074
2001-04-05,5.913
2001-04-06,5.802
2001-04-07,5.802
2001-04-08,5.752
2001-04-09,5.703
2001-04-10,5.641
2001-04-11,5.591
2001-04-12,5.962
2001-04-13,6.692
2001-04-14,9.513
2001-04-15,14.968
2001-04-16,9.104
2001-04-17,9.550
2001-04-18,8.313
2001-04-19,10.787
2001-04-20,8.164
2001-04-21,8.387
2001-04-22,9.154
2001-04-23,15.091
2001-04-24,10.750
2001-04-25,10.057
2001-04-26,24.616
2001-04-27,22.266
2001-04-28,24.740
2001-04-29,14.349
2001-04-30,13.731
2001-05-01,11.380
2001-05-02,9.332
2001-05-03,9.183
2001-05-04,15.933
2001-05-05,10.787
2001-05-06,8.986
2001-05-07,17.714
2001-05-08,13.953
2001-05-09,19.198
2001-05-10,35.131
2001-05-11,28.402
2001-05-12,18.901
2001-05-13,16.625
2001-05-14,7.610
2001-05-15,11.974
2001-05-16,7.283
2001-05-17,7.640
2001-05-18,6.650
2001-05-19,8.629
2001-05-20,6.531
2001-05-21,6.709
2001-05-22,7.323
2001-05-23,12.073
2001-05-24,8.600
2001-05-25,8.045
2001-05-26,19.693
2001-05-27,17.813
2001-05-28,19.792
2001-05-29,11.479
2001-05-30,10.985
2001-05-31,11.281
2001-06-01,-Â
2001-06-02,-Â
2001-06-03,-Â
2001-06-04,-Â
2001-06-05,-Â
2001-06-06,-Â
2001-06-07,-Â
2001-06-08,-Â
2001-06-09,-Â
2001-06-10,-Â
2001-06-11,-Â
2001-06-12,-Â
2001-06-13,-Â
2001-06-14,-Â
2001-06-15,53.438
2001-06-16,50.191
2001-06-17,53.346
2001-06-18,59.562
2001-06-19,79.323
2001-06-20,86.837
2001-06-21,80.529
2001-06-22,85.910
2001-06-23,101.59
2001-06-24,72.828
2001-06-25,66.798
2001-06-26,62.623
2001-06-27,56.314
2001-06-28,66.705
2001-06-29,105.21
2001-06-30,83.776
2001-07-01,65.035
2001-07-02,57.706
2001-07-03,55.201
2001-07-04,46.759
2001-07-05,47.686
2001-07-06,44.254
2001-07-07,56.036
2001-07-08,44.810
2001-07-09,43.790
2001-07-10,56.222
2001-07-11,64.664
2001-07-12,71.437
2001-07-13,55.758
2001-07-14,55.758
2001-07-15,85.353
2001-07-16,96.300
2001-07-17,90.177
2001-07-18,71.622
2001-07-19,111.701
2001-07-20,99.826
2001-07-21,99.826
2001-07-22,80.900
2001-07-23,78.580
2001-07-24,72.736
2001-07-25,90.270
2001-07-26,105.578
2001-07-27,113.464
2001-07-28,106.227
2001-07-29,120.793
2001-07-30,166.253
2001-07-31,137.214
2001-08-01,128.586
2001-08-02,156.233
2001-08-03,130.534
2001-08-04,103.537
2001-08-05,84.147
2001-08-06,85.167
2001-08-07,76.076
2001-08-08,88.415
2001-08-09,96.486
2001-08-10,96.579
2001-08-11,123.947
2001-08-12,104.929
2001-08-13,131.648
2001-08-14,121.906
2001-08-15,152.429
2001-08-16,96.579
2001-08-17,117.360
2001-08-18,171.077
2001-08-19,135.730
2001-08-20,142.966
2001-08-21,212.919
2001-08-22,170.984
2001-08-23,218.392
2001-08-24,192.694
2001-08-25,137.121
2001-08-26,162.542
2001-08-27,184.993
2001-08-28,208.744
2001-08-29,222.011
2001-08-30,144.451
2001-08-31,121.257
2001-09-01,112.629
2001-09-02,105.300
2001-09-03,100.754
2001-09-04,91.754
2001-09-05,109.011
2001-09-06,135.544
2001-09-07,93.332
2001-09-08,87.580
2001-09-09,79.879
2001-09-10,120.886
2001-09-11,107.805
2001-09-12,98.156
2001-09-13,129.978
2001-09-14,105.114
2001-09-15,83.034
2001-09-16,72.643
2001-09-17,114.020
2001-09-18,84.611
2001-09-19,110.773
2001-09-20,72.643
2001-09-21,62.438
2001-09-22,55.294
2001-09-23,57.613
2001-09-24,60.397
2001-09-25,58.355
2001-09-26,55.479
2001-09-27,73.385
2001-09-28,68.561
2001-09-29,64.664
2001-09-30,75.890
2001-10-01,78.766
2001-10-02,60.582
2001-10-03,64.200
2001-10-04,96.579
2001-10-05,326.10
2001-10-06,132.58
2001-10-07,89.435
2001-10-08,72.828
2001-10-09,73.942
2001-10-10,129.51
2001-10-11,95.558
2001-10-12,70.787
2001-10-13,59.005
2001-10-14,55.479
2001-10-15,49.820
2001-10-16,48.985
2001-10-17,40.728
2001-10-18,39.522
2001-10-19,38.038
2001-10-20,40.264
2001-10-21,35.533
2001-10-22,35.255
2001-10-23,32.564
2001-10-24,32.378
2001-10-25,29.874
2001-10-26,29.317
2001-10-27,28.018
2001-10-28,26.905
2001-10-29,26.348
2001-10-30,25.606
2001-10-31,26.070
2001-11-01,26.026
2001-11-02,24.641
2001-11-03,24.146
2001-11-04,23.157
2001-11-05,22.266
2001-11-06,21.870
2001-11-07,20.386
2001-11-08,21.375
2001-11-09,20.782
2001-11-10,20.089
2001-11-11,19.000
2001-11-12,17.318
2001-11-13,16.724
2001-11-14,16.724
2001-11-15,16.229
2001-11-16,15.933
2001-11-17,15.735
2001-11-18,15.438
2001-11-19,15.141
2001-11-20,14.745
2001-11-21,14.151
2001-11-22,14.547
2001-11-23,14.943
2001-11-24,14.349
2001-11-25,13.953
2001-11-26,13.459
2001-11-27,13.162
2001-11-28,13.063
2001-11-29,12.469
2001-11-30,12.172
2001-12-01,14.720
2001-12-02,14.597
2001-12-03,14.349
2001-12-04,14.226
2001-12-05,13.483
2001-12-06,13.112
2001-12-07,12.741
2001-12-08,12.494
2001-12-09,12.741
2001-12-10,12.098
2001-12-11,11.665
2001-12-12,11.319
2001-12-13,11.319
2001-12-14,10.811
2001-12-15,10.440
2001-12-16,10.069
2001-12-17,9.995
2001-12-18,9.772
2001-12-19,9.550
2001-12-20,9.327
2001-12-21,9.104
2001-12-22,8.659
2001-12-23,8.659
2001-12-24,8.238
2001-12-25,8.164
2001-12-26,8.164
2001-12-27,8.028
2001-12-28,8.028
2001-12-29,7.954
2001-12-30,7.818
2001-12-31,Table
2003-01-01,
2003-01-02,
2003-01-03,
2003-01-04,
2003-01-05,
2003-01-06,
2003-01-07,
2003-01-08,
2003-01-09,
2003-01-10,
2003-01-11,
2003-01-12,
2003-01-13,
2003-01-14,
2003-01-15,
2003-01-16,
2003-01-17,
2003-01-18,
2003-01-19,
2003-01-20,
2003-01-21,
2003-01-22,
2003-01-23,
2003-01-24,
2003-01-25,
2003-01-26,
2003-01-27,
2003-01-28,
2003-01-29,
2003-01-30,
2003-01-31,
2003-02-01,
2003-02-02,
2003-02-03,
2003-02-04,
2003-02-05,
2003-02-06,
2003-02-07,
2003-02-08,
2003-02-09,
2003-02-10,
2003-02-11,
2003-02-12,
2003-02-13,
2003-02-14,
2003-02-15,
2003-02-16,
2003-02-17,
2003-02-18,
2003-02-19,
2003-02-20,
2003-02-21,
2003-02-22,
2003-02-23,
2003-02-24,
2003-02-25,
2003-02-26,
2003-02-27,
2003-02-28,
2003-03-01,
2003-03-02,
2003-03-03,
2003-03-04,
2003-03-05,
2003-03-06,
2003-03-07,
2003-03-08,
2003-03-09,
2003-03-10,
2003-03-11,
2003-03-12,
2003-03-13,
2003-03-14,
2003-03-15,
2003-03-16,
2003-03-17,
2003-03-18,
2003-03-19,
2003-03-20,
2003-03-21,
2003-03-22,
2003-03-23,
2003-03-24,
2003-03-25,
2003-03-26,
2003-03-27,
2003-03-28,
2003-03-29,
2003-03-30,
2003-03-31,
2003-04-01,
2003-04-02,
2003-04-03,
2003-04-04,
2003-04-05,
2003-04-06,
2003-04-07,
2003-04-08,
2003-04-09,
2003-04-10,
2003-04-11,
2003-04-12,
2003-04-13,
2003-04-14,
2003-04-15,
2003-04-16,
2003-04-17,
2003-04-18,
2003-04-19,
2003-04-20,
2003-04-21,
2003-04-22,
2003-04-23,
2003-04-24,
2003-04-25,
2003-04-26,
2003-04-27,
2003-04-28,
2003-04-29,
2003-04-30,
2003-05-01,17.813
2003-05-02,18.209
2003-05-03,18.011
2003-05-04,20.089
2003-05-05,20.386
2003-05-06,20.782
2003-05-07,20.584
2003-05-08,20.584
2003-05-09,20.584
2003-05-10,20.386
2003-05-11,20.287
2003-05-12,20.287
2003-05-13,19.891
2003-05-14,20.782
2003-05-15,20.287
2003-05-16,19.990
2003-05-17,21.177
2003-05-18,22.068
2003-05-19,24.047
2003-05-20,20.683
2003-05-21,20.089
2003-05-22,18.110
2003-05-23,19.594
2003-05-24,20.386
2003-05-25,20.980
2003-05-26,21.375
2003-05-27,20.980
2003-05-28,21.771
2003-05-29,23.750
2003-05-30,23.849
2003-05-31,21.870
2003-06-01,22.080
2003-06-02,22.452
2003-06-03,31.822
2003-06-04,21.895
2003-06-05,20.689
2003-06-06,21.431
2003-06-07,20.503
2003-06-08,20.503
2003-06-09,24.864
2003-06-10,44.810
2003-06-11,121.535
2003-06-12,59.005
2003-06-13,40.172
2003-06-14,53.902
2003-06-15,64.850
2003-06-16,44.810
2003-06-17,35.533
2003-06-18,41.470
2003-06-19,37.667
2003-06-20,91.105
2003-06-21,73.849
2003-06-22,105.392
2003-06-23,88.415
2003-06-24,85.260
2003-06-25,76.818
2003-06-26,72.179
2003-06-27,218.021
2003-06-28,227.577
2003-06-29,134.802
2003-06-30,173.489
2003-07-01,202.713
2003-07-02,184.901
2003-07-03,140.740
2003-07-04,117.360
2003-07-05,111.794
2003-07-06,109.196
2003-07-07,146.863
2003-07-08,141.482
2003-07-09,334.918
2003-07-10,203.363
2003-07-11,162.356
2003-07-12,132.947
2003-07-13,127.195
2003-07-14,128.493
2003-07-15,122.185
2003-07-16,113.186
2003-07-17,208.187
2003-07-18,227.948
2003-07-19,170.984
2003-07-20,217.836
2003-07-21,136.101
2003-07-22,182.303
2003-07-23,111.979
2003-07-24,109.011
2003-07-25,89.250
2003-07-26,91.383
2003-07-27,98.713
2003-07-28,77.745
2003-07-29,99.176
2003-07-30,174.324
2003-07-31,164.861
2003-08-01,127.380
2003-08-02,118.195
2003-08-03,85.817
2003-08-04,124.319
2003-08-05,127.751
2003-08-06,100.475
2003-08-07,98.898
2003-08-08,310.147
2003-08-09,109.011
2003-08-10,128.772
2003-08-11,125.339
2003-08-12,114.763
2003-08-13,106.506
2003-08-14,106.784
2003-08-15,92.682
2003-08-16,97.692
2003-08-17,95.002
2003-08-18,121.535
2003-08-19,98.713
2003-08-20,100.846
2003-08-21,95.558
2003-08-22,88.229
2003-08-23,92.218
2003-08-24,89.621
2003-08-25,100.290
2003-08-26,94.538
2003-08-27,109.289
2003-08-28,106.506
2003-08-29,109.011
2003-08-30,102.145
2003-08-31,113.742
2003-09-01,114.299
2003-09-02,110.588
2003-09-03,100.846
2003-09-04,97.878
2003-09-05,147.234
2003-09-06,152.151
2003-09-07,117.360
2003-09-08,117.639
2003-09-09,100.290
2003-09-10,92.868
2003-09-11,93.888
2003-09-12,117.360
2003-09-13,130.534
2003-09-14,126.823
2003-09-15,130.534
2003-09-16,101.125
2003-09-17,99.084
2003-09-18,92.682
2003-09-19,99.919
2003-09-20,139.163
2003-09-21,109.011
2003-09-22,100.104
2003-09-23,96.486
2003-09-24,80.158
2003-09-25,69.488
2003-09-26,73.663
2003-09-27,74.127
2003-09-28,77.931
2003-09-29,71.158
2003-09-30,68.375
2003-10-01,67.540
2003-10-02,63.087
2003-10-03,52.603
2003-10-04,48.057
2003-10-05,46.295
2003-10-06,44.810
2003-10-07,40.543
2003-10-08,35.255
2003-10-09,41.378
2003-10-10,41.007
2003-10-11,41.007
2003-10-12,37.667
2003-10-13,30.523
2003-10-14,29.781
2003-10-15,29.502
2003-10-16,27.090
2003-10-17,26.348
2003-10-18,25.142
2003-10-19,24.678
2003-10-20,23.565
2003-10-21,21.709
2003-10-22,20.874
2003-10-23,20.039
2003-10-24,20.039
2003-10-25,20.782
2003-10-26,48.985
2003-10-27,30.059
2003-10-28,25.235
2003-10-29,23.008
2003-10-30,22.915
2003-10-31,22.173
2003-11-01,24.146
2003-11-02,22.068
2003-11-03,21.474
2003-11-04,20.782
2003-11-05,20.683
2003-11-06,20.584
2003-11-07,19.891
2003-11-08,19.495
2003-11-09,18.802
2003-11-10,18.506
2003-11-11,18.209
2003-11-12,17.813
2003-11-13,17.120
2003-11-14,15.933
2003-11-15,15.735
2003-11-16,15.735
2003-11-17,15.339
2003-11-18,15.042
2003-11-19,15.042
2003-11-20,14.547
2003-11-21,13.755
2003-11-22,13.459
2003-11-23,12.766
2003-11-24,12.667
2003-11-25,12.172
2003-11-26,12.172
2003-11-27,11.875
2003-11-28,11.875
2003-11-29,11.578
2003-11-30,11.578
2003-12-01,14.226
2003-12-02,14.226
2003-12-03,13.854
2003-12-04,13.854
2003-12-05,13.607
2003-12-06,12.741
2003-12-07,12.370
2003-12-08,12.370
2003-12-09,12.061
2003-12-10,11.764
2003-12-11,10.947
2003-12-12,9.921
2003-12-13,9.921
2003-12-14,9.921
2003-12-15,9.921
2003-12-16,9.315
2003-12-17,9.315
2003-12-18,9.055
2003-12-19,9.055
2003-12-20,8.795
2003-12-21,8.795
2003-12-22,8.795
2003-12-23,8.003
2003-12-24,7.744
2003-12-25,7.744
2003-12-26,7.744
2003-12-27,7.484
2003-12-28,7.484
2003-12-29,10.848
2003-12-30,9.315
2003-12-31,8.882
2004-01-01,7.212
2004-01-02,6.494
2004-01-03,5.455
2004-01-04,6.259
2004-01-05,8.003
2004-01-06,8.263
2004-01-07,8.263
2004-01-08,8.523
2004-01-09,8.523
2004-01-10,8.003
2004-01-11,6.692
2004-01-12,5.381
2004-01-13,4.948
2004-01-14,4.515
2004-01-15,8.795
2004-01-16,8.795
2004-01-17,8.795
2004-01-18,8.795
2004-01-19,8.523
2004-01-20,8.523
2004-01-21,8.523
2004-01-22,8.523
2004-01-23,8.523
2004-01-24,9.055
2004-01-25,9.315
2004-01-26,9.055
2004-01-27,9.055
2004-01-28,9.055
2004-01-29,9.055
2004-01-30,8.795
2004-01-31,8.795
2004-02-01,8.795
2004-02-02,8.795
2004-02-03,8.795
2004-02-04,8.795
2004-02-05,8.523
2004-02-06,8.523
2004-02-07,8.523
2004-02-08,8.523
2004-02-09,8.523
2004-02-10,8.523
2004-02-11,8.523
2004-02-12,8.523
2004-02-13,8.523
2004-02-14,8.523
2004-02-15,8.523
2004-02-16,8.263
2004-02-17,8.263
2004-02-18,8.263
2004-02-19,8.263
2004-02-20,8.263
2004-02-21,8.894
2004-02-22,8.795
2004-02-23,8.523
2004-02-24,8.263
2004-02-25,8.263
2004-02-26,8.795
2004-02-27,9.315
2004-02-28,8.882
2004-02-29,10.05
2004-03-01,9.414
2004-03-02,8.795
2004-03-03,8.795
2004-03-04,8.795
2004-03-05,9.055
2004-03-06,8.795
2004-03-07,8.795
2004-03-08,8.882
2004-03-09,8.795
2004-03-10,8.795
2004-03-11,8.795
2004-03-12,8.795
2004-03-13,9.055
2004-03-14,9.228
2004-03-15,9.414
2004-03-16,10.539
2004-03-17,12.989
2004-03-18,12.741
2004-03-19,12.370
2004-03-20,12.865
2004-03-21,13.236
2004-03-22,12.741
2004-03-23,12.494
2004-03-24,12.370
2004-03-25,12.617
2004-03-26,13.236
2004-03-27,13.236
2004-03-28,12.741
2004-03-29,12.494
2004-03-30,12.617
2004-03-31,12.741
2004-04-01,12.494
2004-04-02,12.741
2004-04-03,12.865
2004-04-04,12.061
2004-04-05,12.494
2004-04-06,13.483
2004-04-07,12.370
2004-04-08,12.061
2004-04-09,19.174
2004-04-10,12.061
2004-04-11,12.172
2004-04-12,12.172
2004-04-13,23.132
2004-04-14,13.360
2004-04-15,12.617
2004-04-16,12.172
2004-04-17,12.172
2004-04-18,17.318
2004-04-19,14.226
2004-04-20,12.370
2004-04-21,12.617
2004-04-22,27.214
2004-04-23,34.636
2004-04-24,23.874
2004-04-25,22.761
2004-04-26,20.039
2004-04-27,20.039
2004-04-28,20.534
2004-04-29,19.050
2004-04-30,19.916
2004-05-01,11.974
2004-05-02,11.974
2004-05-03,10.193
2004-05-04,9.817
2004-05-05,11.875
2004-05-06,8.837
2004-05-07,9.649
2004-05-08,9.738
2004-05-09,9.896
2004-05-10,11.084
2004-05-11,17.714
2004-05-12,19.990
2004-05-13,20.188
2004-05-14,45.522
2004-05-15,65.116
2004-05-16,51.558
2004-05-17,37.605
2004-05-18,28.402
2004-05-19,66.699
2004-05-20,42.751
2004-05-21,37.506
2004-05-22,32.855
2004-05-23,33.350
2004-05-24,33.547
2004-05-25,37.605
2004-05-26,36.615
2004-05-27,33.053
2004-05-28,33.251
2004-05-29,30.678
2004-05-30,32.063
2004-05-31,32.162
2004-06-01,29.781
2004-06-02,31.265
2004-06-03,34.234
2004-06-04,28.575
2004-06-05,31.915
2004-06-06,31.729
2004-06-07,34.605
2004-06-08,35.904
2004-06-09,34.883
2004-06-10,28.575
2004-06-11,30.987
2004-06-12,29.595
2004-06-13,30.616
2004-06-14,29.781
2004-06-15,33.306
2004-06-16,46.295
2004-06-17,64.479
2004-06-18,83.776
2004-06-19,47.501
2004-06-20,68.375
2004-06-21,56.222
2004-06-22,81.271
2004-06-23,68.190
2004-06-24,84.054
2004-06-25,57.984
2004-06-26,56.222
2004-06-27,83.498
2004-06-28,75.890
2004-06-29,79.787
2004-06-30,99.640
2004-07-01,76.910
2004-07-02,76.168
2004-07-03,171.077
2004-07-04,99.826
2004-07-05,72.643
2004-07-06,75.797
2004-07-07,114.206
2004-07-08,208.465
2004-07-09,161.707
2004-07-10,142.595
2004-07-11,129.885
2004-07-12,119.309
2004-07-13,102.331
2004-07-14,111.237
2004-07-15,113.464
2004-07-16,99.919
2004-07-17,97.507
2004-07-18,113.464
2004-07-19,133.318
2004-07-20,124.968
2004-07-21,104.836
2004-07-22,94.074
2004-07-23,85.817
2004-07-24,106.506
2004-07-25,110.681
2004-07-26,106.784
2004-07-27,154.285
2004-07-28,129.143
2004-07-29,112.072
2004-07-30,118.195
2004-07-31,105.021
2004-08-01,97.507
2004-08-02,119.030
2004-08-03,114.763
2004-08-04,115.319
2004-08-05,106.413
2004-08-06,113.464
2004-08-07,87.951
2004-08-08,100.104
2004-08-09,90.548
2004-08-10,84.611
2004-08-11,76.910
2004-08-12,90.456
2004-08-13,76.910
2004-08-14,76.910
2004-08-15,81.364
2004-08-16,98.249
2004-08-17,87.023
2004-08-18,87.023
2004-08-19,103.537
2004-08-20,150.759
2004-08-21,122.463
2004-08-22,84.611
2004-08-23,77.003
2004-08-24,83.590
2004-08-25,83.034
2004-08-26,69.767
2004-08-27,127.380
2004-08-28,118.938
2004-08-29,94.259
2004-08-30,131.462
2004-08-31,100.939
2004-09-01,92.868
2004-09-02,85.724
2004-09-03,118.752
2004-09-04,92.682
2004-09-05,76.910
2004-09-06,86.837
2004-09-07,75.890
2004-09-08,70.509
2004-09-09,72.365
2004-09-10,72.643
2004-09-11,90.270
2004-09-12,100.754
2004-09-13,78.209
2004-09-14,65.777
2004-09-15,61.324
2004-09-16,60.582
2004-09-17,56.686
2004-09-18,53.346
2004-09-19,57.984
2004-09-20,61.695
2004-09-21,56.036
2004-09-22,48.057
2004-09-23,52.418
2004-09-24,90.363
2004-09-25,82.384
2004-09-26,94.445
2004-09-27,73.756
2004-09-28,62.530
2004-09-29,77.189
2004-09-30,63.087
2004-10-01,81.549
2004-10-02,71.437
2004-10-03,85.631
2004-10-04,87.951
2004-10-05,89.250
2004-10-06,59.747
2004-10-07,58.819
2004-10-08,60.118
2004-10-09,74.406
2004-10-10,60.304
2004-10-11,61.139
2004-10-12,51.212
2004-10-13,54.737
2004-10-14,45.274
2004-10-15,44.810
2004-10-16,44.068
2004-10-17,42.862
2004-10-18,41.934
2004-10-19,41.099
2004-10-20,40.357
2004-10-21,37.296
2004-10-22,36.461
2004-10-23,35.718
2004-10-24,35.904
2004-10-25,34.698
2004-10-26,34.883
2004-10-27,33.770
2004-10-28,31.265
2004-10-29,26.905
2004-10-30,26.070
2004-10-31,23.565
2004-11-01,22.563
2004-11-02,19.594
2004-11-03,19.495
2004-11-04,19.099
2004-11-05,18.802
2004-11-06,18.506
2004-11-07,18.506
2004-11-08,18.506
2004-11-09,18.407
2004-11-10,18.209
2004-11-11,18.209
2004-11-12,18.209
2004-11-13,17.813
2004-11-14,17.813
2004-11-15,17.813
2004-11-16,16.032
2004-11-17,15.537
2004-11-18,15.339
2004-11-19,13.755
2004-11-20,13.656
2004-11-21,12.766
2004-11-22,12.469
2004-11-23,12.172
2004-11-24,12.766
2004-11-25,12.865
2004-11-26,12.271
2004-11-27,12.172
2004-11-28,11.578
2004-11-29,11.578
2004-11-30,11.479
2004-12-01,14.226
2004-12-02,14.226
2004-12-03,14.226
2004-12-04,13.854
2004-12-05,13.854
2004-12-06,13.483
2004-12-07,13.112
2004-12-08,12.370
2004-12-09,12.370
2004-12-10,13.236
2004-12-11,11.764
2004-12-12,11.455
2004-12-13,11.244
2004-12-14,10.848
2004-12-15,10.947
2004-12-16,10.539
2004-12-17,10.539
2004-12-18,10.230
2004-12-19,10.230
2004-12-20,11.356
2004-12-21,11.764
2004-12-22,11.455
2004-12-23,11.455
2004-12-24,11.455
2004-12-25,11.455
2004-12-26,11.455
2004-12-27,11.455
2004-12-28,11.145
2004-12-29,11.145
2004-12-30,11.145
2004-12-31,11.145
2005-01-01,11.145
2005-01-02,11.145
2005-01-03,11.145
2005-01-04,10.947
2005-01-05,10.848
2005-01-06,10.848
2005-01-07,10.848
2005-01-08,10.848
2005-01-09,10.848
2005-01-10,10.848
2005-01-11,10.848
2005-01-12,10.848
2005-01-13,10.848
2005-01-14,10.848
2005-01-15,10.539
2005-01-16,10.539
2005-01-17,10.539
2005-01-18,10.539
2005-01-19,10.539
2005-01-20,10.539
2005-01-21,10.539
2005-01-22,10.539
2005-01-23,11.145
2005-01-24,10.848
2005-01-25,10.848
2005-01-26,10.848
2005-01-27,10.848
2005-01-28,10.848
2005-01-29,10.848
2005-01-30,10.539
2005-01-31,10.539
2005-02-01,10.539
2005-02-02,10.539
2005-02-03,10.539
2005-02-04,10.539
2005-02-05,10.539
2005-02-06,10.539
2005-02-07,10.539
2005-02-08,10.539
2005-02-09,10.539
2005-02-10,10.539
2005-02-11,10.539
2005-02-12,10.539
2005-02-13,10.539
2005-02-14,10.539
2005-02-15,10.539
2005-02-16,10.539
2005-02-17,10.539
2005-02-18,10.539
2005-02-19,10.539
2005-02-20,10.539
2005-02-21,10.539
2005-02-22,10.539
2005-02-23,10.539
2005-02-24,10.539
2005-02-25,10.539
2005-02-26,10.539
2005-02-27,10.539
2005-02-28,10.539
2005-03-01,10.539
2005-03-02,10.539
2005-03-03,10.638
2005-03-04,10.947
2005-03-05,10.947
2005-03-06,10.947
2005-03-07,10.947
2005-03-08,11.145
2005-03-09,11.145
2005-03-10,10.638
2005-03-11,11.244
2005-03-12,10.947
2005-03-13,10.947
2005-03-14,10.329
2005-03-15,10.440
2005-03-16,10.329
2005-03-17,10.947
2005-03-18,10.947
2005-03-19,10.737
2005-03-20,10.539
2005-03-21,10.737
2005-03-22,10.638
2005-03-23,10.848
2005-03-24,11.145
2005-03-25,14.226
2005-03-26,15.463
2005-03-27,15.834
2005-03-28,15.215
2005-03-29,15.586
2005-03-30,15.463
2005-03-31,15.710
2005-04-01,15.586
2005-04-02,14.720
2005-04-03,14.844
2005-04-04,15.339
2005-04-05,14.968
2005-04-06,14.968
2005-04-07,15.957
2005-04-08,15.339
2005-04-09,15.339
2005-04-10,15.710
2005-04-11,15.215
2005-04-12,11.764
2005-04-13,11.764
2005-04-14,11.962
2005-04-15,14.473
2005-04-16,16.081
2005-04-17,16.576
2005-04-18,16.328
2005-04-19,16.081
2005-04-20,16.700
2005-04-21,16.081
2005-04-22,16.081
2005-04-23,16.081
2005-04-24,16.081
2005-04-25,17.071
2005-04-26,16.823
2005-04-27,16.328
2005-04-28,16.081
2005-04-29,15.957
2005-04-30,16.823
2005-05-01,12.865
2005-05-02,13.063
2005-05-03,13.656
2005-05-04,14.052
2005-05-05,13.755
2005-05-06,13.558
2005-05-07,13.459
2005-05-08,13.558
2005-05-09,13.162
2005-05-10,17.912
2005-05-11,28.995
2005-05-12,14.448
2005-05-13,13.459
2005-05-14,13.063
2005-05-15,12.964
2005-05-16,12.865
2005-05-17,12.865
2005-05-18,12.865
2005-05-19,13.558
2005-05-20,13.162
2005-05-21,13.162
2005-05-22,13.063
2005-05-23,12.073
2005-05-24,43.740
2005-05-25,30.480
2005-05-26,18.011
2005-05-27,17.912
2005-05-28,18.802
2005-05-29,17.219
2005-05-30,16.229
2005-05-31,15.735
2005-06-01,15.401
2005-06-02,16.885
2005-06-03,12.339
2005-06-04,13.731
2005-06-05,17.442
2005-06-06,13.174
2005-06-07,13.267
2005-06-08,13.823
2005-06-09,19.854
2005-06-10,15.215
2005-06-11,32.007
2005-06-12,20.132
2005-06-13,23.287
2005-06-14,23.565
2005-06-15,24.956
2005-06-16,43.048
2005-06-17,83.405
2005-06-18,59.190
2005-06-19,47.408
2005-06-20,57.057
2005-06-21,49.356
2005-06-22,63.644
2005-06-23,50.748
2005-06-24,52.975
2005-06-25,52.603
2005-06-26,59.933
2005-06-27,47.222
2005-06-28,39.429
2005-06-29,68.932
2005-06-30,75.797
2005-07-01,56.222
2005-07-02,54.737
2005-07-03,80.993
2005-07-04,69.952
2005-07-05,70.602
2005-07-06,105.114
2005-07-07,82.848
2005-07-08,119.401
2005-07-09,86.188
2005-07-10,106.042
2005-07-11,84.704
2005-07-12,78.673
2005-07-13,107.062
2005-07-14,89.435
2005-07-15,82.477
2005-07-16,85.910
2005-07-17,94.167
2005-07-18,134.709
2005-07-19,106.506
2005-07-20,109.011
2005-07-21,101.681
2005-07-22,105.114
2005-07-23,105.578
2005-07-24,89.806
2005-07-25,81.178
2005-07-26,109.103
2005-07-27,98.249
2005-07-28,112.536
2005-07-29,118.752
2005-07-30,78.024
2005-07-31,66.612
2005-08-01,63.829
2005-08-02,79.137
2005-08-03,86.095
2005-08-04,97.970
2005-08-05,69.860
2005-08-06,77.189
2005-08-07,216.815
2005-08-08,115.969
2005-08-09,77.096
2005-08-10,87.116
2005-08-11,96.300
2005-08-12,107.897
2005-08-13,83.498
2005-08-14,163.006
2005-08-15,203.456
2005-08-16,141.946
2005-08-17,130.163
2005-08-18,137.956
2005-08-19,152.429
2005-08-20,175.623
2005-08-21,117.360
2005-08-22,114.763
2005-08-23,105.114
2005-08-24,124.968
2005-08-25,110.681
2005-08-26,169.500
2005-08-27,128.679
2005-08-28,107.062
2005-08-29,97.507
2005-08-30,82.384
2005-08-31,76.910
2005-09-01,82.663
2005-09-02,81.085
2005-09-03,70.138
2005-09-04,72.643
2005-09-05,81.920
2005-09-06,121.72
2005-09-07,85.353
2005-09-08,65.592
2005-09-09,65.592
2005-09-10,68.932
2005-09-11,57.613
2005-09-12,51.954
2005-09-13,44.810
2005-09-14,42.862
2005-09-15,38.687
2005-09-16,39.800
2005-09-17,40.450
2005-09-18,41.099
2005-09-19,35.626
2005-09-20,36.832
2005-09-21,51.212
2005-09-22,43.883
2005-09-23,42.584
2005-09-24,54.737
2005-09-25,74.127
2005-09-26,72.272
2005-09-27,63.273
2005-09-28,52.140
2005-09-29,44.439
2005-09-30,45.738
2005-10-01,44.810
2005-10-02,51.212
2005-10-03,44.810
2005-10-04,42.769
2005-10-05,40.264
2005-10-06,41.099
2005-10-07,41.563
2005-10-08,41.099
2005-10-09,40.264
2005-10-10,30.523
2005-10-11,30.709
2005-10-12,26.812
2005-10-13,25.699
2005-10-14,24.307
2005-10-15,22.359
2005-10-16,22.080
2005-10-17,20.039
2005-10-18,19.112
2005-10-19,18.648
2005-10-20,18.648
2005-10-21,18.462
2005-10-22,18.741
2005-10-23,18.277
2005-10-24,17.720
2005-10-25,17.720
2005-10-26,17.349
2005-10-27,20.967
2005-10-28,17.906
2005-10-29,16.700
2005-10-30,16.050
2005-10-31,15.493
2005-11-01,16.526
2005-11-02,16.130
2005-11-03,15.834
2005-11-04,15.537
2005-11-05,15.537
2005-11-06,15.735
2005-11-07,15.537
2005-11-08,14.646
2005-11-09,15.339
2005-11-10,15.339
2005-11-11,15.141
2005-11-12,15.042
2005-11-13,15.042
2005-11-14,14.547
2005-11-15,14.448
2005-11-16,14.448
2005-11-17,14.448
2005-11-18,14.448
2005-11-19,14.052
2005-11-20,14.448
2005-11-21,14.052
2005-11-22,14.052
2005-11-23,13.656
2005-11-24,12.766
2005-11-25,12.766
2005-11-26,12.766
2005-11-27,12.667
2005-11-28,12.172
2005-11-29,12.172
2005-11-30,12.172
2005-12-01,15.215
2005-12-02,14.844
2005-12-03,14.844
2005-12-04,14.844
2005-12-05,14.844
2005-12-06,14.473
2005-12-07,14.226
2005-12-08,14.226
2005-12-09,13.854
2005-12-10,12.370
2005-12-11,12.370
2005-12-12,12.370
2005-12-13,12.061
2005-12-14,12.061
2005-12-15,11.764
2005-12-16,11.764
2005-12-17,11.764
2005-12-18,11.356
2005-12-19,11.145
2005-12-20,11.145
2005-12-21,11.145
2005-12-22,10.848
2005-12-23,10.230
2005-12-24,10.230
2005-12-25,10.539
2005-12-26,10.539
2005-12-27,10.539
2005-12-28,10.329
2005-12-29,10.230
2005-12-30,9.921
2005-12-31,9.921
2006-01-01,9.921
2006-01-02,9.921
2006-01-03,9.921
2006-01-04,9.624
2006-01-05,9.624
2006-01-06,9.624
2006-01-07,9.624
2006-01-08,9.624
2006-01-09,9.624
2006-01-10,9.624
2006-01-11,9.315
2006-01-12,9.315
2006-01-13,9.921
2006-01-14,10.230
2006-01-15,10.230
2006-01-16,10.230
2006-01-17,10.230
2006-01-18,10.230
2006-01-19,10.539
2006-01-20,10.539
2006-01-21,10.539
2006-01-22,10.539
2006-01-23,10.539
2006-01-24,10.230
2006-01-25,10.230
2006-01-26,10.230
2006-01-27,10.230
2006-01-28,10.230
2006-01-29,10.230
2006-01-30,10.230
2006-01-31,10.230
2006-02-01,10.230
2006-02-02,10.230
2006-02-03,10.230
2006-02-04,10.230
2006-02-05,10.230
2006-02-06,10.539
2006-02-07,10.539
2006-02-08,10.539
2006-02-09,10.539
2006-02-10,10.539
2006-02-11,10.539
2006-02-12,10.539
2006-02-13,10.230
2006-02-14,10.230
2006-02-15,10.230
2006-02-16,10.230
2006-02-17,10.230
2006-02-18,10.638
2006-02-19,10.230
2006-02-20,10.230
2006-02-21,10.032
2006-02-22,10.230
2006-02-23,10.230
2006-02-24,10.230
2006-02-25,10.539
2006-02-26,10.329
2006-02-27,10.131
2006-02-28,10.032
2006-03-01,10.03
2006-03-02,9.921
2006-03-03,9.921
2006-03-04,9.921
2006-03-05,9.921
2006-03-06,9.921
2006-03-07,9.921
2006-03-08,9.921
2006-03-09,9.921
2006-03-10,9.921
2006-03-11,9.921
2006-03-12,9.921
2006-03-13,9.921
2006-03-14,9.921
2006-03-15,9.921
2006-03-16,9.921
2006-03-17,9.921
2006-03-18,9.921
2006-03-19,9.921
2006-03-20,9.921
2006-03-21,9.921
2006-03-22,9.921
2006-03-23,9.921
2006-03-24,9.921
2006-03-25,9.921
2006-03-26,9.921
2006-03-27,9.921
2006-03-28,9.723
2006-03-29,9.624
2006-03-30,9.624
2006-03-31,9.315
2006-04-01,9.228
2006-04-02,8.882
2006-04-03,9.537
2006-04-04,9.055
2006-04-05,10.156
2006-04-06,16.823
2006-04-07,10.848
2006-04-08,10.638
2006-04-09,9.624
2006-04-10,9.822
2006-04-11,9.624
2006-04-12,9.624
2006-04-13,9.822
2006-04-14,9.921
2006-04-15,9.624
2006-04-16,9.414
2006-04-17,9.414
2006-04-18,10.032
2006-04-19,11.554
2006-04-20,9.822
2006-04-21,9.228
2006-04-22,9.414
2006-04-23,9.624
2006-04-24,9.327
2006-04-25,10.947
2006-04-26,10.947
2006-04-27,9.723
2006-04-28,9.624
2006-04-29,9.921
2006-04-30,10.032
2006-05-01,7.709
2006-05-02,8.026
2006-05-03,8.105
2006-05-04,8.431
2006-05-05,11.182
2006-05-06,11.380
2006-05-07,11.281
2006-05-08,11.380
2006-05-09,11.677
2006-05-10,11.380
2006-05-11,14.745
2006-05-12,16.625
2006-05-13,18.506
2006-05-14,16.526
2006-05-15,10.490
2006-05-16,10.292
2006-05-17,9.896
2006-05-18,9.243
2006-05-19,9.322
2006-05-20,10.292
2006-05-21,10.094
2006-05-22,10.193
2006-05-23,9.817
2006-05-24,9.995
2006-05-25,17.714
2006-05-26,21.078
2006-05-27,31.370
2006-05-28,69.173
2006-05-29,20.782
2006-05-30,21.078
2006-05-31,57.793
2006-06-01,86.095
2006-06-02,66.520
2006-06-03,43.140
2006-06-04,39.244
2006-06-05,35.904
2006-06-06,81.642
2006-06-07,46.851
2006-06-08,54.830
2006-06-09,41.192
2006-06-10,96.672
2006-06-11,88.415
2006-06-12,78.209
2006-06-13,67.355
2006-06-14,39.615
2006-06-15,42.862
2006-06-16,34.420
2006-06-17,30.801
2006-06-18,31.822
2006-06-19,30.245
2006-06-20,41.007
2006-06-21,38.780
2006-06-22,29.131
2006-06-23,37.481
2006-06-24,46.109
2006-06-25,44.810
2006-06-26,80.158
2006-06-27,143.80
2006-06-28,94.445
2006-06-29,102.33
2006-06-30,104.84
2006-07-01,107.897
2006-07-02,99.733
2006-07-03,61.788
2006-07-04,57.057
2006-07-05,65.963
2006-07-06,63.273
2006-07-07,48.985
2006-07-08,70.880
2006-07-09,66.149
2006-07-10,86.002
2006-07-11,122.834
2006-07-12,90.641
2006-07-13,80.250
2006-07-14,120.886
2006-07-15,87.116
2006-07-16,142.131
2006-07-17,103.259
2006-07-18,86.188
2006-07-19,123.205
2006-07-20,118.752
2006-07-21,118.288
2006-07-22,110.681
2006-07-23,95.187
2006-07-24,97.599
2006-07-25,113.742
2006-07-26,121.535
2006-07-27,101.589
2006-07-28,78.766
2006-07-29,70.787
2006-07-30,71.622
2006-07-31,60.304
2006-08-01,57.057
2006-08-02,89.528
2006-08-03,91.940
2006-08-04,71.622
2006-08-05,85.910
2006-08-06,72.643
2006-08-07,72.365
2006-08-08,79.137
2006-08-09,78.117
2006-08-10,64.015
2006-08-11,53.438
2006-08-12,56.222
2006-08-13,54.366
2006-08-14,70.880
2006-08-15,63.644
2006-08-16,61.695
2006-08-17,51.212
2006-08-18,43.048
2006-08-19,66.891
2006-08-20,129.89
2006-08-21,108.36
2006-08-22,100.01
2006-08-23,89.528
2006-08-24,70.323
2006-08-25,70.138
2006-08-26,114.76
2006-08-27,87.301
2006-08-28,87.672
2006-08-29,92.682
2006-08-30,123.67
2006-08-31,87.023
2006-09-01,75.426
2006-09-02,64.664
2006-09-03,62.623
2006-09-04,61.695
2006-09-05,61.695
2006-09-06,60.118
2006-09-07,55.758
2006-09-08,45.924
2006-09-09,52.975
2006-09-10,70.323
2006-09-11,69.674
2006-09-12,85.817
2006-09-13,234.071
2006-09-14,77.931
2006-09-15,109.753
2006-09-16,116.897
2006-09-17,81.271
2006-09-18,80.993
2006-09-19,67.447
2006-09-20,59.933
2006-09-21,57.984
2006-09-22,53.531
2006-09-23,60.675
2006-09-24,68.004
2006-09-25,156.51
2006-09-26,106.04
2006-09-27,76.539
2006-09-28,64.200
2006-09-29,59.005
2006-09-30,59.005
2006-10-01,50.748
2006-10-02,43.233
2006-10-03,48.243
2006-10-04,60.304
2006-10-05,50.284
2006-10-06,39.800
2006-10-07,38.409
2006-10-08,35.811
2006-10-09,33.306
2006-10-10,33.306
2006-10-11,29.317
2006-10-12,33.399
2006-10-13,32.564
2006-10-14,27.833
2006-10-15,25.699
2006-10-16,22.359
2006-10-17,21.524
2006-10-18,20.689
2006-10-19,19.112
2006-10-20,17.998
2006-10-21,17.998
2006-10-22,17.627
2006-10-23,17.998
2006-10-24,16.607
2006-10-25,15.957
2006-10-26,14.937
2006-10-27,14.287
2006-10-28,13.731
2006-10-29,13.360
2006-10-30,12.803
2006-10-31,12.246
2006-11-01,12.271
2006-11-02,12.766
2006-11-03,12.667
2006-11-04,12.172
2006-11-05,11.875
2006-11-06,11.875
2006-11-07,11.578
2006-11-08,11.380
2006-11-09,11.380
2006-11-10,11.084
2006-11-11,11.084
2006-11-12,11.084
2006-11-13,11.084
2006-11-14,10.787
2006-11-15,10.787
2006-11-16,10.490
2006-11-17,10.490
2006-11-18,10.193
2006-11-19,10.193
2006-11-20,9.896
2006-11-21,9.817
2006-11-22,9.164
2006-11-23,8.916
2006-11-24,8.916
2006-11-25,8.679
2006-11-26,8.679
2006-11-27,8.431
2006-11-28,8.431
2006-11-29,8.184
2006-11-30,8.184
2006-12-01,9.921
2006-12-02,9.921
2006-12-03,9.315
2006-12-04,8.263
2006-12-05,8.263
2006-12-06,8.003
2006-12-07,8.523
2006-12-08,8.523
2006-12-09,8.708
2006-12-10,9.055
2006-12-11,9.315
2006-12-12,10.54
2006-12-13,9.921
2006-12-14,9.921
2006-12-15,9.624
2006-12-16,9.624
2006-12-17,9.315
2006-12-18,9.315
2006-12-19,9.315
2006-12-20,8.795
2006-12-21,8.795
2006-12-22,9.723
2006-12-23,9.315
2006-12-24,9.055
2006-12-25,9.055
2006-12-26,9.055
2006-12-27,9.315
2006-12-28,9.315
2006-12-29,9.315
2006-12-30,9.315
2006-12-31,9.315
2007-01-01,9.055
2007-01-02,9.055
2007-01-03,9.055
2007-01-04,8.795
2007-01-05,8.795
2007-01-06,8.795
2007-01-07,8.795
2007-01-08,8.795
2007-01-09,8.523
2007-01-10,8.523
2007-01-11,8.523
2007-01-12,8.523
2007-01-13,8.523
2007-01-14,8.523
2007-01-15,8.523
2007-01-16,8.523
2007-01-17,8.523
2007-01-18,8.523
2007-01-19,8.003
2007-01-20,8.003
2007-01-21,8.003
2007-01-22,8.003
2007-01-23,7.744
2007-01-24,7.744
2007-01-25,7.484
2007-01-26,7.484
2007-01-27,7.484
2007-01-28,7.484
2007-01-29,7.212
2007-01-30,7.212
2007-01-31,7.212
2007-02-01,7.657
2007-02-02,7.484
2007-02-03,7.484
2007-02-04,7.484
2007-02-05,7.657
2007-02-06,7.744
2007-02-07,7.744
2007-02-08,9.302
2007-02-09,9.339
2007-02-10,9.055
2007-02-11,9.055
2007-02-12,8.795
2007-02-13,8.795
2007-02-14,9.921
2007-02-15,10.64
2007-02-16,9.315
2007-02-17,10.03
2007-02-18,9.921
2007-02-19,9.080
2007-02-20,9.624
2007-02-21,9.921
2007-02-22,9.921
2007-02-23,9.921
2007-02-24,9.921
2007-02-25,9.921
2007-02-26,10.23
2007-02-27,10.33
2007-02-28,10.33
2007-03-01,10.230
2007-03-02,10.131
2007-03-03,10.131
2007-03-04,9.921
2007-03-05,10.131
2007-03-06,10.131
2007-03-07,10.131
2007-03-08,10.131
2007-03-09,9.921
2007-03-10,9.921
2007-03-11,9.921
2007-03-12,9.921
2007-03-13,9.921
2007-03-14,9.921
2007-03-15,9.921
2007-03-16,9.921
2007-03-17,9.921
2007-03-18,9.921
2007-03-19,9.921
2007-03-20,10.131
2007-03-21,9.921
2007-03-22,10.329
2007-03-23,9.141
2007-03-24,9.141
2007-03-25,9.141
2007-03-26,9.240
2007-03-27,9.315
2007-03-28,9.315
2007-03-29,9.723
2007-03-30,9.414
2007-03-31,9.414
2007-04-01,9.414
2007-04-02,9.624
2007-04-03,9.315
2007-04-04,9.513
2007-04-05,9.315
2007-04-06,9.315
2007-04-07,9.315
2007-04-08,9.315
2007-04-09,10.242
2007-04-10,11.046
2007-04-11,10.131
2007-04-12,10.329
2007-04-13,9.414
2007-04-14,9.723
2007-04-15,9.822
2007-04-16,9.921
2007-04-17,11.455
2007-04-18,9.723
2007-04-19,9.315
2007-04-20,9.488
2007-04-21,9.698
2007-04-22,10.329
2007-04-23,9.562
2007-04-24,10.539
2007-04-25,11.863
2007-04-26,8.882
2007-04-27,8.523
2007-04-28,8.177
2007-04-29,7.830
2007-04-30,8.436
2007-05-01,6.056
2007-05-02,6.749
2007-05-03,6.195
2007-05-04,8.758
2007-05-05,6.333
2007-05-06,6.680
2007-05-07,7.244
2007-05-08,8.511
2007-05-09,7.036
2007-05-10,7.382
2007-05-11,8.055
2007-05-12,11.380
2007-05-13,8.590
2007-05-14,7.610
2007-05-15,7.610
2007-05-16,8.105
2007-05-17,9.411
2007-05-18,9.738
2007-05-19,11.084
2007-05-20,18.110
2007-05-21,12.865
2007-05-22,42.256
2007-05-23,34.636
2007-05-24,29.886
2007-05-25,15.933
2007-05-26,11.479
2007-05-27,12.469
2007-05-28,13.360
2007-05-29,11.875
2007-05-30,11.380
2007-05-31,9.995
2007-06-01,9.278
2007-06-02,9.278
2007-06-03,9.278
2007-06-04,11.226
2007-06-05,9.278
2007-06-06,16.607
2007-06-07,12.246
2007-06-08,12.246
2007-06-09,14.566
2007-06-10,28.389
2007-06-11,31.358
2007-06-12,25.606
2007-06-13,30.987
2007-06-14,109.57
2007-06-15,43.419
2007-06-16,48.521
2007-06-17,63.922
2007-06-18,50.099
2007-06-19,41.007
2007-06-20,41.099
2007-06-21,30.430
2007-06-22,35.069
2007-06-23,41.099
2007-06-24,43.790
2007-06-25,44.161
2007-06-26,34.420
2007-06-27,88.415
2007-06-28,75.890
2007-06-29,36.739
2007-06-30,40.079
2007-07-01,47.779
2007-07-02,53.995
2007-07-03,74.127
2007-07-04,91.847
2007-07-05,77.374
2007-07-06,64.664
2007-07-07,68.746
2007-07-08,78.302
2007-07-09,60.953
2007-07-10,73.199
2007-07-11,125.525
2007-07-12,97.507
2007-07-13,113.928
2007-07-14,138.235
2007-07-15,102.424
2007-07-16,77.282
2007-07-17,92.868
2007-07-18,72.086
2007-07-19,102.516
2007-07-20,74.034
2007-07-21,124.597
2007-07-22,136.101
2007-07-23,111.794
2007-07-24,114.855
2007-07-25,127.287
2007-07-26,131.741
2007-07-27,137.307
2007-07-28,126.081
2007-07-29,130.163
2007-07-30,118.752
2007-07-31,103.351
2007-08-01,136.936
2007-08-02,113.464
2007-08-03,109.289
2007-08-04,105.300
2007-08-05,115.041
2007-08-06,97.970
2007-08-07,82.384
2007-08-08,82.570
2007-08-09,68.282
2007-08-10,65.128
2007-08-11,93.517
2007-08-12,71.344
2007-08-13,69.303
2007-08-14,75.148
2007-08-15,74.684
2007-08-16,75.612
2007-08-17,132.668
2007-08-18,86.188
2007-08-19,117.917
2007-08-20,74.684
2007-08-21,69.396
2007-08-22,58.819
2007-08-23,59.190
2007-08-24,57.428
2007-08-25,56.500
2007-08-26,55.665
2007-08-27,89.157
2007-08-28,83.219
2007-08-29,61.510
2007-08-30,83.498
2007-08-31,67.819
2007-09-01,91.940
2007-09-02,138.513
2007-09-03,103.073
2007-09-04,128.772
2007-09-05,169.593
2007-09-06,139.163
2007-09-07,131.741
2007-09-08,141.667
2007-09-09,138.235
2007-09-10,139.163
2007-09-11,141.946
2007-09-12,144.729
2007-09-13,139.812
2007-09-14,136.658
2007-09-15,128.772
2007-09-16,136.101
2007-09-17,129.328
2007-09-18,93.888
2007-09-19,56.036
2007-09-20,54.181
2007-09-21,50.562
2007-09-22,50.284
2007-09-23,48.614
2007-09-24,48.336
2007-09-25,47.779
2007-09-26,44.439
2007-09-27,44.068
2007-09-28,43.883
2007-09-29,46.851
2007-09-30,45.553
2007-10-01,44.996
2007-10-02,44.718
2007-10-03,44.439
2007-10-04,41.099
2007-10-05,37.481
2007-10-06,34.698
2007-10-07,35.440
2007-10-08,42.677
2007-10-09,50.562
2007-10-10,50.748
2007-10-11,49.727
2007-10-12,37.203
2007-10-13,36.924
2007-10-14,36.832
2007-10-15,37.110
2007-10-16,36.646
2007-10-17,24.864
2007-10-18,24.400
2007-10-19,24.400
2007-10-20,24.122
2007-10-21,23.750
2007-10-22,23.101
2007-10-23,23.101
2007-10-24,23.101
2007-10-25,23.101
2007-10-26,22.823
2007-10-27,22.452
2007-10-28,22.080
2007-10-29,21.245
2007-10-30,20.689
2007-10-31,20.689
2007-11-01,22.068
2007-11-02,21.474
2007-11-03,21.078
2007-11-04,21.078
2007-11-05,21.078
2007-11-06,21.078
2007-11-07,20.782
2007-11-08,20.485
2007-11-09,20.188
2007-11-10,19.891
2007-11-11,19.297
2007-11-12,18.604
2007-11-13,18.209
2007-11-14,18.209
2007-11-15,18.011
2007-11-16,17.714
2007-11-17,17.714
2007-11-18,17.516
2007-11-19,17.120
2007-11-20,16.328
2007-11-21,15.735
2007-11-22,15.339
2007-11-23,15.240
2007-11-24,14.646
2007-11-25,14.151
2007-11-26,13.656
2007-11-27,13.360
2007-11-28,13.063
2007-11-29,12.766
2007-11-30,12.469
2007-12-01,15.215
2007-12-02,14.968
2007-12-03,14.102
2007-12-04,13.731
2007-12-05,13.483
2007-12-06,13.236
2007-12-07,12.989
2007-12-08,12.494
2007-12-09,12.184
2007-12-10,12.110
2007-12-11,11.875
2007-12-12,11.665
2007-12-13,11.455
2007-12-14,11.170
2007-12-15,10.960
2007-12-16,10.750
2007-12-17,10.539
2007-12-18,10.403
2007-12-19,10.267
2007-12-20,9.847
2007-12-21,9.983
2007-12-22,9.772
2007-12-23,9.847
2007-12-24,9.587
2007-12-25,9.463
2007-12-26,9.401
2007-12-27,9.216
2007-12-28,9.030
2007-12-29,8.845
2007-12-30,8.659
2007-12-31,8.473
2008-01-01,8.288
2008-01-02,8.102
2008-01-03,7.979
2008-01-04,8.041
2008-01-05,7.917
2008-01-06,7.768
2008-01-07,7.620
2008-01-08,7.620
2008-01-09,7.471
2008-01-10,7.620
2008-01-11,7.471
2008-01-12,7.323
2008-01-13,7.175
2008-01-14,7.175
2008-01-15,7.026
2008-01-16,6.878
2008-01-17,6.729
2008-01-18,6.779
2008-01-19,6.878
2008-01-20,6.878
2008-01-21,6.729
2008-01-22,6.729
2008-01-23,6.630
2008-01-24,6.581
2008-01-25,6.630
2008-01-26,6.531
2008-01-27,6.531
2008-01-28,6.432
2008-01-29,6.482
2008-01-30,6.432
2008-01-31,6.296
2008-02-01,6.296
2008-02-02,6.160
2008-02-03,6.160
2008-02-04,6.024
2008-02-05,5.888
2008-02-06,5.752
2008-02-07,5.480
2008-02-08,5.480
2008-02-09,5.344
2008-02-10,5.208
2008-02-11,5.072
2008-02-12,4.948
2008-02-13,4.824
2008-02-14,4.738
2008-02-15,4.614
2008-02-16,4.577
2008-02-17,4.453
2008-02-18,4.701
2008-02-19,4.738
2008-02-20,4.701
2008-02-21,4.701
2008-02-22,4.614
2008-02-23,4.577
2008-02-24,4.577
2008-02-25,4.577
2008-02-26,4.577
2008-02-27,4.453
2008-02-28,4.416
2008-02-29,4.453
2008-03-01,4.453
2008-03-02,4.330
2008-03-03,4.453
2008-03-04,5.035
2008-03-05,6.024
2008-03-06,5.975
2008-03-07,5.802
2008-03-08,5.703
2008-03-09,5.703
2008-03-10,5.567
2008-03-11,5.393
2008-03-12,5.035
2008-03-13,5.171
2008-03-14,5.084
2008-03-15,5.072
2008-03-16,4.577
2008-03-17,4.861
2008-03-18,7.373
2008-03-19,5.839
2008-03-20,5.567
2008-03-21,4.985
2008-03-22,5.294
2008-03-23,5.035
2008-03-24,5.035
2008-03-25,6.507
2008-03-26,5.567
2008-03-27,5.344
2008-03-28,5.802
2008-03-29,5.344
2008-03-30,5.171
2008-03-31,5.307
2008-04-01,6.074
2008-04-02,5.752
2008-04-03,5.839
2008-04-04,6.210
2008-04-05,6.346
2008-04-06,6.383
2008-04-07,6.878
2008-04-08,5.307
2008-04-09,5.665
2008-04-10,5.480
2008-04-11,6.272
2008-04-12,5.752
2008-04-13,10.106
2008-04-14,9.945
2008-04-15,10.205
2008-04-16,7.410
2008-04-17,9.933
2008-04-18,10.230
2008-04-19,9.599
2008-04-20,9.401
2008-04-21,9.315
2008-04-22,8.659
2008-04-23,8.783
2008-04-24,12.184
2008-04-25,25.482
2008-04-26,16.452
2008-04-27,18.060
2008-04-28,23.627
2008-04-29,13.607
2008-04-30,17.442
2008-05-01,13.360
2008-05-02,17.417
2008-05-03,16.526
2008-05-04,12.469
2008-05-05,12.469
2008-05-06,11.084
2008-05-07,11.380
2008-05-08,12.073
2008-05-09,12.865
2008-05-10,11.182
2008-05-11,9.658
2008-05-12,11.776
2008-05-13,13.261
2008-05-14,10.094
2008-05-15,13.162
2008-05-16,12.766
2008-05-17,20.485
2008-05-18,13.854
2008-05-19,23.849
2008-05-20,15.042
2008-05-21,12.667
2008-05-22,14.547
2008-05-23,15.537
2008-05-24,15.141
2008-05-25,14.052
2008-05-26,19.297
2008-05-27,19.297
2008-05-28,14.448
2008-05-29,17.318
2008-05-30,19.990
2008-05-31,19.693
2008-06-01,15.308
2008-06-02,13.081
2008-06-03,37.759
2008-06-04,53.346
2008-06-05,31.915
2008-06-06,43.883
2008-06-07,27.276
2008-06-08,28.204
2008-06-09,28.667
2008-06-10,28.296
2008-06-11,24.029
2008-06-12,23.379
2008-06-13,55.201
2008-06-14,61.510
2008-06-15,39.708
2008-06-16,32.657
2008-06-17,31.172
2008-06-18,52.232
2008-06-19,40.172
2008-06-20,48.614
2008-06-21,42.955
2008-06-22,27.833
2008-06-23,34.420
2008-06-24,47.686
2008-06-25,72.550
2008-06-26,69.488
2008-06-27,63.087
2008-06-28,56.314
2008-06-29,44.625
2008-06-30,44.346
2008-07-01,66.241
2008-07-02,63.458
2008-07-03,65.777
2008-07-04,77.931
2008-07-05,96.300
2008-07-06,72.828
2008-07-07,58.077
2008-07-08,44.068
2008-07-09,51.397
2008-07-10,38.223
2008-07-11,84.425
2008-07-12,77.189
2008-07-13,78.766
2008-07-14,97.970
2008-07-15,114.206
2008-07-16,77.003
2008-07-17,66.705
2008-07-18,129.514
2008-07-19,88.600
2008-07-20,97.228
2008-07-21,98.805
2008-07-22,151.873
2008-07-23,109.475
2008-07-24,105.671
2008-07-25,95.837
2008-07-26,163.841
2008-07-27,132.947
2008-07-28,112.072
2008-07-29,103.630
2008-07-30,90.548
2008-07-31,92.218
2008-08-01,78.024
2008-08-02,105.671
2008-08-03,134.245
2008-08-04,179.984
2008-08-05,106.227
2008-08-06,104.465
2008-08-07,156.975
2008-08-08,124.319
2008-08-09,101.218
2008-08-10,101.589
2008-08-11,113.464
2008-08-12,83.034
2008-08-13,143.987
2008-08-14,106.784
2008-08-15,118.474
2008-08-16,149.832
2008-08-17,97.414
2008-08-18,102.980
2008-08-19,186.571
2008-08-20,120.886
2008-08-21,100.197
2008-08-22,132.854
2008-08-23,132.390
2008-08-24,157.068
2008-08-25,121.721
2008-08-26,125.525
2008-08-27,126.731
2008-08-28,209.022
2008-08-29,183.416
2008-08-30,162.171
2008-08-31,123.205
2008-09-01,97.507
2008-09-02,82.755
2008-09-03,99.176
2008-09-04,105.49
2008-09-05,93.239
2008-09-06,68.190
2008-09-07,61.139
2008-09-08,59.098
2008-09-09,63.829
2008-09-10,88.600
2008-09-11,85.167
2008-09-12,75.241
2008-09-13,92.218
2008-09-14,89.899
2008-09-15,60.768
2008-09-16,44.068
2008-09-17,53.624
2008-09-18,55.016
2008-09-19,50.006
2008-09-20,43.790
2008-09-21,44.068
2008-09-22,44.625
2008-09-23,60.489
2008-09-24,47.779
2008-09-25,44.068
2008-09-26,43.511
2008-09-27,39.986
2008-09-28,46.388
2008-09-29,41.099
2008-09-30,41.285
2008-10-01,37.945
2008-10-02,39.893
2008-10-03,38.594
2008-10-04,37.667
2008-10-05,44.625
2008-10-06,43.883
2008-10-07,38.594
2008-10-08,37.203
2008-10-09,41.934
2008-10-10,40.821
2008-10-11,32.471
2008-10-12,31.172
2008-10-13,27.276
2008-10-14,26.626
2008-10-15,23.750
2008-10-16,21.617
2008-10-17,21.245
2008-10-18,19.297
2008-10-19,19.112
2008-10-20,18.277
2008-10-21,18.091
2008-10-22,17.627
2008-10-23,16.792
2008-10-24,16.236
2008-10-25,15.308
2008-10-26,13.916
2008-10-27,18.462
2008-10-28,19.483
2008-10-29,19.390
2008-10-30,20.132
2008-10-31,18.555
2008-11-01,18.011
2008-11-02,18.110
2008-11-03,17.120
2008-11-04,17.120
2008-11-05,23.256
2008-11-06,18.011
2008-11-07,17.021
2008-11-08,16.032
2008-11-09,15.339
2008-11-10,15.141
2008-11-11,14.646
2008-11-12,14.448
2008-11-13,14.151
2008-11-14,13.854
2008-11-15,13.755
2008-11-16,13.261
2008-11-17,12.964
2008-11-18,12.568
2008-11-19,12.271
2008-11-20,11.875
2008-11-21,11.479
2008-11-22,11.281
2008-11-23,10.985
2008-11-24,10.589
2008-11-25,10.391
2008-11-26,10.193
2008-11-27,9.896
2008-11-28,9.629
2008-11-29,9.391
2008-11-30,9.273
2008-12-01,11.319
2008-12-02,11.034
2008-12-03,11.034
2008-12-04,10.750
2008-12-05,10.688
2008-12-06,10.403
2008-12-07,10.403
2008-12-08,10.193
2008-12-09,9.983
2008-12-10,9.983
2008-12-11,9.908
2008-12-12,9.649
2008-12-13,9.587
2008-12-14,8.906
2008-12-15,8.412
2008-12-16,12.617
2008-12-17,12.617
2008-12-18,12.617
2008-12-19,12.617
2008-12-20,12.370
2008-12-21,12.345
2008-12-22,12.345
2008-12-23,12.184
2008-12-24,12.110
2008-12-25,12.110
2008-12-26,12.345
2008-12-27,13.236
2008-12-28,12.741
2008-12-29,12.370
2008-12-30,12.036
2008-12-31,11.739
2009-01-01,11.455
2009-01-02,11.529
2009-01-03,11.244
2009-01-04,10.898
2009-01-05,10.824
2009-01-06,10.613
2009-01-07,10.403
2009-01-08,10.193
2009-01-09,10.193
2009-01-10,9.983
2009-01-11,9.772
2009-01-12,9.587
2009-01-13,9.587
2009-01-14,9.401
2009-01-15,9.401
2009-01-16,9.401
2009-01-17,9.216
2009-01-18,9.216
2009-01-19,9.216
2009-01-20,9.030
2009-01-21,9.030
2009-01-22,9.030
2009-01-23,8.845
2009-01-24,8.845
2009-01-25,8.845
2009-01-26,8.721
2009-01-27,8.783
2009-01-28,8.659
2009-01-29,8.659
2009-01-30,8.473
2009-01-31,8.473
2009-02-01,8.473
2009-02-02,8.102
2009-02-03,8.102
2009-02-04,8.288
2009-02-05,8.288
2009-02-06,7.979
2009-02-07,7.979
2009-02-08,8.102
2009-02-09,8.102
2009-02-10,8.102
2009-02-11,7.979
2009-02-12,7.929
2009-02-13,7.929
2009-02-14,7.818
2009-02-15,7.768
2009-02-16,7.521
2009-02-17,7.521
2009-02-18,7.471
2009-02-19,7.422
2009-02-20,7.422
2009-02-21,7.323
2009-02-22,7.373
2009-02-23,7.224
2009-02-24,7.175
2009-02-25,7.323
2009-02-26,7.471
2009-02-27,7.323
2009-02-28,7.224
2009-03-01,7.224
2009-03-02,7.125
2009-03-03,7.175
2009-03-04,7.175
2009-03-05,7.175
2009-03-06,7.125
2009-03-07,7.026
2009-03-08,7.026
2009-03-09,7.026
2009-03-10,7.026
2009-03-11,6.779
2009-03-12,6.779
2009-03-13,6.779
2009-03-14,6.432
2009-03-15,6.482
2009-03-16,6.346
2009-03-17,6.383
2009-03-18,6.482
2009-03-19,6.296
2009-03-20,6.581
2009-03-21,7.125
2009-03-22,6.779
2009-03-23,6.927
2009-03-24,6.927
2009-03-25,7.026
2009-03-26,7.323
2009-03-27,7.830
2009-03-28,7.471
2009-03-29,7.471
2009-03-30,7.570
2009-03-31,9.414
2009-04-01,7.929
2009-04-02,7.830
2009-04-03,13.236
2009-04-04,10.403
2009-04-05,8.659
2009-04-06,22.142
2009-04-07,12.184
2009-04-08,17.071
2009-04-09,15.339
2009-04-10,11.195
2009-04-11,10.354
2009-04-12,10.354
2009-04-13,10.576
2009-04-14,10.898
2009-04-15,9.921
2009-04-16,9.859
2009-04-17,28.575
2009-04-18,20.782
2009-04-19,13.854
2009-04-20,11.888
2009-04-21,12.209
2009-04-22,13.236
2009-04-23,12.494
2009-04-24,11.529
2009-04-25,11.405
2009-04-26,11.405
2009-04-27,11.108
2009-04-28,10.613
2009-04-29,10.477
2009-04-30,10.477
2009-05-01,9.817
2009-05-02,10.985
2009-05-03,15.339
2009-05-04,13.261
2009-05-05,10.391
2009-05-06,9.391
2009-05-07,10.292
2009-05-08,9.332
2009-05-09,8.600
2009-05-10,9.688
2009-05-11,13.261
2009-05-12,10.490
2009-05-13,11.084
2009-05-14,10.490
2009-05-15,9.688
2009-05-16,9.391
2009-05-17,10.589
2009-05-18,9.510
2009-05-19,9.104
2009-05-20,9.055
2009-05-21,11.479
2009-05-22,11.974
2009-05-23,13.261
2009-05-24,11.974
2009-05-25,10.688
2009-05-26,16.328
2009-05-27,80.652
2009-05-28,23.849
2009-05-29,22.662
2009-05-30,17.714
2009-05-31,19.594
2009-06-01,15.308
2009-06-02,13.267
2009-06-03,16.421
2009-06-04,15.308
2009-06-05,25.791
2009-06-06,27.276
2009-06-07,27.276
2009-06-08,20.318
2009-06-09,23.008
2009-06-10,22.080
2009-06-11,18.462
2009-06-12,17.163
2009-06-13,19.483
2009-06-14,18.462
2009-06-15,18.277
2009-06-16,23.008
2009-06-17,20.782
2009-06-18,19.947
2009-06-19,21.153
2009-06-20,20.967
2009-06-21,26.441
2009-06-22,22.637
2009-06-23,26.626
2009-06-24,22.637
2009-06-25,23.750
2009-06-26,27.369
2009-06-27,43.511
2009-06-28,47.872
2009-06-29,39.429
2009-06-30,48.057
2009-07-01,54.273
2009-07-02,53.067
2009-07-03,49.635
2009-07-04,45.181
2009-07-05,54.644
2009-07-06,47.501
2009-07-07,46.109
2009-07-08,41.563
2009-07-09,41.563
2009-07-10,50.006
2009-07-11,42.955
2009-07-12,43.048
2009-07-13,44.903
2009-07-14,52.789
2009-07-15,52.418
2009-07-16,45.553
2009-07-17,37.481
2009-07-18,47.222
2009-07-19,52.047
2009-07-20,55.479
2009-07-21,39.151
2009-07-22,56.964
2009-07-23,46.295
2009-07-24,50.748
2009-07-25,39.986
2009-07-26,128.49
2009-07-27,264.13
2009-07-28,99.919
2009-07-29,81.549
2009-07-30,101.31
2009-07-31,75.519
2009-08-01,63.180
2009-08-02,65.963
2009-08-03,65.777
2009-08-04,92.218
2009-08-05,77.931
2009-08-06,124.782
2009-08-07,90.734
2009-08-08,68.375
2009-08-09,79.601
2009-08-10,102.702
2009-08-11,90.734
2009-08-12,80.343
2009-08-13,82.384
2009-08-14,81.828
2009-08-15,87.672
2009-08-16,105.114
2009-08-17,98.898
2009-08-18,107.526
2009-08-19,139.070
2009-08-20,201.322
2009-08-21,99.455
2009-08-22,87.301
2009-08-23,118.195
2009-08-24,126.081
2009-08-25,104.372
2009-08-26,83.776
2009-08-27,85.446
2009-08-28,80.621
2009-08-29,68.746
2009-08-30,78.117
2009-08-31,65.963
2009-09-01,52.882
2009-09-02,65.406
2009-09-03,78.766
2009-09-04,59.098
2009-09-05,52.696
2009-09-06,51.490
2009-09-07,58.263
2009-09-08,48.336
2009-09-09,50.470
2009-09-10,61.881
2009-09-11,62.438
2009-09-12,48.521
2009-09-13,41.749
2009-09-14,40.264
2009-09-15,39.058
2009-09-16,38.502
2009-09-17,98.898
2009-09-18,107.526
2009-09-19,139.070
2009-09-20,201.322
2009-09-21,99.455
2009-09-22,87.301
2009-09-23,121.535
2009-09-24,126.081
2009-09-25,104.372
2009-09-26,83.776
2009-09-27,87.023
2009-09-28,80.621
2009-09-29,68.746
2009-09-30,78.117
2009-10-01,26.905
2009-10-02,26.441
2009-10-03,25.328
2009-10-04,24.585
2009-10-05,25.699
2009-10-06,25.606
2009-10-07,51.305
2009-10-08,79.508
2009-10-09,30.616
2009-10-10,25.606
2009-10-11,24.214
2009-10-12,23.472
2009-10-13,22.452
2009-10-14,21.245
2009-10-15,20.411
2009-10-16,20.039
2009-10-17,19.761
2009-10-18,19.854
2009-10-19,19.297
2009-10-20,19.112
2009-10-21,18.555
2009-10-22,17.720
2009-10-23,17.442
2009-10-24,17.256
2009-10-25,17.071
2009-10-26,16.607
2009-10-27,16.421
2009-10-28,16.050
2009-10-29,15.865
2009-10-30,15.865
2009-10-31,15.957
2009-11-01,16.427
2009-11-02,16.130
2009-11-03,15.636
2009-11-04,15.438
2009-11-05,15.141
2009-11-06,14.844
2009-11-07,14.250
2009-11-08,14.646
2009-11-09,14.151
2009-11-10,14.052
2009-11-11,13.854
2009-11-12,13.656
2009-11-13,13.459
2009-11-14,13.459
2009-11-15,13.459
2009-11-16,13.360
2009-11-17,13.162
2009-11-18,13.063
2009-11-19,12.766
2009-11-20,12.568
2009-11-21,12.370
2009-11-22,12.172
2009-11-23,11.974
2009-11-24,11.776
2009-11-25,11.776
2009-11-26,11.479
2009-11-27,11.281
2009-11-28,11.182
2009-11-29,10.985
2009-11-30,10.787
2009-12-01,13.360
2009-12-02,13.360
2009-12-03,12.989
2009-12-04,12.989
2009-12-05,12.989
2009-12-06,13.112
2009-12-07,12.741
2009-12-08,12.741
2009-12-09,12.494
2009-12-10,12.494
2009-12-11,12.184
2009-12-12,12.184
2009-12-13,12.184
2009-12-14,12.011
2009-12-15,11.925
2009-12-16,11.925
2009-12-17,11.492
2009-12-18,11.405
2009-12-19,11.319
2009-12-20,11.145
2009-12-21,10.972
2009-12-22,10.886
2009-12-23,10.737
2009-12-24,11.244
2009-12-25,11.405
2009-12-26,11.665
2009-12-27,11.665
2009-12-28,11.492
2009-12-29,11.319
2009-12-30,11.232
2009-12-31,11.232
2010-01-01,11.665
2010-01-02,11.145
2010-01-03,10.886
2010-01-04,10.811
2010-01-05,10.886
2010-01-06,10.663
2010-01-07,10.515
2010-01-08,10.440
2010-01-09,10.218
2010-01-10,10.218
2010-01-11,10.069
2010-01-12,10.069
2010-01-13,9.847
2010-01-14,9.995
2010-01-15,9.995
2010-01-16,9.847
2010-01-17,9.698
2010-01-18,9.550
2010-01-19,9.327
2010-01-20,9.327
2010-01-21,9.179
2010-01-22,8.956
2010-01-23,8.882
2010-01-24,8.882
2010-01-25,8.733
2010-01-26,8.659
2010-01-27,8.659
2010-01-28,8.659
2010-01-29,8.659
2010-01-30,8.449
2010-01-31,8.449
2010-02-01,8.238
2010-02-02,8.313
2010-02-03,8.313
2010-02-04,8.102
2010-02-05,8.028
2010-02-06,8.028
2010-02-07,8.028
2010-02-08,7.682
2010-02-09,8.523
2010-02-10,8.164
2010-02-11,8.028
2010-02-12,7.744
2010-02-13,8.238
2010-02-14,7.954
2010-02-15,7.682
2010-02-16,7.608
2010-02-17,7.608
2010-02-18,7.471
2010-02-19,7.608
2010-02-20,7.397
2010-02-21,7.533
2010-02-22,7.113
2010-02-23,7.397
2010-02-24,6.977
2010-02-25,7.261
2010-02-26,7.051
2010-02-27,7.187
2010-02-28,7.397
2010-03-01,7.261
2010-03-02,8.770
2010-03-03,8.102
2010-03-04,7.892
2010-03-05,7.397
2010-03-06,7.187
2010-03-07,7.051
2010-03-08,6.902
2010-03-09,6.841
2010-03-10,6.841
2010-03-11,6.766
2010-03-12,6.766
2010-03-13,6.630
2010-03-14,6.630
2010-03-15,6.630
2010-03-16,6.630
2010-03-17,6.445
2010-03-18,6.568
2010-03-19,6.630
2010-03-20,6.507
2010-03-21,6.568
2010-03-22,6.692
2010-03-23,7.471
2010-03-24,8.585
2010-03-25,8.238
2010-03-26,7.818
2010-03-27,8.671
2010-03-28,8.671
2010-03-29,8.956
2010-03-30,8.733
2010-03-31,11.32
2010-04-01,9.624
2010-04-02,9.624
2010-04-03,8.659
2010-04-04,8.313
2010-04-05,8.028
2010-04-06,8.102
2010-04-07,7.892
2010-04-08,7.682
2010-04-09,8.102
2010-04-10,8.164
2010-04-11,11.492
2010-04-12,10.873
2010-04-13,15.710
2010-04-14,16.823
2010-04-15,13.978
2010-04-16,11.838
2010-04-17,10.675
2010-04-18,10.985
2010-04-19,12.135
2010-04-20,11.752
2010-04-21,11.752
2010-04-22,18.555
2010-04-23,16.700
2010-04-24,16.452
2010-04-25,18.555
2010-04-26,20.782
2010-04-27,14.968
2010-04-28,12.617
2010-04-29,12.494
2010-04-30,12.741
2010-05-01,8.986
2010-05-02,12.667
2010-05-03,13.360
2010-05-04,11.677
2010-05-05,13.162
2010-05-06,12.370
2010-05-07,14.745
2010-05-08,11.974
2010-05-09,13.558
2010-05-10,12.172
2010-05-11,11.084
2010-05-12,11.875
2010-05-13,10.490
2010-05-14,10.391
2010-05-15,9.748
2010-05-16,9.540
2010-05-17,19.000
2010-05-18,12.469
2010-05-19,12.568
2010-05-20,18.802
2010-05-21,25.631
2010-05-22,17.219
2010-05-23,13.162
2010-05-24,22.266
2010-05-25,17.219
2010-05-26,16.032
2010-05-27,16.130
2010-05-28,17.516
2010-05-29,14.250
2010-05-30,13.854
2010-05-31,14.745
2010-06-01,15.586
2010-06-02,13.081
2010-06-03,14.473
2010-06-04,22.173
2010-06-05,19.947
2010-06-06,26.719
2010-06-07,27.369
2010-06-08,21.988
2010-06-09,23.565
2010-06-10,21.802
2010-06-11,20.874
2010-06-12,20.225
2010-06-13,28.389
2010-06-14,20.874
2010-06-15,22.266
2010-06-16,22.266
2010-06-17,29.317
2010-06-18,51.768
2010-06-19,29.317
2010-06-20,45.367
2010-06-21,30.245
2010-06-22,28.760
2010-06-23,34.883
2010-06-24,30.894
2010-06-25,28.946
2010-06-26,36.275
2010-06-27,35.718
2010-06-28,37.481
2010-06-29,42.491
2010-06-30,38.502
2010-07-01,37.759
2010-07-02,58.077
2010-07-03,41.656
2010-07-04,58.355
2010-07-05,55.943
2010-07-06,81.364
2010-07-07,67.819
2010-07-08,61.788
2010-07-09,57.892
2010-07-10,56.036
2010-07-11,68.932
2010-07-12,66.334
2010-07-13,74.962
2010-07-14,62.623
2010-07-15,65.592
2010-07-16,85.631
2010-07-17,77.096
2010-07-18,92.033
2010-07-19,76.447
2010-07-20,147.048
2010-07-21,186.385
2010-07-22,104.094
2010-07-23,108.176
2010-07-24,80.436
2010-07-25,90.456
2010-07-26,87.765
2010-07-27,106.042
2010-07-28,68.004
2010-07-29,208.002
2010-07-30,92.589
2010-07-31,151.965
2010-08-01,77.374
2010-08-02,71.066
2010-08-03,88.600
2010-08-04,111.608
2010-08-05,99.269
2010-08-06,97.599
2010-08-07,88.229
2010-08-08,76.447
2010-08-09,60.582
2010-08-10,115.969
2010-08-11,69.767
2010-08-12,68.561
2010-08-13,84.332
2010-08-14,76.910
2010-08-15,87.487
2010-08-16,109.567
2010-08-17,129.050
2010-08-18,122.927
2010-08-19,155.398
2010-08-20,178.128
2010-08-21,126.731
2010-08-22,129.885
2010-08-23,157.346
2010-08-24,150.296
2010-08-25,123.112
2010-08-26,121.628
2010-08-27,165.603
2010-08-28,156.790
2010-08-29,123.205
2010-08-30,137.307
2010-08-31,118.195
2010-09-01,106.042
2010-09-02,113.186
2010-09-03,100.383
2010-09-04,102.609
2010-09-05,86.652
2010-09-06,82.291
2010-09-07,170.892
2010-09-08,90.363
2010-09-09,86.002
2010-09-10,73.199
2010-09-11,109.567
2010-09-12,108.547
2010-09-13,80.807
2010-09-14,91.754
2010-09-15,91.291
2010-09-16,84.611
2010-09-17,93.239
2010-09-18,105.114
2010-09-19,102.516
2010-09-20,88.043
2010-09-21,91.662
2010-09-22,90.641
2010-09-23,80.807
2010-09-24,62.252
2010-09-25,60.582
2010-09-26,50.841
2010-09-27,51.397
2010-09-28,41.934
2010-09-29,37.388
2010-09-30,40.450
2010-10-01,34.234
2010-10-02,32.100
2010-10-03,26.070
2010-10-04,27.461
2010-10-05,27.369
2010-10-06,26.163
2010-10-07,25.606
2010-10-08,24.585
2010-10-09,23.936
2010-10-10,24.585
2010-10-11,24.493
2010-10-12,24.400
2010-10-13,21.524
2010-10-14,20.132
2010-10-15,20.132
2010-10-16,20.874
2010-10-17,22.823
2010-10-18,24.493
2010-10-19,23.750
2010-10-20,23.008
2010-10-21,23.008
2010-10-22,24.214
2010-10-23,21.431
2010-10-24,20.596
2010-10-25,20.039
2010-10-26,19.483
2010-10-27,19.204
2010-10-28,18.555
2010-10-29,18.369
2010-10-30,18.369
2010-10-31,17.998
2010-11-01,18.901
2010-11-02,18.308
2010-11-03,17.417
2010-11-04,16.823
2010-11-05,16.328
2010-11-06,15.438
2010-11-07,15.933
2010-11-08,15.438
2010-11-09,14.943
2010-11-10,14.646
2010-11-11,14.052
2010-11-12,14.151
2010-11-13,14.745
2010-11-14,13.854
2010-11-15,13.162
2010-11-16,13.162
2010-11-17,14.745
2010-11-18,14.745
2010-11-19,14.646
2010-11-20,15.042
2010-11-21,15.042
2010-11-22,15.240
2010-11-23,13.656
2010-11-24,13.459
2010-11-25,13.162
2010-11-26,13.162
2010-11-27,13.162
2010-11-28,12.865
2010-11-29,12.370
2010-11-30,11.776
2010-12-01,15.215
2010-12-02,14.597
2010-12-03,14.349
2010-12-04,14.102
2010-12-05,14.102
2010-12-06,13.731
2010-12-07,13.731
2010-12-08,13.483
2010-12-09,13.483
2010-12-10,13.236
2010-12-11,13.236
2010-12-12,12.865
2010-12-13,12.741
2010-12-14,12.494
2010-12-15,12.271
2010-12-16,11.925
2010-12-17,11.665
2010-12-18,11.405
2010-12-19,10.811
2010-12-20,10.663
2010-12-21,10.589
2010-12-22,10.218
2010-12-23,10.218
2010-12-24,9.995
2010-12-25,9.995
2010-12-26,9.772
2010-12-27,9.550
2010-12-28,9.327
2010-12-29,9.327
2010-12-30,9.104
2010-12-31,9.179
2011-01-01,8.956
2011-01-02,9.327
2011-01-03,9.104
2011-01-04,9.104
2011-01-05,9.104
2011-01-06,8.807
2011-01-07,8.956
2011-01-08,8.807
2011-01-09,8.585
2011-01-10,8.523
2011-01-11,8.523
2011-01-12,8.523
2011-01-13,8.523
2011-01-14,8.523
2011-01-15,8.449
2011-01-16,8.449
2011-01-17,8.449
2011-01-18,8.523
2011-01-19,8.523
2011-01-20,8.449
2011-01-21,8.449
2011-01-22,8.313
2011-01-23,8.238
2011-01-24,8.028
2011-01-25,8.028
2011-01-26,7.818
2011-01-27,7.397
2011-01-28,7.471
2011-01-29,7.261
2011-01-30,7.261
2011-01-31,7.187
2011-02-01,7.051
2011-02-02,7.051
2011-02-03,6.977
2011-02-04,6.902
2011-02-05,6.766
2011-02-06,6.766
2011-02-07,6.766
2011-02-08,6.568
2011-02-09,6.766
2011-02-10,6.766
2011-02-11,6.148
2011-02-12,6.568
2011-02-13,6.470
2011-02-14,6.568
2011-02-15,6.445
2011-02-16,6.729
2011-02-17,10.91
2011-02-18,7.608
2011-02-19,7.397
2011-02-20,6.977
2011-02-21,6.841
2011-02-22,6.766
2011-02-23,6.643
2011-02-24,6.568
2011-02-25,6.395
2011-02-26,6.445
2011-02-27,6.185
2011-02-28,6.074
2011-03-01,6.074
2011-03-02,6.074
2011-03-03,6.074
2011-03-04,6.074
2011-03-05,6.074
2011-03-06,5.802
2011-03-07,5.752
2011-03-08,5.913
2011-03-09,5.913
2011-03-10,5.913
2011-03-11,5.591
2011-03-12,5.480
2011-03-13,5.430
2011-03-14,5.542
2011-03-15,5.430
2011-03-16,5.270
2011-03-17,5.319
2011-03-18,5.381
2011-03-19,5.381
2011-03-20,5.430
2011-03-21,5.319
2011-03-22,5.319
2011-03-23,5.270
2011-03-24,5.158
2011-03-25,5.109
2011-03-26,5.319
2011-03-27,5.109
2011-03-28,6.024
2011-03-29,6.123
2011-03-30,6.074
2011-03-31,7.744
2011-04-01,8.449
2011-04-02,8.758
2011-04-03,7.608
2011-04-04,7.818
2011-04-05,7.892
2011-04-06,6.890
2011-04-07,6.123
2011-04-08,5.913
2011-04-09,5.962
2011-04-10,7.039
2011-04-11,7.608
2011-04-12,6.445
2011-04-13,8.461
2011-04-14,7.397
2011-04-15,7.892
2011-04-16,8.671
2011-04-17,7.892
2011-04-18,8.399
2011-04-19,12.865
2011-04-20,11.170
2011-04-21,8.956
2011-04-22,7.892
2011-04-23,7.051
2011-04-24,6.630
2011-04-25,7.471
2011-04-26,8.399
2011-04-27,7.471
2011-04-28,7.954
2011-04-29,7.236
2011-04-30,13.854
2011-05-01,10.193
2011-05-02,10.193
2011-05-03,8.847
2011-05-04,11.182
2011-05-05,9.144
2011-05-06,8.501
2011-05-07,9.896
2011-05-08,9.470
2011-05-09,9.540
2011-05-10,9.886
2011-05-11,10.589
2011-05-12,9.005
2011-05-13,8.708
2011-05-14,10.490
2011-05-15,9.352
2011-05-16,9.827
2011-05-17,11.084
2011-05-18,17.219
2011-05-19,14.646
2011-05-20,13.459
2011-05-21,19.000
2011-05-22,20.782
2011-05-23,20.386
2011-05-24,24.740
2011-05-25,15.438
2011-05-26,14.151
2011-05-27,13.459
2011-05-28,17.615
2011-05-29,15.141
2011-05-30,18.011
2011-05-31,20.980
2011-06-01,14.937
2011-06-02,14.287
2011-06-03,15.865
2011-06-04,16.607
2011-06-05,16.978
2011-06-06,15.493
2011-06-07,16.700
2011-06-08,21.895
2011-06-09,18.184
2011-06-10,16.143
2011-06-11,14.844
2011-06-12,16.143
2011-06-13,16.328
2011-06-14,16.143
2011-06-15,18.648
2011-06-16,18.926
2011-06-17,22.915
2011-06-18,35.626
2011-06-19,39.151
2011-06-20,29.039
2011-06-21,26.626
2011-06-22,25.328
2011-06-23,25.884
2011-06-24,57.613
2011-06-25,37.203
2011-06-26,30.801
2011-06-27,42.213
2011-06-28,42.584
2011-06-29,45.089
2011-06-30,64.571
2011-07-01,51.305
2011-07-02,52.511
2011-07-03,51.490
2011-07-04,63.180
2011-07-05,56.964
2011-07-06,64.293
2011-07-07,55.294
2011-07-08,51.676
2011-07-09,56.964
2011-07-10,71.344
2011-07-11,65.963
2011-07-12,93.888
2011-07-13,91.476
2011-07-14,99.640
2011-07-15,136.66
2011-07-16,94.259
2011-07-17,79.694
2011-07-18,67.169
2011-07-19,91.198
2011-07-20,137.96
2011-07-21,81.085
2011-07-22,84.611
2011-07-23,93.332
2011-07-24,85.260
2011-07-25,69.488
2011-07-26,91.476
2011-07-27,75.148
2011-07-28,65.221
2011-07-29,107.43
2011-07-30,109.20
2011-07-31,93.796
2011-08-01,77.374
2011-08-02,96.208
2011-08-03,95.651
2011-08-04,98.805
2011-08-05,81.364
2011-08-06,131.184
2011-08-07,200.301
2011-08-08,84.332
2011-08-09,78.952
2011-08-10,82.570
2011-08-11,69.210
2011-08-12,67.819
2011-08-13,65.128
2011-08-14,72.643
2011-08-15,108.640
2011-08-16,77.560
2011-08-17,96.486
2011-08-18,83.961
2011-08-19,93.517
2011-08-20,78.488
2011-08-21,85.631
2011-08-22,84.518
2011-08-23,64.015
2011-08-24,75.983
2011-08-25,78.952
2011-08-26,61.695
2011-08-27,56.778
2011-08-28,45.181
2011-08-29,46.295
2011-08-30,38.223
2011-08-31,46.202
2011-09-01,57.892
2011-09-02,39.058
2011-09-03,37.388
2011-09-04,33.121
2011-09-05,29.688
2011-09-06,30.152
2011-09-07,38.966
2011-09-08,40.635
2011-09-09,37.017
2011-09-10,40.914
2011-09-11,46.109
2011-09-12,68.190
2011-09-13,49.635
2011-09-14,40.264
2011-09-15,56.314
2011-09-16,49.078
2011-09-17,44.810
2011-09-18,42.584
2011-09-19,52.140
2011-09-20,41.007
2011-09-21,39.615
2011-09-22,47.965
2011-09-23,36.553
2011-09-24,42.769
2011-09-25,56.686
2011-09-26,44.254
2011-09-27,44.254
2011-09-28,41.656
2011-09-29,37.667
2011-09-30,31.358
2011-10-01,29.410
2011-10-02,28.018
2011-10-03,26.070
2011-10-04,24.678
2011-10-05,23.658
2011-10-06,22.266
2011-10-07,21.524
2011-10-08,21.988
2011-10-09,21.060
2011-10-10,20.132
2011-10-11,19.019
2011-10-12,18.462
2011-10-13,17.906
2011-10-14,17.627
2011-10-15,17.906
2011-10-16,18.555
2011-10-17,17.534
2011-10-18,16.978
2011-10-19,16.700
2011-10-20,16.328
2011-10-21,16.700
2011-10-22,16.885
2011-10-23,16.050
2011-10-24,15.957
2011-10-25,15.586
2011-10-26,15.215
2011-10-27,15.772
2011-10-28,15.122
2011-10-29,14.937
2011-10-30,14.658
2011-10-31,14.473
2011-11-01,15.834
2011-11-02,16.032
2011-11-03,16.032
2011-11-04,15.537
2011-11-05,15.240
2011-11-06,15.042
2011-11-07,15.240
2011-11-08,15.141
2011-11-09,14.646
2011-11-10,14.547
2011-11-11,14.448
2011-11-12,14.151
2011-11-13,14.151
2011-11-14,14.448
2011-11-15,14.547
2011-11-16,14.547
2011-11-17,14.349
2011-11-18,14.052
2011-11-19,13.854
2011-11-20,13.558
2011-11-21,13.360
2011-11-22,13.360
2011-11-23,13.063
2011-11-24,13.063
2011-11-25,12.766
2011-11-26,12.667
2011-11-27,12.568
2011-11-28,12.568
2011-11-29,12.766
2011-11-30,12.766
2011-12-01,14.968
2011-12-02,14.968
2011-12-03,14.968
2011-12-04,15.215
2011-12-05,14.968
2011-12-06,14.844
2011-12-07,14.597
2011-12-08,14.597
2011-12-09,14.349
2011-12-10,13.854
2011-12-11,13.731
2011-12-12,13.731
2011-12-13,13.731
2011-12-14,13.360
2011-12-15,13.360
2011-12-16,13.236
2011-12-17,13.112
2011-12-18,12.741
2011-12-19,12.494
2011-12-20,12.184
2011-12-21,12.184
2011-12-22,11.888
2011-12-23,11.690
2011-12-24,11.294
2011-12-25,11.294
2011-12-26,10.997
2011-12-27,10.737
2011-12-28,10.465
2011-12-29,10.205
2011-12-30,9.933
2011-12-31,9.673
2012-01-01,9.414
2012-01-02,9.760
2012-01-03,10.74
2012-01-04,10.29
2012-01-05,9.933
2012-01-06,9.673
2012-01-07,9.673
2012-01-08,9.760
2012-01-09,9.414
2012-01-10,9.414
2012-01-11,9.414
2012-01-12,9.414
2012-01-13,9.141
2012-01-14,8.882
2012-01-15,8.795
2012-01-16,8.795
2012-01-17,8.882
2012-01-18,8.882
2012-01-19,8.795
2012-01-20,8.610
2012-01-21,8.610
2012-01-22,8.350
2012-01-23,8.127
2012-01-24,8.350
2012-01-25,8.276
2012-01-26,8.127
2012-01-27,8.350
2012-01-28,8.127
2012-01-29,8.127
2012-01-30,7.892
2012-01-31,8.127
2012-02-01,7.892
2012-02-02,7.669
2012-02-03,7.669
2012-02-04,7.669
2012-02-05,7.669
2012-02-06,7.521
2012-02-07,7.434
2012-02-08,7.434
2012-02-09,10.29
2012-02-10,8.127
2012-02-11,7.521
2012-02-12,7.286
2012-02-13,7.212
2012-02-14,7.212
2012-02-15,7.212
2012-02-16,7.063
2012-02-17,7.286
2012-02-18,7.212
2012-02-19,7.137
2012-02-20,7.137
2012-02-21,6.989
2012-02-22,7.063
2012-02-23,6.989
2012-02-24,6.989
2012-02-25,6.989
2012-02-26,7.063
2012-02-27,6.989
2012-02-28,6.902
2012-02-29,6.828
2012-03-01,7.212
2012-03-02,6.754
2012-03-03,6.606
2012-03-04,6.606
2012-03-05,6.531
2012-03-06,6.606
2012-03-07,6.680
2012-03-08,6.383
2012-03-09,6.296
2012-03-10,6.296
2012-03-11,6.012
2012-03-12,6.086
2012-03-13,5.950
2012-03-14,6.296
2012-03-15,5.888
2012-03-16,6.309
2012-03-17,6.383
2012-03-18,6.074
2012-03-19,6.148
2012-03-20,6.531
2012-03-21,7.212
2012-03-22,7.212
2012-03-23,7.212
2012-03-24,8.003
2012-03-25,8.251
2012-03-26,7.744
2012-03-27,7.595
2012-03-28,7.434
2012-03-29,8.350
2012-03-30,8.560
2012-03-31,8.041
2012-04-01,7.434
2012-04-02,6.902
2012-04-03,7.063
2012-04-04,14.226
2012-04-05,9.587
2012-04-06,12.989
2012-04-07,14.720
2012-04-08,11.987
2012-04-09,11.294
2012-04-10,13.854
2012-04-11,14.473
2012-04-12,11.888
2012-04-13,14.844
2012-04-14,16.205
2012-04-15,16.081
2012-04-16,15.339
2012-04-17,12.494
2012-04-18,11.690
2012-04-19,12.741
2012-04-20,12.617
2012-04-21,15.091
2012-04-22,22.390
2012-04-23,16.328
2012-04-24,12.989
2012-04-25,11.888
2012-04-26,11.220
2012-04-27,15.710
2012-04-28,18.308
2012-04-29,15.586
2012-04-30,12.494
2012-05-01,8.877
2012-05-02,8.303
2012-05-03,7.946
2012-05-04,11.084
2012-05-05,10.985
2012-05-06,10.490
2012-05-07,10.193
2012-05-08,9.282
2012-05-09,9.520
2012-05-10,18.802
2012-05-11,12.964
2012-05-12,12.172
2012-05-13,17.219
2012-05-14,16.427
2012-05-15,21.276
2012-05-16,14.151
2012-05-17,13.953
2012-05-18,12.568
2012-05-19,14.943
2012-05-20,14.349
2012-05-21,15.933
2012-05-22,19.396
2012-05-23,21.078
2012-05-24,17.912
2012-05-25,20.188
2012-05-26,21.870
2012-05-27,28.698
2012-05-28,28.599
2012-05-29,29.688
2012-05-30,29.688
2012-05-31,56.902
2012-06-01,26.070
2012-06-02,28.018
2012-06-03,22.452
2012-06-04,36.461
2012-06-05,20.967
2012-06-06,23.008
2012-06-07,25.513
2012-06-08,23.750
2012-06-09,26.163
2012-06-10,30.709
2012-06-11,25.420
2012-06-12,26.255
2012-06-13,26.163
2012-06-14,32.286
2012-06-15,46.388
2012-06-16,42.120
2012-06-17,84.518
2012-06-18,41.470
2012-06-19,32.100
2012-06-20,53.067
2012-06-21,48.336
2012-06-22,49.171
2012-06-23,56.500
2012-06-24,65.406
2012-06-25,80.343
2012-06-26,111.05
2012-06-27,118.10
2012-06-28,66.056
2012-06-29,62.809
2012-06-30,57.799
2012-07-01,62.438
2012-07-02,48.057
2012-07-03,73.292
2012-07-04,65.406
2012-07-05,46.480
2012-07-06,49.449
2012-07-07,40.357
2012-07-08,46.016
2012-07-09,35.811
2012-07-10,50.284
2012-07-11,56.314
2012-07-12,142.595
2012-07-13,83.034
2012-07-14,79.230
2012-07-15,134.060
2012-07-16,124.226
2012-07-17,93.888
2012-07-18,97.507
2012-07-19,215.609
2012-07-20,88.600
2012-07-21,73.014
2012-07-22,94.074
2012-07-23,83.961
2012-07-24,94.074
2012-07-25,188.983
2012-07-26,88.415
2012-07-27,100.846
2012-07-28,83.869
2012-07-29,98.342
2012-07-30,85.446
2012-07-31,73.478
2012-08-01,69.117
2012-08-02,75.704
2012-08-03,173.953
2012-08-04,84.240
2012-08-05,72.457
2012-08-06,106.970
2012-08-07,74.684
2012-08-08,77.096
2012-08-09,79.044
2012-08-10,62.623
2012-08-11,66.056
2012-08-12,64.015
2012-08-13,64.664
2012-08-14,49.449
2012-08-15,56.500
2012-08-16,58.077
2012-08-17,74.034
2012-08-18,82.663
2012-08-19,77.560
2012-08-20,84.982
2012-08-21,73.663
2012-08-22,77.653
2012-08-23,90.456
2012-08-24,70.602
2012-08-25,69.860
2012-08-26,75.519
2012-08-27,72.643
2012-08-28,103.722
2012-08-29,87.301
2012-08-30,85.724
2012-08-31,73.014
2012-09-01,106.78
2012-09-02,144.92
2012-09-03,75.797
2012-09-04,72.179
2012-09-05,67.169
2012-09-06,61.324
2012-09-07,54.830
2012-09-08,45.274
2012-09-09,45.089
2012-09-10,42.677
2012-09-11,52.140
2012-09-12,72.272
2012-09-13,84.332
2012-09-14,123.76
2012-09-15,79.694
2012-09-16,75.612
2012-09-17,91.476
2012-09-18,73.199
2012-09-19,58.727
2012-09-20,60.118
2012-09-21,58.355
2012-09-22,47.872
2012-09-23,53.995
2012-09-24,44.903
2012-09-25,36.461
2012-09-26,32.471
2012-09-27,30.059
2012-09-28,29.039
2012-09-29,34.512
2012-09-30,47.686
2012-10-01,58.912
2012-10-02,46.480
2012-10-03,46.016
2012-10-04,50.470
2012-10-05,30.801
2012-10-06,28.296
2012-10-07,25.699
2012-10-08,23.565
2012-10-09,22.173
2012-10-10,21.802
2012-10-11,19.854
2012-10-12,19.112
2012-10-13,17.720
2012-10-14,18.277
2012-10-15,17.998
2012-10-16,17.442
2012-10-17,17.071
2012-10-18,16.792
2012-10-19,16.792
2012-10-20,16.236
2012-10-21,15.772
2012-10-22,15.215
2012-10-23,14.937
2012-10-24,14.751
2012-10-25,14.844
2012-10-26,14.751
2012-10-27,14.380
2012-10-28,14.287
2012-10-29,13.916
2012-10-30,13.638
2012-10-31,13.174
2012-11-01,14.052
2012-11-02,13.755
2012-11-03,13.755
2012-11-04,13.459
2012-11-05,13.459
2012-11-06,12.964
2012-11-07,12.766
2012-11-08,12.766
2012-11-09,12.766
2012-11-10,12.766
2012-11-11,12.469
2012-11-12,12.271
2012-11-13,12.469
2012-11-14,11.974
2012-11-15,11.974
2012-11-16,11.875
2012-11-17,11.875
2012-11-18,11.677
2012-11-19,11.380
2012-11-20,11.182
2012-11-21,10.985
2012-11-22,10.589
2012-11-23,10.490
2012-11-24,10.490
2012-11-25,10.193
2012-11-26,9.896
2012-11-27,9.896
2012-11-28,9.896
2012-11-29,9.411
2012-11-30,9.243
2012-12-01,11.455
2012-12-02,11.145
2012-12-03,11.145
2012-12-04,11.145
2012-12-05,10.848
2012-12-06,10.848
2012-12-07,10.848
2012-12-08,10.230
2012-12-09,10.230
2012-12-10,10.230
2012-12-11,10.230
2012-12-12,10.230
2012-12-13,9.921
2012-12-14,9.921
2012-12-15,9.921
2012-12-16,9.624
2012-12-17,9.315
2012-12-18,9.315
2012-12-19,9.055
2012-12-20,9.055
2012-12-21,8.795
2012-12-22,8.795
2012-12-23,8.610
2012-12-24,8.523
2012-12-25,8.263
2012-12-26,8.263
2012-12-27,8.003
2012-12-28,8.003
2012-12-29,7.744
2012-12-30,7.744
2012-12-31,7.744
2013-01-01,7.744
2013-01-02,7.744
2013-01-03,7.484
2013-01-04,7.298
2013-01-05,7.039
2013-01-06,7.039
2013-01-07,7.125
2013-01-08,6.952
2013-01-09,6.779
2013-01-10,6.779
2013-01-11,6.544
2013-01-12,6.705
2013-01-13,6.705
2013-01-14,6.544
2013-01-15,6.470
2013-01-16,6.470
2013-01-17,6.333
2013-01-18,6.259
2013-01-19,6.420
2013-01-20,6.705
2013-01-21,6.470
2013-01-22,6.259
2013-01-23,6.111
2013-01-24,6.111
2013-01-25,5.826
2013-01-26,5.826
2013-01-27,5.678
2013-01-28,5.529
2013-01-29,5.455
2013-01-30,5.381
2013-01-31,5.245
2013-02-01,5.245
2013-02-02,5.245
2013-02-03,5.455
2013-02-04,5.245
2013-02-05,5.245
2013-02-06,5.245
2013-02-07,5.171
2013-02-08,5.245
2013-02-09,5.022
2013-02-10,4.342
2013-02-11,4.515
2013-02-12,4.589
2013-02-13,4.453
2013-02-14,4.342
2013-02-15,4.404
2013-02-16,4.527
2013-02-17,8.473
2013-02-18,7.212
2013-02-19,6.259
2013-02-20,5.319
2013-02-21,5.455
2013-02-22,5.381
2013-02-23,4.874
2013-02-24,5.171
2013-02-25,5.245
2013-02-26,5.022
2013-02-27,5.245
2013-02-28,5.022
2013-03-01,4.280
2013-03-02,4.738
2013-03-03,4.738
2013-03-04,4.515
2013-03-05,4.404
2013-03-06,4.404
2013-03-07,4.948
2013-03-08,6.111
2013-03-09,5.529
2013-03-10,4.948
2013-03-11,6.618
2013-03-12,6.185
2013-03-13,5.529
2013-03-14,5.888
2013-03-15,6.457
2013-03-16,5.913
2013-03-17,5.604
2013-03-18,5.171
2013-03-19,4.800
2013-03-20,4.540
2013-03-21,4.874
2013-03-22,9.104
2013-03-23,5.752
2013-03-24,5.381
2013-03-25,5.319
2013-03-26,5.529
2013-03-27,5.022
2013-03-28,4.948
2013-03-29,5.096
2013-03-30,5.245
2013-03-31,5.022
2013-04-01,4.663
2013-04-02,4.589
2013-04-03,4.602
2013-04-04,5.678
2013-04-05,4.948
2013-04-06,4.515
2013-04-07,4.404
2013-04-08,4.527
2013-04-09,4.874
2013-04-10,5.604
2013-04-11,6.841
2013-04-12,6.185
2013-04-13,5.529
2013-04-14,6.173
2013-04-15,5.826
2013-04-16,10.947
2013-04-17,8.350
2013-04-18,7.484
2013-04-19,8.708
2013-04-20,8.436
2013-04-21,9.723
2013-04-22,10.341
2013-04-23,11.962
2013-04-24,10.131
2013-04-25,8.981
2013-04-26,8.263
2013-04-27,10.923
2013-04-28,11.244
2013-04-29,10.440
2013-04-30,12.358
2013-05-01,16.229
2013-05-02,18.110
2013-05-03,16.625
2013-05-04,12.766
2013-05-05,8.679
2013-05-06,13.261
2013-05-07,11.776
2013-05-08,11.084
2013-05-09,11.578
2013-05-10,11.677
2013-05-11,16.032
2013-05-12,13.063
2013-05-13,12.073
2013-05-14,14.349
2013-05-15,11.084
2013-05-16,10.886
2013-05-17,10.391
2013-05-18,12.568
2013-05-19,9.896
2013-05-20,10.688
2013-05-21,11.875
2013-05-22,15.141
2013-05-23,19.099
2013-05-24,24.344
2013-05-25,18.506
2013-05-26,26.026
2013-05-27,63.235
2013-05-28,27.412
2013-05-29,24.443
2013-05-30,42.355
2013-05-31,57.694
2013-06-01,31.915
2013-06-02,25.699
2013-06-03,21.245
2013-06-04,22.452
2013-06-05,65.592
2013-06-06,69.303
2013-06-07,29.502
2013-06-08,26.626
2013-06-09,29.781
2013-06-10,28.853
2013-06-11,25.791
2013-06-12,23.843
2013-06-13,23.750
2013-06-14,21.988
2013-06-15,20.503
2013-06-16,24.307
2013-06-17,20.874
2013-06-18,19.668
2013-06-19,20.874
2013-06-20,23.565
2013-06-21,57.057
2013-06-22,49.913
2013-06-23,48.614
2013-06-24,83.312
2013-06-25,96.300
2013-06-26,52.975
2013-06-27,59.747
2013-06-28,64.108
2013-06-29,117.92
2013-06-30,56.036
2013-07-01,54.459
2013-07-02,47.501
2013-07-03,61.603
2013-07-04,64.293
2013-07-05,79.879
2013-07-06,86.837
2013-07-07,90.548
2013-07-08,89.806
2013-07-09,140.369
2013-07-10,203.548
2013-07-11,173.582
2013-07-12,100.568
2013-07-13,101.403
2013-07-14,87.023
2013-07-15,91.662
2013-07-16,106.506
2013-07-17,153.635
2013-07-18,105.021
2013-07-19,104.929
2013-07-20,102.238
2013-07-21,93.981
2013-07-22,192.508
2013-07-23,117.175
2013-07-24,108.176
2013-07-25,146.677
2013-07-26,92.033
2013-07-27,86.002
2013-07-28,89.528
2013-07-29,73.478
2013-07-30,69.210
2013-07-31,72.179
2013-08-01,79.787
2013-08-02,68.097
2013-08-03,60.768
2013-08-04,66.241
2013-08-05,69.860
2013-08-06,53.346
2013-08-07,58.077
2013-08-08,56.222
2013-08-09,90.456
2013-08-10,99.084
2013-08-11,104.372
2013-08-12,81.085
2013-08-13,73.478
2013-08-14,70.602
2013-08-15,65.870
2013-08-16,75.519
2013-08-17,64.200
2013-08-18,77.374
2013-08-19,69.952
2013-08-20,85.167
2013-08-21,77.374
2013-08-22,63.829
2013-08-23,51.026
2013-08-24,58.541
2013-08-25,66.241
2013-08-26,86.374
2013-08-27,116.062
2013-08-28,85.539
2013-08-29,79.230
2013-08-30,73.478
2013-08-31,60.025
2013-09-01,65.314
2013-09-02,96.115
2013-09-03,79.694
2013-09-04,71.993
2013-09-05,97.228
2013-09-06,70.138
2013-09-07,168.572
2013-09-08,149.368
2013-09-09,205.033
2013-09-10,144.451
2013-09-11,126.452
2013-09-12,120.979
2013-09-13,108.176
2013-09-14,95.837
2013-09-15,93.888
2013-09-16,107.897
2013-09-17,92.218
2013-09-18,93.703
2013-09-19,92.218
2013-09-20,81.642
2013-09-21,80.343
2013-09-22,86.466
2013-09-23,75.983
2013-09-24,82.570
2013-09-25,95.837
2013-09-26,108.361
2013-09-27,73.849
2013-09-28,71.530
2013-09-29,68.375
2013-09-30,64.293
2013-10-01,67.540
2013-10-02,60.025
2013-10-03,56.222
2013-10-04,54.181
2013-10-05,53.995
2013-10-06,62.252
2013-10-07,58.170
2013-10-08,46.480
2013-10-09,41.749
2013-10-10,38.873
2013-10-11,36.089
2013-10-12,34.234
2013-10-13,32.750
2013-10-14,53.253
2013-10-15,268.31
2013-10-16,90.734
2013-10-17,76.168
2013-10-18,59.283
2013-10-19,66.149
2013-10-20,52.511
2013-10-21,43.326
2013-10-22,39.893
2013-10-23,37.017
2013-10-24,34.698
2013-10-25,32.842
2013-10-26,30.801
2013-10-27,33.956
2013-10-28,48.521
2013-10-29,41.378
2013-10-30,33.399
2013-10-31,29.688
2013-11-01,30.381
2013-11-02,29.886
2013-11-03,29.193
2013-11-04,27.808
2013-11-05,25.928
2013-11-06,25.829
2013-11-07,24.839
2013-11-08,24.344
2013-11-09,24.047
2013-11-10,23.651
2013-11-11,23.552
2013-11-12,22.860
2013-11-13,22.563
2013-11-14,21.771
2013-11-15,20.782
2013-11-16,20.584
2013-11-17,20.188
2013-11-18,19.792
2013-11-19,19.396
2013-11-20,19.198
2013-11-21,18.703
2013-11-22,18.110
2013-11-23,17.615
2013-11-24,17.615
2013-11-25,17.615
2013-11-26,17.120
2013-11-27,16.526
2013-11-28,16.229
2013-11-29,16.229
2013-11-30,15.933
2013-12-01,19.916
2013-12-02,19.916
2013-12-03,19.545
2013-12-04,19.174
2013-12-05,19.174
2013-12-06,18.802
2013-12-07,18.802
2013-12-08,18.431
2013-12-09,18.308
2013-12-10,17.937
2013-12-11,17.689
2013-12-12,17.689
2013-12-13,17.689
2013-12-14,17.194
2013-12-15,16.823
2013-12-16,16.700
2013-12-17,16.576
2013-12-18,16.328
2013-12-19,15.957
2013-12-20,15.957
2013-12-21,15.710
2013-12-22,15.710
2013-12-23,15.339
2013-12-24,15.215
2013-12-25,14.597
2013-12-26,14.597
2013-12-27,14.349
2013-12-28,14.349
2013-12-29,13.978
2013-12-30,13.978
2013-12-31,13.731
